Company_Name,Rating,Review_Count,Industry,Headquarters
TCS,3.3,1.2L,IT Services & Consulting,Bengaluru
Accenture,3.7,76.2k,IT Services & Consulting,Bengaluru
Wipro,3.6,67.1k,IT Services & Consulting,Hyderabad
Cognizant,3.7,63.4k,IT Services & Consulting,Hyderabad
Capgemini,3.6,55.6k,IT Services & Consulting,Bengaluru
HDFC Bank,3.8,54.7k,Banking,Mumbai
Infosys,3.5,50.5k,IT Services & Consulting,Bengaluru
HCLTech,3.4,48.3k,IT Services & Consulting,Bengaluru
ICICI Bank,4.0,47.2k,Banking,Mumbai
Tech Mahindra,3.3,44.8k,IT Services & Consulting,Hyderabad
Genpact,3.6,44k,Analytics & KPO,Hyderabad
TP,3.9,40.2k,BPO,Mumbai
Axis Bank,3.6,34.6k,Banking,Mumbai
Jio,4.4,34.3k,Telecom,Mumbai
Concentrix Corporation,3.5,33.3k,BPO,Bengaluru
Amazon,3.9,32.8k,Internet,Bengaluru
Reliance Retail,3.9,28.1k,Retail,Mumbai
iEnergizer,4.5,27.9k,BPO,Noida
LTM Limited,3.6,27.4k,IT Services & Consulting,Bengaluru
HDB Financial Services,3.9,26.6k,NBFC,Mumbai
IBM,3.9,26.6k,IT Services & Consulting,Bengaluru
Larsen & Toubro Limited,3.9,24.8k,Engineering & Construction,Mumbai
Deloitte,3.6,24.4k,Management Consulting,Hyderabad
Kotak Mahindra Bank,3.6,23.3k,Banking,Mumbai
Reliance Industries,4.0,20.9k,Oil & Gas,Jamnagar
Vodafone Idea,3.9,18k,Telecom,Pune
Bharti Airtel,3.8,17.6k,Telecom,Gurugram
BYJU'S,3.2,16.4k,EdTech,Bengaluru
WNS,3.3,15.8k,IT Services & Consulting,Pune
IDFC FIRST Bank,4.0,15.7k,Banking,Mumbai
Ernst & Young,3.4,15.3k,Management Consulting,Bengaluru
IndusInd Bank,3.4,14.8k,Banking,Mumbai
AU Small Finance Bank,3.8,14.7k,Banking,Jaipur
Tata Motors,4.1,14.6k,Automobile,Pune
Bajaj Finserv,3.9,13.8k,NBFC,Pune
Flipkart,3.9,13.5k,Internet,Bengaluru
Muthoot FinCorp,4.5,13.5k,NBFC,Bengaluru
PwC,3.3,13.3k,Management Consulting,Bengaluru
Mahindra & Mahindra,4.0,12.6k,Automobile,Pune
HDFC Life,3.8,12.6k,Insurance,Mumbai
Infosys BPM,3.5,12.5k,BPO,Bengaluru
DXC Technology,3.6,12.3k,IT Services & Consulting,Bengaluru
Bandhan Bank,3.7,11.8k,Banking,Kolkata
Digitide Solutions,3.4,10.7k,IT Services & Consulting,Hyderabad
Yes Bank,3.7,10.6k,Banking,Mumbai
Mphasis,3.3,10.6k,IT Services & Consulting,Bengaluru
Tata Steel,4.0,10.3k,Iron & Steel,Jamshedpur
Quess,3.8,10.1k,Recruitment,Bengaluru
Asian Paints,3.9,10k,Chemicals,Mumbai
UltraTech Cement,4.1,9.9k,Building Material,Mumbai
Maruti Suzuki,4.1,9.9k,Automobile,Gurugram
Startek,3.0,9.9k,BPO,Bengaluru
Bajaj Finance,3.9,9.7k,NBFC,Pune
Paytm,3.2,9.7k,FinTech,Noida
Shriram Finance,3.9,9.5k,NBFC,Chennai
Sutherland Global Services,3.3,9.4k,BPO,Chennai
Equitas Small Finance Bank,4.3,9.2k,Banking,Chennai
Coforge,3.3,9.2k,IT Services & Consulting,Hyderabad
Wells Fargo,3.6,9.1k,Financial Services,Bengaluru
Cipla,4.1,8.9k,Pharma,Mumbai
EXL Service,3.6,8.9k,Analytics & KPO,Noida
Ericsson,3.9,8.6k,Telecom,Noida
Samsung,3.9,8.5k,Consumer Electronics & Appliances,Noida
Dr. Reddy's,4.0,8.5k,Pharma,Hyderabad
JSW Steel,3.9,8.3k,Iron & Steel,Ballari
Optum Global Solutions,4.0,8.3k,IT Services & Consulting,Hyderabad
Delhivery,3.8,8.2k,Logistics,Gurugram
JPMorgan Chase & Co.,3.8,8.1k,Financial Services,Bengaluru
ICICI Prudential Life Insurance,3.9,8k,Insurance,Mumbai
Hexaware Technologies,3.4,8k,IT Services & Consulting,Chennai
Ujjivan Small Finance Bank,4.0,8k,Banking,Bengaluru
Jana Small Finance Bank,3.7,7.9k,Banking,Bengaluru
Sun Pharmaceutical Industries,4.0,7.9k,Pharma,Vadodara
Zydus Lifesciences,4.0,7.9k,Pharma,Ahmedabad
Ekart Logistics,3.9,7.8k,Logistics,Bengaluru
HGS,3.7,7.7k,Emerging Technologies,Bengaluru
KPMG India,3.4,7.7k,Management Consulting,Bengaluru
Lupin,4.1,7.6k,Pharma,Pune
Amazon Development Centre India,3.8,7.6k,Internet,Hyderabad
Axis Max Life Insurance,4.0,7.6k,Insurance,New Delhi
ITC,3.8,7.4k,FMCG,Bengaluru
Hindustan Unilever,4.2,7.4k,FMCG,Mumbai
L&T Construction,4.0,7.4k,Engineering & Construction,Chennai
Megha Engineering & Infrastructures,3.9,7.2k,Engineering & Construction,Hyderabad
Tata Projects,4.2,7.1k,Engineering & Construction,Mumbai
Cholamandalam Investment & Finance,3.8,7k,Financial Services,Chennai
Bajaj Life Insurance,3.8,7k,Insurance,Pune
L&T Technology Services,3.1,6.9k,IT Services & Consulting,Bengaluru
FIS,3.7,6.8k,FinTech,Pune
Oracle,3.3,6.7k,Software Product,Bengaluru
Omega Healthcare,3.7,6.7k,BPO,Chennai
JLL,4.1,6.7k,Real Estate,Gurugram
Muthoot Finance,3.7,6.6k,NBFC,Bengaluru
eClerx,3.1,6.6k,IT Services & Consulting,Pune
IIFL Finance,4.0,6.6k,NBFC,Mumbai
Indian Army,4.7,6.5k,Defence & Aerospace,New Delhi
DMart,3.9,6.5k,Retail,Mumbai
PolicyBazaar,3.7,6.4k,Internet,Gurugram
Indiamart Intermesh,3.6,6.4k,Internet,Noida
Piramal Finance,4.2,6.4k,NBFC,Mumbai
Virtusa Consulting Services,3.6,6.3k,IT Services & Consulting,Hyderabad
HSBC Group,3.8,6.3k,Financial Services,Bengaluru
SMFG India Credit,3.9,6.2k,NBFC,Mumbai
Access Healthcare,3.7,6.2k,BPO,Chennai
HCL Group,3.5,6.1k,IT Services & Consulting,Chennai
BigBasket,3.9,6.1k,Internet,Bengaluru
Manappuram Finance,3.9,6.1k,NBFC,Bengaluru
GlobalLogic,3.5,6k,IT Services & Consulting,Hyderabad
ICICI Lombard General Insurance Company,3.5,6k,Insurance,Mumbai
Siemens,4.0,6k,Industrial Automation,Bengaluru
Firstsource Solutions,3.5,6k,BPO,Bengaluru
Apollo Hospitals,4.0,6k,Healthcare,Chennai
Aurobindo Pharma,4.0,6k,Pharma,Hyderabad
Shapoorji Pallonji Group,4.1,5.9k,Engineering & Construction,Mumbai
Tata Capital,4.0,5.9k,NBFC,Mumbai
Swiggy,3.7,5.9k,Internet,Bengaluru
UST,3.7,5.9k,IT Services & Consulting,Bengaluru
Standard Chartered,3.6,5.9k,Banking,Chennai
Mahindra Finance,3.8,5.9k,NBFC,Mumbai
Bosch Global Software Technologies,3.7,5.8k,IT Services & Consulting,Bengaluru
Udaan,3.9,5.8k,Internet,Bengaluru
Citicorp,3.6,5.7k,Financial Services,Pune
Ashok Leyland,4.0,5.7k,Automobile,Chennai
Hero MotoCorp,4.1,5.7k,Automobile,Gurugram
CGI Inc,4.0,5.6k,IT Services & Consulting,Bengaluru
Kalpataru Projects International,4.1,5.5k,Engineering & Construction,Mumbai
NTT DATA,3.8,5.5k,IT Services & Consulting,Bengaluru
SBI Cards & Payment Services,3.6,5.5k,Financial Services,Gurugram
Nagarjuna Construction Company,4.0,5.5k,Engineering & Construction,Hyderabad
IQVIA,3.7,5.5k,Clinical Research,Bengaluru
BNY,3.6,5.5k,Financial Services,Pune
Cyient,3.6,5.5k,IT Services & Consulting,Hyderabad
Schneider Electric,4.1,5.4k,Industrial Automation,Bengaluru
SBI Life Insurance Company,3.7,5.4k,Insurance,Mumbai
CBRE,4.1,5.3k,Real Estate,Hyderabad
JustDial,3.5,5.3k,Internet,Noida
TVS Motor,3.8,5.3k,Automobile,Hosur
Persistent Systems,3.6,5.3k,IT Services & Consulting,Pune
State Bank of India,3.9,5.3k,Banking,Mumbai
KEC International,4.0,5.2k,Engineering & Construction,Mumbai
ITC Infotech,3.8,5.2k,IT Services & Consulting,Bengaluru
Amdocs,3.6,5.1k,Software Product,Pune
Atos,3.8,5.1k,IT Services & Consulting,Pune
Utkarsh Small Finance Bank,3.6,5k,Banking,Varanasi
Varun Beverages,4.0,5k,Beverage,New Delhi
JBM Group,3.9,5k,Auto Components,Gurugram
vivo,4.0,5k,Consumer Electronics & Appliances,Noida
Lenskart,3.4,4.9k,Internet,New Delhi
Randstad,3.7,4.9k,Recruitment,Hyderabad
Ecom Express,4.1,4.9k,Logistics,Gurugram
Nagarro,3.9,4.9k,IT Services & Consulting,Gurugram
EY Global Delivery Services ( EY GDS),3.5,4.8k,IT Services & Consulting,Bengaluru
Hetero,3.9,4.8k,Pharma,Hyderabad
Intas Pharmaceuticals,4.1,4.8k,Pharma,Ahmedabad
Bosch,4.1,4.8k,Auto Components,Bengaluru
Havells,3.9,4.8k,Electrical Equipment,Noida
Eviden,3.6,4.8k,IT Services & Consulting,Pune
L&T Finance,3.9,4.8k,NBFC,Mumbai
Aditya Birla Fashion and Retail,4.1,4.8k,Fashion & Textile,Bengaluru
R1 RCM,3.8,4.8k,BPO,Hyderabad
Tata AIA Life Insurance,3.8,4.8k,Insurance,Mumbai
Hewlett Packard Enterprise,4.0,4.8k,IT Services & Consulting,Bengaluru
Cars24,3.5,4.7k,Internet,Gurugram
Mahindra Logistics,3.7,4.7k,Logistics,Mumbai
Berger Paints,3.7,4.7k,Chemicals,Kolkata
Deutsche Bank,3.8,4.6k,Banking,Pune
Dell,3.8,4.6k,Consumer Electronics & Appliances,Bengaluru
Home Credit Finance,4.0,4.6k,NBFC,Gurugram
Motilal Oswal Financial Services,3.6,4.6k,Financial Services,Mumbai
TeamLease Services,3.9,4.6k,Recruitment,Bengaluru
VE Commercial Vehicles,3.9,4.6k,Automobile,Indore
Hyundai Motor India Limited,4.1,4.5k,Automobile,Chennai
OPPO,3.9,4.5k,Consumer Electronics & Appliances,Greater Noida
Thermax Limited,4.2,4.5k,Industrial Machinery,Pune
Jubilant Foods Works,3.7,4.5k,Hospitality,Noida
Macleods Pharmaceuticals,3.7,4.4k,Pharma,Mumbai
Carelon Global Solutions,3.9,4.4k,IT Services & Consulting,Bengaluru
Jindal Steel Limited,3.9,4.4k,Iron & Steel,Angul
Hindalco Industries,4.2,4.4k,Metals & Mining,Sambalpur
Aakash Educational Services,3.2,4.4k,Education & Training,New Delhi
State Street Corporation,3.5,4.3k,Financial Services,Bengaluru
Bajaj Auto,3.8,4.3k,Automobile,Pune
LG Electronics,3.8,4.3k,Consumer Electronics & Appliances,Pune
DCB Bank,3.8,4.2k,Banking,Mumbai
HDFC ERGO General Insurance,3.9,4.2k,Insurance,Mumbai
RBL Bank,3.5,4.2k,Banking,Mumbai
Royal Enfield,4.2,4.2k,Automobile,Chennai
Kogta Financial India Limited,4.6,4.2k,NBFC,Jaipur
Cloudnine Hospital,4.5,4.2k,Healthcare,Bengaluru
John Deere,4.0,4.2k,Industrial Machinery,Pune
Publicis Sapient,3.2,4.1k,IT Services & Consulting,Bengaluru
Cummins,4.3,4.1k,Industrial Machinery,Pune
Tata Communications,3.8,4.1k,Telecom,Pune
Grasim Industries,4.0,4.1k,Building Material,Bharuch
Aditya Birla Sun Life Insurance,4.0,4.1k,Insurance,Mumbai
Pidilite Industries,4.2,4.1k,Chemicals,Mumbai
Alembic Pharmaceuticals,3.9,4.1k,Pharma,Vadodara
Bank of America,4.1,4.1k,Banking,Gurugram
Aditya Birla Capital,3.8,4k,NBFC,Mumbai
American Express,4.1,4k,Financial Services,Gurugram
Kyndryl,3.9,4k,IT Services & Consulting,Bengaluru
PNB MetLife,3.3,4k,Insurance,New Delhi
KPIT Technologies,2.8,4k,Software Product,Pune
Oyo Rooms,3.0,4k,Hospitality,Gurugram
Subros,3.7,4k,Auto Components,Noida
Escorts Kubota Limited,4.1,4k,Industrial Machinery,Faridabad
ADP Private Limited,3.8,4k,Software Product,Hyderabad
Blinkit,3.8,4k,Internet,Gurugram
JK Cement,4.0,4k,Building Material,New Delhi
Maersk,3.9,3.9k,Logistics,Chennai
PhonePe,4.0,3.9k,FinTech,Bengaluru
Viatris,4.1,3.9k,Pharma,Hyderabad
XpressBees,4.1,3.9k,Logistics,Pune
PVR INOX,3.9,3.9k,Media & Entertainment,New Delhi
Altruist Technologies,4.3,3.9k,BPO,Bengaluru
Birlasoft,3.4,3.9k,IT Services & Consulting,Pune
Synechron,3.4,3.9k,IT Services & Consulting,Pune
Glenmark Pharmaceuticals,3.8,3.9k,Pharma,Mumbai
Sodexo,4.0,3.9k,Hospitality,Mumbai
Kotak Mahindra Life Insurance Company,3.4,3.9k,Insurance,Mumbai
Bharat Electronics,4.2,3.8k,Electronics Manufacturing,Bengaluru
Reliance Communications,4.0,3.8k,Telecom,Mumbai
Dabur,3.8,3.8k,FMCG,New Delhi
UNO Minda,3.9,3.8k,Auto Components,Pune
Cogent E Services,3.1,3.8k,BPO,Noida
ArcelorMittal Nippon Steel India,4.1,3.8k,Iron & Steel,Surat
Godrej & Boyce Manufacturing,3.8,3.7k,Consumer Electronics & Appliances,Mumbai
Abbott,4.1,3.7k,Pharma,Mumbai
Aarti Industries,4.1,3.7k,Agro Chemicals,Bharuch
Ipca Laboratories,3.8,3.7k,Pharma,Mumbai
Samvardhana Motherson Group,3.7,3.7k,Auto Components,Noida
Reliance Digital,4.1,3.7k,Retail,Mumbai
MRF Tyres,3.6,3.7k,Auto Components,Chennai
IGT Solutions,3.1,3.7k,BPO,New Delhi
Reliance Projects & Property Management Services,4.0,3.7k,Other,Kolkata
Indian Oil Corporation,4.3,3.6k,Oil & Gas,New Delhi
Alkem Laboratories,3.9,3.6k,Pharma,Mumbai
"NTT DATA, Inc.",3.9,3.6k,IT Services & Consulting,Bengaluru
Honda Motorcycle & Scooter,4.1,3.6k,Automobile,Gurugram
Vishal Mega Mart,3.7,3.6k,Retail,New Delhi
Johnson Controls,3.6,3.6k,Industrial Automation,Pune
[24]7.ai,3.4,3.6k,Hospitality,Bengaluru
Barclays,3.7,3.6k,Banking,Pune
TVS Credit Services Ltd,4.1,3.6k,NBFC,Chennai
Hindustan Coca Cola Beverages,4.0,3.6k,Beverage,Bengaluru
DTDC Express,3.7,3.6k,Logistics,New Delhi
Bajaj General Insurance Limited,3.6,3.6k,Insurance,Pune
RSPL Group,4.0,3.5k,FMCG,Kanpur
ABB,4.0,3.5k,Industrial Machinery,Bengaluru
IndusInd Nippon Life Insurance,3.3,3.5k,Insurance,Mumbai
AGS Health,3.9,3.5k,Analytics & KPO,Chennai
UBS,3.8,3.5k,Financial Services,Pune
Sagility,3.9,3.5k,BPO,Bengaluru
Ceat Tyres,3.9,3.5k,Auto Components,Nagpur
NatWest Group,3.9,3.5k,Banking,Gurugram
Ford Motor,4.2,3.5k,Automobile,Chennai
Alstom Transportation,3.7,3.4k,Engineering & Construction,Bengaluru
Croma,3.8,3.4k,Retail,Mumbai
Niva Bupa Health Insurance Company,4.0,3.4k,Insurance,New Delhi
HARMAN,3.8,3.4k,Consumer Electronics & Appliances,Bengaluru
Conduent,3.4,3.4k,BPO,Bengaluru
InterGlobe Aviation,3.4,3.4k,Aviation,New Delhi
Tata Electronics,3.8,3.4k,Semiconductors,Hosur
Tata Technologies,3.4,3.4k,Automobile,Pune
Tata AIG,3.9,3.4k,Insurance,Mumbai
Tata AutoComp Systems,3.6,3.4k,Auto Components,Pune
Jindal Stainless,4.1,3.4k,Iron & Steel,Jajpur
Indian Air Force,4.6,3.4k,Defence & Aerospace,New Delhi
GeBBS Healthcare Solutions,3.8,3.4k,BPO,Mumbai
Canara HSBC Life Insurance,4.1,3.3k,Insurance,Gurugram
PepsiCo,4.0,3.3k,Food Processing,Hyderabad
UPL,4.1,3.3k,Agro Chemicals,Ankleshwar
Max Healthcare,4.0,3.3k,Healthcare,New Delhi
Mankind Pharma,3.8,3.3k,Pharma,New Delhi
Titan Company,4.2,3.3k,Retail,Bengaluru
Amazon Transportation Services,4.2,3.3k,Logistics,Hyderabad
Ambuja Cements,3.9,3.3k,Building Material,Ahmedabad
S&P Global,3.9,3.3k,Analytics & KPO,Hyderabad
Varroc Group,3.6,3.2k,Auto Components,Pune
Societe Generale Global Solution Centre,3.6,3.2k,IT Services & Consulting,Bengaluru
Quest Global,3.5,3.2k,IT Services & Consulting,Bengaluru
Dilip Buildcon,3.9,3.2k,Engineering & Construction,Bhopal
MSN Laboratories,3.6,3.2k,Pharma,Hyderabad
Allcargo Logistics,3.8,3.2k,Logistics,Mumbai
Ola Electric Mobility,3.3,3.2k,Automobile,Bengaluru
ESAF Small Finance Bank,3.6,3.2k,Banking,Thrissur
Walmart,3.5,3.2k,Retail,Bengaluru
IDFC FIRST Bharat,4.1,3.2k,Financial Services,Chennai
Afcons Infrastructure,4.2,3.2k,Engineering & Construction,Mumbai
DS Group,4.0,3.2k,FMCG,Noida
Torrent Pharmaceuticals,4.0,3.2k,Pharma,Ahmedabad
Zepto,3.6,3.2k,Internet,Bengaluru
Bharat Financial Inclusion,3.7,3.2k,Financial Services,Hyderabad
Marpu Foundation,4.9,3.1k,Non-Profit,Hyderabad
Suzlon Group,4.0,3.1k,Power,Pune
Tata Elxsi,3.4,3.1k,IT Services & Consulting,Bengaluru
Indus Towers,3.6,3.1k,Telecom,Gurugram
Zensar Technologies,3.6,3.1k,IT Services & Consulting,Pune
Eternal Limited,3.6,3.1k,Internet,Gurugram
HDFC Sales,3.9,3.1k,Financial Services,Mumbai
Square Yards,3.5,3.1k,Internet,Gurugram
Fujitsu,3.8,3.1k,IT Services & Consulting,Pune
VVDN Technologies,3.6,3.1k,IT Services & Consulting,Gurugram
I Process Services,3.8,3.1k,Recruitment,Mumbai
Yazaki,3.9,3.1k,Auto Components,Pune
IKS Health,3.5,3.1k,BPO,Mumbai
CMS IT Services,3.1,3k,IT Services & Consulting,Mumbai
ACC,3.9,3k,Building Material,Mumbai
Future Group,4.3,3k,Retail,Mumbai
Shree Cement,3.8,3k,Building Material,Beawar
Nokia,4.0,3k,Telecom,Bengaluru
Shoppers Stop,3.9,3k,Retail,Mumbai
Apollo Tyres,4.0,3k,Auto Components,Chennai
Physicswallah,3.6,3k,EdTech,Noida
Fiserv,2.7,3k,FinTech,Pune
Exl India,3.5,3k,Logistics,New Delhi
Britannia,4.0,2.9k,Hospitality,Pune
Foxconn,3.8,2.9k,Electronics Manufacturing,Chennai
Landmark Group,3.8,2.9k,Retail,Bengaluru
SRF,4.1,2.9k,Chemicals,Bharuch
Dalmia Bharat Cement,3.9,2.9k,Building Material,Guwahati
ZS,3.0,2.9k,Management Consulting,Pune
Kansai Nerolac Paints,3.8,2.9k,Chemicals,Mumbai
Star Health & Allied Insurance,3.5,2.9k,Insurance,Chennai
Nestlé,3.7,2.9k,FMCG,Gurugram
Blue Dart Express Ltd,3.9,2.9k,Logistics,Mumbai
Exide Industries,3.4,2.9k,Power,Kolkata
Shell,3.9,2.8k,Oil & Gas,Bengaluru
UnitedHealth,4.0,2.8k,Healthcare,Hyderabad
TVS Supply Chain Solutions,3.8,2.8k,Logistics,Chennai
Micro Labs,3.6,2.8k,Pharma,Bengaluru
KPMG Global Services,3.5,2.8k,Management Consulting,Bengaluru
Flex,3.9,2.8k,Electronics Manufacturing,Chennai
Gallagher,3.6,2.8k,Insurance,Bengaluru
Photon Interactive,4.0,2.8k,IT Services & Consulting,Chennai
Care Health Insurance,3.5,2.8k,Insurance,Gurugram
Tata Advanced Systems,3.7,2.8k,Defence & Aerospace,Bengaluru
Blue Star,4.0,2.8k,Consumer Electronics & Appliances,Mumbai
ElasticRun,3.6,2.8k,Logistics,Pune
KFintech,3.3,2.8k,Financial Services,Hyderabad
Movate,3.1,2.7k,IT Services & Consulting,Chennai
G4S,4.0,2.7k,Law Enforcement & Security,Gurugram
Sonalika Tractors,3.5,2.7k,Automobile,Hoshiarpur
Ajanta Pharma,3.9,2.7k,Pharma,Mumbai
Voltas,4.0,2.7k,Consumer Electronics & Appliances,Mumbai
Capita,3.5,2.7k,BPO,Pune
DBS Bank,3.7,2.7k,Banking,Hyderabad
Adani Power,3.8,2.7k,Power,Mundra
ACT Fibernet,3.8,2.7k,Telecom,Hyderabad
NoBroker,3.0,2.7k,Internet,Bengaluru
GAO Tek,4.4,2.7k,Electrical Equipment,New York
Himalaya Wellness,3.9,2.7k,Pharma,Bengaluru
IntouchCX,2.7,2.7k,BPO,Hyderabad
Whitehat jr,3.3,2.7k,EdTech,Mumbai
BlackBuck,3.7,2.7k,Internet,Bengaluru
Foundever,3.3,2.7k,BPO,Hyderabad
Fortis Healthcare,4.1,2.7k,Healthcare,New Delhi
Laurus Labs,4.3,2.7k,Pharma,Visakhapatnam
Domino's Pizza,3.9,2.7k,Hospitality,New Delhi
BT Group,3.8,2.7k,Telecom,Gurugram
JCB,3.8,2.6k,Industrial Machinery,Pune
V-Mart,4.0,2.6k,Retail,Gurugram
Adani Group,3.8,2.6k,Power,Ahmedabad
CorroHealth Infotech,3.5,2.6k,Analytics & KPO,Hyderabad
Alldigi Tech,3.8,2.6k,BPO,Chennai
Sahrudaya Healthcare (Medicover Hospitals),4.3,2.6k,Healthcare,Hyderabad
Northern Trust Operating Services,3.6,2.6k,Financial Services,Bengaluru
Sterlite Technologies,3.8,2.6k,Hardware & Networking,Chhatrapati Sambhajinagar
ICICI Securities,3.9,2.6k,Financial Services,Mumbai
Tractors and Farm Equipment,4.0,2.6k,Industrial Machinery,Chennai
TaskUs,2.9,2.6k,BPO,Indore
Bajaj Electricals,3.9,2.6k,Consumer Electronics & Appliances,Mumbai
Parle Agro,3.9,2.6k,Beverage,Mumbai
Emcure Pharmaceuticals,3.6,2.5k,Pharma,Pune
Biocon Limited,4.0,2.5k,Biotechnology,Bengaluru
Hero FinCorp,3.9,2.5k,NBFC,New Delhi
Cadila Pharmaceuticals,3.1,2.5k,Pharma,Ahmedabad
Planet Spark,3.8,2.5k,EdTech,Gurugram
Mahindra Holidays & Resorts,3.5,2.5k,Hospitality,Mumbai
Newgen Software Technologies,4.1,2.5k,IT Services & Consulting,Noida
Syngene International,3.7,2.5k,Clinical Research,Bengaluru
Team Computers,3.8,2.5k,IT Services & Consulting,New Delhi
Intellect Design Arena,3.5,2.5k,Software Product,Chennai
Mahindra Rural Housing Finance,4.0,2.5k,NBFC,Mumbai
Datamatics Global Services,3.4,2.5k,IT Services & Consulting,Mumbai
McDonald's,3.8,2.5k,Hospitality,New Delhi
RMSI,3.5,2.5k,IT Services & Consulting,Hyderabad
Bureau Veritas,3.8,2.5k,Other,Mumbai
Paras Hospital,4.1,2.5k,Healthcare,Patna
Patanjali Ayurved,4.0,2.5k,FMCG,Haridwar
Cholamandalam MS General Insurance,3.7,2.5k,Insurance,Chennai
3i Infotech,3.4,2.5k,IT Services & Consulting,Mumbai
Info Edge,3.8,2.4k,Internet,Noida
Aavas Financiers,3.9,2.4k,NBFC,Jaipur
Taj Hotels Resorts and Palaces,4.2,2.4k,Hospitality,Mumbai
Delhi Public School,3.7,2.4k,Education & Training,New Delhi
TCE,3.9,2.4k,Engineering & Construction,Mumbai
Lodha,4.2,2.4k,Real Estate,Mumbai
Apollo Pharmacy,3.7,2.4k,Pharma,Hyderabad
Statestreet HCL Services,3.4,2.4k,BPO,Chennai
Capgemini Engineering,3.3,2.4k,IT Services & Consulting,Bengaluru
Sopra Steria,3.9,2.4k,IT Services & Consulting,Noida
Kia India,3.9,2.4k,Automobile,Anantapur
Cybage,3.7,2.4k,IT Services & Consulting,Pune
Straive,3.3,2.4k,IT Services & Consulting,Chennai
Axis Direct,3.6,2.4k,Financial Services,Mumbai
SBI Securities,3.6,2.4k,Financial Services,Mumbai
GVK Emergency Management and Research Institute,3.5,2.4k,Non-Profit,Lucknow
Endurance Technologies Limited,3.9,2.4k,Auto Components,Chhatrapati Sambhajinagar
Akums Drugs & Pharmaceuticals Limited,4.2,2.4k,Pharma,Haridwar
JK Tyre,3.9,2.4k,Auto Components,Chennai
Xoriant,4.0,2.4k,IT Services & Consulting,Pune
Star Union Dai-ichi Life Insurance,3.8,2.4k,Insurance,Mumbai
Daikin Airconditioning India Pvt. Ltd.,4.2,2.4k,Consumer Electronics & Appliances,Neemrana
Sobha,3.8,2.4k,Real Estate,Bengaluru
KocharTech,3.6,2.4k,IT Services & Consulting,Kolkata
BNP Paribas,3.7,2.4k,Banking,Mumbai
Bharat Petroleum,4.2,2.4k,Oil & Gas,Mumbai
Panasonic Life Solutions India,3.9,2.3k,Consumer Electronics & Appliances,Mumbai
Lifestyle,4.2,2.3k,Retail,Bengaluru
AWL Agri Business,4.1,2.3k,FMCG,Ahmedabad
Myntra,3.8,2.3k,Internet,Bengaluru
Eureka Forbes,3.6,2.3k,Consumer Electronics & Appliances,Mumbai
SBI General Insurance,3.5,2.3k,Insurance,Mumbai
Bharti AXA Life Insurance,3.6,2.3k,Insurance,Mumbai
Aditya Birla Group,4.1,2.3k,Metals & Mining,Mumbai
Radisson Hotels,4.0,2.3k,Hospitality,New Delhi
Unacademy,3.0,2.3k,EdTech,Bengaluru
Torrent Power,4.1,2.3k,Power,Ahmedabad
Renault Nissan Technology & Business Centre India,3.6,2.3k,Automobile,Chennai
Meesho,3.7,2.3k,Internet,Bengaluru
Cisco,4.1,2.3k,Hardware & Networking,Bengaluru
Coromandel International,4.0,2.3k,Agro Chemicals,Visakhapatnam
Sify Technologies,3.6,2.3k,IT Services & Consulting,Chennai
ValueLabs,3.4,2.3k,IT Services & Consulting,Hyderabad
Indian Railways,4.2,2.3k,Railways,Kolkata
Bank of Baroda,3.6,2.3k,Banking,Mumbai
Whirlpool,4.0,2.3k,Consumer Electronics & Appliances,Pune
Henry Harvin Education,4.0,2.3k,EdTech,Noida
Manipal Hospitals,4.0,2.2k,Healthcare,Bengaluru
Lava International,3.9,2.2k,Consumer Electronics & Appliances,Noida
Shahi Exports,3.9,2.2k,Fashion & Textile,Bengaluru
Infinite Computer Solutions,3.2,2.2k,IT Services & Consulting,Bengaluru
Allstate,3.7,2.2k,Insurance,Pune
Generali Central Life Insurance,3.5,2.2k,Insurance,Mumbai
Mercedes-Benz Research and Development India,3.5,2.2k,IT Services & Consulting,Bengaluru
Poonawalla Fincorp,3.5,2.2k,NBFC,Pune
Spark Minda,3.7,2.2k,Auto Components,Pune
Saint-Gobain,3.8,2.2k,Building Material,Mumbai
GlaxoSmithKline Pharmaceuticals,4.1,2.2k,Pharma,Bengaluru
Nuvoco Vistas,4.1,2.2k,Building Material,Kolkata
FirstCry,3.5,2.2k,Retail,Pune
Jio Platforms,3.4,2.2k,IT Services & Consulting,Mumbai
CAMS,3.6,2.2k,Financial Services,Chennai
Brakes India,3.8,2.2k,Auto Components,Chennai
Cargill,3.9,2.2k,Food Processing,Bengaluru
Life Insurance Corporation of India,4.4,2.2k,Insurance,Mumbai
NTT DATA Business Solutions,4.1,2.2k,IT Services & Consulting,Bengaluru
Power Mech Projects,3.8,2.2k,Engineering & Construction,Hyderabad
BHEL,4.2,2.2k,Electrical Equipment,Bengaluru
upGrad,3.3,2.2k,EdTech,Bengaluru
Kotak Securities,3.4,2.2k,Financial Services,Mumbai
Nokia Networks,4.1,2.2k,Hardware & Networking,Bengaluru
Microsoft Corporation,3.8,2.2k,Software Product,Bengaluru
Force Motors,3.7,2.2k,Automobile,Pune
CitiusTech,3.0,2.2k,IT Services & Consulting,Mumbai
"Maruti Suzuki India Limited, Hansalpur",4.3,2.2k,Automobile,Ahmedabad
Provana,4.1,2.2k,BPO,Noida
EPAM Systems,3.7,2.2k,IT Services & Consulting,Hyderabad
SGS,3.7,2.2k,Engineering & Construction,Mumbai
Pfizer,3.9,2.2k,Pharma,Visakhapatnam
IndusInd General Insurance,3.6,2.1k,Insurance,Mumbai
Biological E,4.3,2.2k,Pharma,Hyderabad
Morgan Stanley,3.5,2.1k,Financial Services,Mumbai
Reliance Trends,4.1,2.1k,Retail,Bengaluru
ITC Hotels,4.0,2.1k,Hospitality,Bengaluru
K12 Techno Services,3.7,2.1k,EdTech,Bengaluru
Delphi TVS,3.8,2.1k,Auto Components,Chennai
Raymond Lifestyle Limited,4.1,2.1k,Fashion & Textile,Mumbai
Huawei Technologies,4.1,2.1k,Telecom,Bengaluru
Simplex Infrastructures,3.3,2.1k,Engineering & Construction,Kolkata
Aditya Birla Health Insurance Co,3.7,2.1k,Insurance,Mumbai
Narayana Health,4.0,2.1k,Healthcare,Bengaluru
Shadowfax Technologies,3.5,2.1k,Logistics,Bengaluru
YASH Technologies,3.6,2.1k,IT Services & Consulting,Hyderabad
Trent,3.8,2.1k,Retail,Mumbai
Ola Cabs,3.2,2.1k,Internet,Bengaluru
Haier Appliances India,3.9,2.1k,Consumer Electronics & Appliances,Pune
Extramarks Education,3.2,2.1k,EdTech,Noida
IDBI Bank,3.3,2.1k,Banking,Mumbai
TELUS Digital,3.5,2.1k,IT Services & Consulting,Noida
Novartis,4.1,2.1k,Pharma,Hyderabad
Motherson Automotive Technologies and Engineering,3.7,2k,Auto Components,Chennai
Hinduja Leyland Finance,4.3,2k,NBFC,Chennai
Aye Finance,4.1,2k,NBFC,Gurugram
R.R. Donnelley,3.6,2k,Marketing & Advertising,Chennai
Tekwissen,4.9,2k,IT Services & Consulting,Visakhapatnam
AECOM,4.1,2k,Engineering & Construction,Gurugram
Schindler,3.9,2k,Industrial Machinery,Pune
Senco Gold,4.4,2k,Jewellery,Kolkata
Trident Group,3.4,2k,Hospitality,Barnala
Globiva,3.0,2k,BPO,Gurugram
Honeywell Automation,3.8,2k,Industrial Automation,Pune
Microland,3.5,2k,IT Services & Consulting,Bengaluru
V-Guard,4.3,2k,Consumer Electronics & Appliances,Kochi
L&T Energy Hydrocarbon,3.8,2k,Engineering & Construction,Vadodara
CMS Infosystems,3.5,2k,Software Product,Mumbai
SAP,4.1,2k,Software Product,Bengaluru
HSBC Electronic Data Processing,4.0,2k,IT Services & Consulting,Bengaluru
Paisabazaar.com,3.4,2k,Internet,Gurugram
Godrej Properties,3.6,2k,Real Estate,Mumbai
Crisil,3.5,2k,Analytics & KPO,Mumbai
Uflex,3.9,2k,Packaging,Noida
Spinny,3.6,2k,Internet,Gurugram
Orchids International School,4.0,2k,Education & Training,Bengaluru
Ninjacart,3.8,2k,Internet,Bengaluru
Aadhar Housing Finance,4.0,2k,NBFC,Mumbai
Dr Lal PathLabs,4.2,2k,Healthcare,New Delhi
Adecco Group,3.9,2k,Recruitment,Bengaluru
HTC Global Services,3.3,2k,IT Services & Consulting,Chennai
CNH (Case New Holland),3.7,2k,Industrial Machinery,Gurugram
CSB Bank,3.2,2k,Banking,Mumbai
Gabriel India Limited,4.0,2k,Auto Components,Pune
Tata Power,3.9,2k,Power,Mumbai
Iris Software,3.8,2k,IT Services & Consulting,Noida
DHL Supply Chain,4.1,2k,Logistics,Mumbai
Parle Products,3.9,2k,FMCG,Mumbai
Sammaan Capital Limited,3.7,2k,NBFC,Gurugram
NCR Voyix,3.4,2k,IT Services & Consulting,Hyderabad
Rungta Mines,3.9,2k,Metals & Mining,Chaibasa
G R Infraprojects,4.1,2k,Engineering & Construction,Gurugram
ICICI Home Finance,3.8,2k,Financial Services,Mumbai
Philips,3.8,2k,Medical Equipment,Bengaluru
NTPC,4.2,2k,Power,New Delhi
Angel One,3.5,2k,FinTech,Mumbai
State Street Syntel,3.7,2k,Financial Services,Pune
Verizon,3.5,2k,Telecom,Hyderabad
Jindal Saw,4.1,2k,Iron & Steel,Mundra
Infinx,3.7,2k,Software Product,Hyderabad
NeoSOFT,3.2,2k,IT Services & Consulting,Mumbai
Thomson Reuters,3.7,2k,Software Product,Bengaluru
Safexpress,3.9,2k,Logistics,New Delhi
PI Industries,3.8,2k,Agro Chemicals,Vadodara
Lucas-TVS,3.8,2k,Auto Components,Chennai
Capri Global Capital,3.6,2k,NBFC,New Delhi
Google,4.4,1.9k,Software Product,Bengaluru
Polycab Wires,4.0,1.9k,Electrical Equipment,Vadodara
Medi Assist India,3.4,1.9k,Insurance,Bengaluru
Labmentix,4.5,1.9k,Bengaluru +35 other locations,
Hindustan Aeronautics,4.3,1.9k,Defence & Aerospace,Bengaluru
Fusion CX,3.2,1.9k,BPO,Kolkata
TVS Sundram Fasteners,3.6,1.9k,Auto Components,Chennai
Infra.Market,3.8,1.9k,Building Material,Mumbai
Aragen Life Sciences,3.9,1.9k,Clinical Research,Hyderabad
Digit Insurance,3.5,1.9k,Insurance,Bengaluru
Tata Tele Business Services,3.4,1.9k,Telecom,Mumbai
AXA Global Business Services,3.6,1.9k,IT Services & Consulting,Pune
KENT RO Systems,3.7,1.9k,Consumer Electronics & Appliances,Noida
First American (India),3.5,1.9k,Insurance,Bengaluru
Haldiram Foods International Limited,3.8,1.9k,FMCG,Nagpur
Adani Green Energy,3.9,1.9k,Power,Ahmedabad
Honda Cars,4.3,1.9k,Automobile,Bhiwadi
Hindustan Petroleum,4.2,1.9k,Oil & Gas,Mumbai
AkzoNobel,4.1,1.9k,Chemicals,Pune
DIVI'S Laboratories,3.5,1.9k,Pharma,Visakhapatnam
MetLife,3.9,1.8k,Insurance,Noida
Innovsource Services,3.9,1.8k,Recruitment,Mumbai
Air India,3.4,1.8k,Aviation,New Delhi
Isgec Heavy Engineering,3.8,1.8k,Engineering & Construction,Noida
Pine Labs,3.2,1.8k,FinTech,Noida
Sterling & Wilson,4.1,1.8k,Engineering & Construction,Mumbai
USV,4.0,1.8k,Pharma,Mumbai
Reckitt Benckiser,3.9,1.8k,FMCG,Gurugram
Cafe Coffee Day,3.7,1.8k,Hospitality,Bengaluru
USHA International,4.0,1.8k,Consumer Electronics & Appliances,Gurugram
Annapurna Finance,3.8,1.8k,NBFC,Bhubaneswar
SS&C TECHNOLOGIES,3.2,1.8k,IT Services & Consulting,Mumbai
Granules India Limited,3.8,1.8k,Pharma,Hyderabad
LivSpace,3.3,1.8k,Architecture & Interior Design,Bengaluru
NielsenIQ,3.4,1.8k,Analytics & KPO,Chennai
Hitachi Astemo,4.1,1.8k,Auto Components,Neemrana
HDFC Securities,3.4,1.8k,Financial Services,Mumbai
XBP Global,3.1,1.8k,Internet,Chennai
IIFL SAMASTA,3.7,1.8k,NBFC,Bengaluru
Security and Intelligence Services (India),4.1,1.8k,Law Enforcement & Security,New Delhi
Bata,3.5,1.8k,Fashion & Textile,Gurugram
Kalyan Jewellers,4.4,1.8k,Jewellery,Thrissur
BVG India,4.1,1.8k,Facility Management Services,Pune
TTEC India,3.6,1.8k,BPO,Ahmedabad
Tata Communications Transformation Services,3.8,1.8k,Telecom,Pune
Cushman & Wakefield,4.1,1.8k,Real Estate,Gurugram
Orange Business,4.1,1.8k,IT Services & Consulting,Gurugram
BT Business,3.9,1.8k,Telecom,Gurugram
Mother Dairy Fruit & Vegetable,4.0,1.8k,Hospitality,New Delhi
Medanta the Medicity,4.0,1.8k,Healthcare,Gurugram
Stellar Migration,1.3,1.8k,Other,Dubai
Tata 1mg,3.6,1.8k,Internet,Gurugram
HighRadius,2.4,1.8k,Software Product,Hyderabad
Vedantu,3.2,1.8k,EdTech,Bengaluru
Metro Cash & Carry,3.9,1.7k,Retail,Bengaluru
Suryoday Small Finance Bank,3.9,1.7k,Banking,Mumbai
Patanjali Foods,3.7,1.7k,FMCG,Haridwar
Cavinkare,3.9,1.7k,FMCG,Chennai
Caterpillar Inc,4.1,1.7k,Industrial Machinery,Chennai
Sysnet Global Technologies,3.6,1.7k,IT Services & Consulting,New Delhi
Shriram Life Insurance,3.5,1.7k,Insurance,Hyderabad
FactSet,3.7,1.7k,Analytics & KPO,Hyderabad
Clover Infotech,3.3,1.7k,IT Services & Consulting,Mumbai
Dhani Loans and Services,3.9,1.7k,NBFC,Gurugram
Health Care Global Enterprises,4.4,1.7k,Healthcare,Bengaluru
L.G.Balakrishnan & Bros,3.5,1.7k,Auto Components,Coimbatore
Indian Navy,4.6,1.7k,Defence & Aerospace,Mumbai
Future Retail,4.4,1.7k,Retail,Mumbai
Frankfinn Institute of Air Hostess Training,3.9,1.7k,Education & Training,Gurugram
Compass Group Support Services,4.0,1.7k,Hospitality,Bengaluru
KONE,4.1,1.7k,Industrial Machinery,Chennai
ReNew,4.2,1.7k,Power,Gurugram
Yamaha Motor,4.0,1.7k,Automobile,Chennai
CG Power and Industrial Solutions,3.7,1.7k,Electrical Equipment,Bhopal
Toyota Kirloskar Motor,4.3,1.7k,Automobile,Bengaluru
NEC,4.1,1.7k,IT Services & Consulting,Noida
Urban Company,3.3,1.7k,Internet,Gurugram
Vardhman Fabrics,4.0,1.7k,Fashion & Textile,Baddi
Rane (Madras),3.8,1.7k,Auto Components,Chennai
DHL Express,4.0,1.7k,Logistics,Mumbai
MagicBricks,3.9,1.7k,Internet,Noida
Goldman Sachs,3.3,1.7k,Financial Services,Bengaluru
Matrimony.com,3.9,1.7k,Internet,Chennai
BA Continuum,3.9,1.7k,IT Services & Consulting,Hyderabad
JSW Bhushan Power & Steel,4.0,1.7k,Iron & Steel,Jharsuguda
Krishna Maruti,3.8,1.7k,Auto Components,Gurugram
Veritas Finance,4.2,1.7k,NBFC,Chennai
Belrise Industries,3.7,1.7k,Auto Components,Pune
Coronis Ajuba Solutions,3.9,1.7k,BPO,Chennai
Procter & Gamble,4.0,1.7k,FMCG,Mumbai
CMA CGM,4.0,1.7k,Ports & Shipping,Chennai
Godrej Industries Group,3.9,1.7k,Real Estate,Mumbai
mPokket,4.5,1.7k,NBFC,Kolkata
Dixon Technologies,3.9,1.7k,Electronics Manufacturing,Noida
Satin Creditcare Network,4.0,1.7k,NBFC,Gurugram
Arvind Group,4.0,1.7k,Fashion & Textile,Ahmedabad
Johnson & Johnson,3.9,1.7k,Healthcare,Mumbai
Marico,3.8,1.7k,FMCG,Mumbai
Teva Pharmaceuticals,3.9,1.7k,Pharma,Bengaluru
Wipro Enterprises Ltd,3.7,1.7k,FMCG,Bengaluru
Sanofi,4.0,1.6k,Pharma,Hyderabad
Welspun Living Limited,3.9,1.6k,Fashion & Textile,Anjar
Chegg,4.1,1.6k,EdTech,New Delhi
IndiaFirst Life Insurance,3.8,1.6k,Insurance,Mumbai
iOPEX Technologies,3.1,1.6k,IT Services & Consulting,Chennai
Relaxo Footwear,4.0,1.6k,Fashion & Textile,New Delhi
HERE Technologies,3.7,1.6k,IT Services & Consulting,Mumbai
Hero Motors Company,3.9,1.6k,Automobile,Ghaziabad
Troikaa Pharmaceuticals,4.4,1.6k,Pharma,Ahmedabad
Asahi India Glass,3.8,1.6k,Auto Components,Chennai
Tata Play,4.0,1.6k,Broadcasting,Mumbai
Supreme Industries,4.0,1.6k,Petrochemicals,Gwalior
Cemindia Projects,4.2,1.6k,Engineering & Construction,Kolkata
Emami,3.8,1.6k,FMCG,Kolkata
SHYAM METALICS AND ENERGY,3.4,1.6k,Metals & Mining,Kolkata
SHYAM METALICS AND ENERGY,3.4,1.6k,Metals & Mining,Kolkata
Broadridge Financial Solutions,3.8,1.6k,FinTech,Hyderabad
Lumax Industries,3.9,1.6k,Auto Components,Pune
Kotak Mahindra Prime,3.9,1.6k,NBFC,Mumbai
Tata Consumer Products,3.5,1.6k,FMCG,Bengaluru
Wockhardt,3.7,1.6k,Pharma,Chhatrapati Sambhajinagar
KFC,4.0,1.6k,Hospitality,New Delhi
Mercer,3.6,1.6k,Management Consulting,New Delhi
Bisleri,4.2,1.6k,Beverage,Mumbai
Amul India,4.0,1.6k,Hospitality,Ahmedabad
Karur Vysya Bank,3.5,1.6k,Banking,Chennai
Muthoot Microfin,4.2,1.6k,NBFC,Kochi
Marriott International,4.1,1.6k,Hospitality,Bengaluru
IFB,3.5,1.6k,Consumer Electronics & Appliances,Bengaluru
Patra India,3.5,1.6k,BPO,Visakhapatnam
Gujarat Fluorochemicals,3.9,1.6k,Chemicals,Bharuch
PharmEasy,3.7,1.6k,Internet,Bengaluru
Bajaj Capital,3.5,1.6k,Financial Services,New Delhi
Suguna Foods,3.9,1.6k,Food Processing,Coimbatore
Steel Strips Wheels,3.7,1.6k,Auto Components,Chennai
GE VERNOVA,4.1,1.6k,Power,Bengaluru
Canara Bank,3.6,1.6k,Banking,Bengaluru
Honda,4.1,1.6k,Automobile,Gurugram
Chetu,3.8,1.6k,Software Product,Noida
Dainik Bhaskar Group,4.1,1.6k,Printing & Publishing,Bhopal
Piramal Pharma,3.9,1.6k,Pharma,Mumbai
Evalueserve,3.0,1.6k,Analytics & KPO,Gurugram
XL Dynamics,3.7,1.6k,IT Services & Consulting,Mumbai
Sonata Software,3.4,1.6k,IT Services & Consulting,Bengaluru
Tanishq,4.2,1.6k,Jewellery,Kolkata
SAI Life Sciences,3.9,1.6k,Pharma,Hyderabad
GMR Group,3.9,1.5k,Engineering & Construction,New Delhi
Page Industries,4.1,1.5k,Fashion & Textile,Bengaluru
Tesco,3.6,1.5k,Retail,Bengaluru
Nayara Energy,4.2,1.5k,Oil & Gas,Jamnagar
PNB Housing Finance,3.6,1.5k,NBFC,New Delhi
Airtel Payments Bank,3.8,1.5k,Banking,Gurugram
Wheelseye Technology,3.4,1.5k,Internet,Gurugram
Oracle Cerner,3.3,1.5k,Software Product,Bengaluru
QualityKiosk Technologies,3.2,1.5k,IT Services & Consulting,Mumbai
American Broadcasting Company,4.0,1.5k,Engineering & Construction,Bengaluru
Acuity Analytics,3.1,1.5k,Analytics & KPO,Bengaluru
SBFC Finance,3.8,1.5k,NBFC,Mumbai
Amneal Pharmaceuticals,4.2,1.5k,Pharma,Ahmedabad
Devyani International,3.7,1.5k,Hospitality,Gurugram
V5 Global Services,3.8,1.5k,Recruitment,New Delhi
Ashoka Buildcon,4.1,1.5k,Engineering & Construction,Nashik
Gland Pharma,3.9,1.5k,Pharma,Hyderabad
Heritage Foods,4.0,1.5k,Food Processing,Hyderabad
Happiest Minds Technologies,3.4,1.5k,IT Services & Consulting,Bengaluru
Valeo,3.9,1.5k,Auto Components,Chennai
Daimler India Commercial Vehicles,3.9,1.5k,Automobile,Chennai
City Union Bank,2.9,1.5k,Banking,Chennai
ALTEN,3.5,1.5k,IT Services & Consulting,Bengaluru
Altimetrik,3.4,1.5k,IT Services & Consulting,Bengaluru
VOIS,3.7,1.5k,IT Services & Consulting,Pune
ISS Facility Services,4.0,1.5k,Facility Management Services,Mumbai
Apco Infratech,3.8,1.5k,Engineering & Construction,Mumbai
Indoco Remedies,3.4,1.5k,Pharma,Mumbai
Max Fashion,4.0,1.5k,Retail,Bengaluru
Apexon,3.2,1.5k,IT Services & Consulting,Bengaluru
Jaquar,4.1,1.5k,Building Material,Gurugram
HCL Infosystems,4.0,1.5k,IT Services & Consulting,Noida
Aon,3.8,1.5k,Management Consulting,Bengaluru
Chandigarh University,4.2,1.5k,Education & Training,Chandigarh
Aumovio,3.7,1.5k,Auto Components,Bengaluru
Honeywell Technology Solutions,3.7,1.5k,Industrial Automation,Bengaluru
Bharat Forge,3.7,1.5k,Auto Components,Pune
Fusion Finance,3.9,1.5k,NBFC,New Delhi
NIIT,3.4,1.5k,Education & Training,Gurugram
Oberoi Group of Hotels,4.0,1.5k,Hospitality,New Delhi
Morningstar,3.7,1.5k,Financial Services,Mumbai
R Systems International,3.8,1.5k,IT Services & Consulting,Noida
Indegene,3.2,1.5k,Healthcare,Bengaluru
Amara Raja Energy & Mobility,4.0,1.5k,Auto Components,Tirupati
CIE Automotive India Limited (Formerly known as Mahindra CIE Automotive Limited),3.6,1.5k,Auto Components,Pune
Narayana Educational Society,3.6,1.5k,Education & Training,Hyderabad
Hyatt Regency,4.1,1.5k,Hospitality,New Delhi
Taurus BPO Services,4.0,1.5k,BPO,Pune
MedPlus,3.5,1.5k,Retail,Hyderabad
AB InBev India,3.3,1.5k,Beverage,Bengaluru
Aerial Telecom Solutions,4.1,1.5k,Telecom,Sahibzada Ajit Singh Nagar
Nykaa,3.4,1.5k,Internet,Mumbai
Sony,4.1,1.5k,Consumer Electronics & Appliances,New Delhi
Vfs Global Services,3.4,1.5k,IT Services & Consulting,Mumbai
Tieto,4.1,1.5k,IT Services & Consulting,Pune
TEKsystems,3.1,1.5k,IT Services & Consulting,Bengaluru
DCM Shriram,4.1,1.5k,Chemicals,Bharuch
Sansera Engineering,4.0,1.5k,Auto Components,Bengaluru
Citco,3.1,1.4k,Management Consulting,Hyderabad
TÜV SÜD,4.0,1.4k,"Testing, Inspection and Certification (TIC)",Bengaluru
Eaton,3.9,1.4k,Electronics Manufacturing,Pune
Adobe,3.7,1.4k,Software Product,Bengaluru
Hire In Global,4.9,1.4k,Recruitment,Mumbai
Kantar,3.4,1.4k,Analytics & KPO,Bengaluru
J. Kumar Infraprojects,4.1,1.4k,Engineering & Construction,Mumbai
Agilus Diagnostics,4.1,1.4k,Healthcare,Mumbai
Slk Software Services,3.2,1.4k,IT Services & Consulting,Bengaluru
Acmegrade,3.9,1.4k,EdTech,Bengaluru
JSW Cement,4.0,1.4k,Building Material,Mumbai
AtkinsRealis,3.7,1.4k,Engineering & Construction,Bengaluru
Tenarai,3.5,1.4k,Emerging Technologies,Bengaluru
Xiaomi,3.7,1.4k,Consumer Electronics & Appliances,Bengaluru
VLCC,3.2,1.4k,Beauty & Personal Care,New Delhi
Unisys,3.4,1.4k,IT Services & Consulting,Bengaluru
Oracle Financial Services Software,3.2,1.4k,Software Product,Bengaluru
Rashmi Metaliks,3.1,1.4k,Iron & Steel,Kharagpur
EOSGlobe,3.0,1.4k,BPO,Mumbai
FedEx Express,4.0,1.4k,Logistics,Mumbai
Tata Group,4.2,1.4k,IT Services & Consulting,Mumbai
The Muthoot Group,3.6,1.4k,Financial Services,New Delhi
Sunknowledge Services,3.4,1.4k,BPO,Kolkata
Fino Payments Bank,3.7,1.4k,Banking,Mumbai
iMerit,3.2,1.4k,IT Services & Consulting,Kolkata
Novo Nordisk,3.6,1.4k,Pharma,Bengaluru
Worley,4.1,1.4k,Engineering & Construction,Mumbai
Incedo,2.9,1.4k,IT Services & Consulting,Gurugram
Bajaj Housing Finance,3.5,1.4k,NBFC,Pune
Amity University,3.5,1.4k,Education & Training,Noida
Sharekhan,3.7,1.4k,Financial Services,Mumbai
IDC Technologies,3.1,1.4k,IT Services & Consulting,Noida
INDIUM,3.9,1.4k,IT Services & Consulting,Chennai
NetAmbit,4.0,1.4k,BPO,Noida
The Ramco Cements,4.1,1.4k,Building Material,Chennai
TE Connectivity,4.1,1.4k,Electronics Manufacturing,Bengaluru
Grant Thornton,3.3,1.4k,Accounting & Auditing,Bengaluru
TCS iON,3.8,1.4k,IT Services & Consulting,Bengaluru
Unichem Laboratories,3.7,1.4k,Pharma,Ghaziabad
Iffco Tokio General Insurance Co.,3.8,1.4k,Insurance,Gurugram
Paytm Payments Bank,3.8,1.4k,Banking,Noida
Viraj Profiles,4.1,1.4k,Iron & Steel,Mumbai
Faurecia,3.9,1.4k,Auto Components,Pune
Aforeserve,3.4,1.4k,IT Services & Consulting,Mumbai
Brillio,3.4,1.4k,IT Services & Consulting,Bengaluru
CenturyPly,3.8,1.4k,Furniture & Furnishing,Kolkata
Burger King,4.0,1.4k,Hospitality,New Delhi
ZF Steering Gear,3.7,1.4k,Auto Components,Hyderabad
Bharat FIH,3.7,1.4k,Electronics Manufacturing,Chennai
SK Finance Limited,3.8,1.4k,NBFC,Jaipur
Aptara,3.1,1.4k,Content Development,Noida
Hindware Limited,3.9,1.4k,Building Material,Hyderabad
CreditAccess Grameen,3.9,1.4k,NBFC,Bengaluru
FDC,3.7,1.4k,Pharma,Mumbai
More Supermarket,3.7,1.4k,Retail,Bengaluru
GEP Worldwide,3.6,1.4k,IT Services & Consulting,Mumbai
Baroda Global Shared Services,3.9,1.4k,BPO,Gandhinagar
Globant,3.3,1.4k,IT Services & Consulting,Pune
RBL FinServe,3.9,1.4k,Financial Services,Mumbai
Sheenlac Paints,4.1,1.4k,Chemicals,Chennai
Hatsun Agro Product,3.8,1.4k,Food Processing,Chennai
OM Logistics,3.9,1.4k,Logistics,New Delhi
Nippon Paint India,4.0,1.4k,Chemicals,Chennai
Decathlon,3.7,1.4k,Retail,Bengaluru
Punjab National Bank,3.9,1.4k,Banking,New Delhi
Collabera Talent Solutions,3.4,1.4k,Recruitment,Bengaluru
NxtWave,3.5,1.4k,EdTech,Hyderabad
ManpowerGroup,3.6,1.4k,Recruitment,Bengaluru
Royal Migration Solutions,4.9,1.4k,Other,Dubai
DEXIT Global,3.4,1.4k,IT Services & Consulting,Mumbai
JioMart,3.9,1.4k,Retail,Mumbai
GE,4.1,1.4k,Defence & Aerospace,Bengaluru
Astral Pipe,3.9,1.3k,Building Material,Ahmedabad
ICICI Prudential Mutual Fund,3.9,1.3k,Financial Services,Mumbai
Shubham Housing Development Finance,4.0,1.3k,NBFC,New Delhi
Centre for Development of Advanced Computing,3.6,1.3k,IT Services & Consulting,Pune
Cinépolis,3.8,1.3k,Media & Entertainment,New Delhi
VIBGYOR Group of Schools,3.5,1.3k,Education & Training,Bengaluru
Mondelez International,4.1,1.3k,Food Processing,Mumbai
Spicejet,3.3,1.3k,Aviation,New Delhi
Ion Exchange India,3.7,1.3k,Waste Management,Mumbai
Apex Group,2.6,1.3k,Financial Services,Pune
Atul,3.9,1.3k,Chemicals,Valsad
Samsung Research,2.9,1.3k,IT Services & Consulting,Bengaluru
Jakson Group,4.1,1.3k,Power,Noida
Luminous Power Technologies,4.1,1.3k,Consumer Electronics & Appliances,Gurugram
Aarvee Associates,3.7,1.3k,Engineering & Construction,Hyderabad
Spandana Sphoorty Financial,3.8,1.3k,NBFC,Hyderabad
T-Systems ICT India,3.7,1.3k,IT Services & Consulting,Pune
Fabindia,3.7,1.3k,Retail,New Delhi
Big Bazaar,4.4,1.3k,Retail,New Delhi
Pantaloons,4.1,1.3k,Retail,Mumbai
Tenneco,3.6,1.3k,Auto Components,Pune
OpenText Technologies,3.3,1.3k,Software Product,Bengaluru
Hindustan Construction Company,4.2,1.3k,Engineering & Construction,Mumbai
Bluestock ™,4.5,1.3k,FinTech,Pune
Vestas,4.1,1.3k,Power,Chennai
ANZ Banking Group,3.7,1.3k,Banking,Bengaluru
Godrej Consumer Products,4.0,1.3k,FMCG,Mumbai
H.G. Infra Engineering,3.9,1.3k,Engineering & Construction,Jaipur
Willis Towers Watson,3.7,1.3k,Financial Services,Mumbai
Fresenius Kabi,4.0,1.3k,Pharma,Pune
DP World,3.8,1.3k,Logistics,Mumbai
KIMS Hospital,3.8,1.3k,Healthcare,Hyderabad
Dassault Systemes,3.7,1.3k,Software Product,Pune
Arvind Fashions Limited,3.8,1.3k,Fashion & Textile,Bengaluru
Prodapt,3.5,1.3k,IT Services & Consulting,Chennai
Zoho,4.1,1.3k,Software Product,Chennai
Diageo,3.7,1.3k,Beverage,Bengaluru
Panasonic,4.0,1.3k,Consumer Electronics & Appliances,Gurugram
Sigma Electric Manufacturing Corporation,4.0,1.3k,Industrial Machinery,Pune
SKF,4.0,1.3k,Auto Components,Pune
Mu Sigma,2.5,1.3k,Analytics & KPO,Bengaluru
Automotive Manufacturers,3.8,1.3k,Automobile,Hyderabad
Electronics Corporation of India Limited,4.2,1.3k,Electronics Manufacturing,Hyderabad
PNC Infratech,3.8,1.3k,Engineering & Construction,Agra
Intertek,3.8,1.3k,"Testing, Inspection and Certification (TIC)",New Delhi
Kalpataru Limited,4.1,1.3k,Real Estate,Mumbai
Shriram Pistons & Rings,4.0,1.3k,Auto Components,Bhiwadi
iSON Xperiences,3.1,1.3k,BPO,Chennai
AIIMS,4.2,1.3k,Education & Training,New Delhi
AGS Transact Technologies,2.8,1.3k,FinTech,Mumbai
Colliers India,3.9,1.3k,Real Estate,Bengaluru
Dell EMC,3.8,1.3k,IT Services & Consulting,Bengaluru
Indostar Capital Finance Limited,4.3,1.3k,NBFC,Mumbai
DLF,4.0,1.3k,Real Estate,Gurugram
Parexel International,3.8,1.3k,Clinical Research,Hyderabad
Rockman Industries,3.8,1.3k,Auto Components,Haridwar
Synchrony,4.3,1.3k,Financial Services,Hyderabad
Nielsen,3.1,1.3k,Analytics & KPO,Bengaluru
Ahluwalia Contracts India,4.0,1.3k,Engineering & Construction,New Delhi
JTEKT,4.0,1.3k,Auto Components,Gurugram
Oil And Natural Gas Corporation,4.3,1.3k,Oil & Gas,Mumbai
Wind World,4.0,1.3k,Power,Jaisalmer
Qualcomm,3.7,1.2k,Semiconductors,Hyderabad
ExcelR,3.6,1.2k,Education & Training,Bengaluru
Strides Pharma,3.9,1.2k,Pharma,Bengaluru
Jindal X,3.5,1.2k,BPO,New Delhi
Kirloskar Oil Engines,4.1,1.2k,Industrial Machinery,Pune
Fidelity Investments,4.1,1.2k,Financial Services,Bengaluru
JK Lakshmi Cement,3.7,1.2k,Building Material,New Delhi
Balkrishna Industries,4.0,1.2k,Auto Components,Bhuj
DENSO,4.1,1.2k,Auto Components,Gurugram
Innova Solutions,3.3,1.2k,IT Services & Consulting,Hyderabad
Zetwerk,4.0,1.2k,Industrial Machinery,Bengaluru
Rupeek,4.1,1.2k,FinTech,Bengaluru
Federal Bank,3.6,1.2k,Banking,Mumbai
Genius HRTech,3.7,1.2k,Recruitment,Kolkata
Schaeffler India,4.0,1.2k,Auto Components,Vadodara
Fidelity National Financial,3.7,1.2k,Financial Services,Bengaluru
Best Sellers,4.1,1.2k,Retail,Mumbai
ACG Worldwide,3.8,1.2k,Pharma,Mumbai
EbixCash Limited,3.5,1.2k,Software Product,Noida
Leadec India,4.0,1.2k,Facility Management Services,Pune
Sri Chaitanya Techno Schools,3.4,1.2k,Education & Training,Bengaluru
Imperial Auto Industries,3.7,1.2k,Auto Components,Faridabad
Aparna Constructions and Estates,3.8,1.2k,Real Estate,Hyderabad
Baazar Retail Private Limited,4.4,1.2k,Retail,Kolkata
Aptiv,3.4,1.2k,Auto Components,Bengaluru
Meril,3.5,1.2k,Medical Equipment,Vapi
Intel,4.1,1.2k,Semiconductors,Bengaluru
Prism Johnson,3.7,1.2k,Building Material,Mumbai
Indira IVF Hospital,3.8,1.2k,Healthcare,Mumbai
PHN Technology,4.2,1.2k,EdTech,Pune
HFCL Limited,3.7,1.2k,Telecom,Hyderabad
Salesforce,3.9,1.2k,Software Product,Hyderabad
London Stock Exchange Group,3.6,1.2k,Financial Services,Bengaluru
IIFL Home Finance,3.8,1.2k,NBFC,Gurugram
Thyrocare Technologies,3.7,1.2k,Healthcare,Mumbai
Electronica Finance,4.1,1.2k,NBFC,Pune
Birla Opus,4.0,1.2k,Chemicals,Mumbai
Birla Corporation,4.0,1.2k,Building Material,Satna
PayPal,3.7,1.2k,FinTech,Bengaluru
MDIndia Health Insurance TPA,3.6,1.2k,Insurance,Pune
Deccan Fine Chemicals,3.6,1.2k,Agro Chemicals,Tuni
Johnson Lifts,3.9,1.2k,Industrial Machinery,Chennai
The Jaypee Group,3.8,1.2k,Engineering & Construction,Noida
FOCUS EDUMATICS,2.9,1.2k,EdTech,Coimbatore
Nilkamal,3.6,1.2k,Furniture & Furnishing,Mumbai
Podar International School,4.0,1.2k,Education & Training,Mumbai
Coca-Cola Company,4.0,1.2k,Beverage,Bengaluru
Biocon Biologics,3.7,1.2k,Biotechnology,Bengaluru
Dhoot Transmission,3.7,1.2k,Auto Components,Chhatrapati Sambhajinagar
Apollo Health and Lifestyle Limited,4.3,1.2k,Healthcare,Hyderabad
CaratLane - A Tata Product,4.0,1.2k,Jewellery,Chennai
Stanza Living,3.4,1.2k,Internet,Bengaluru
INDO-MIM,4.0,1.2k,Metals & Mining,Bengaluru
Innodata India Private Limited,3.7,1.2k,IT Services & Consulting,Noida
Kinara Capital,4.4,1.2k,NBFC,Bengaluru
Barclays Shared Services,3.7,1.2k,Financial Services,Chennai
Ocwen Financial Solutions,3.7,1.2k,Financial Services,Bengaluru
Navitasys India,4.0,1.2k,Electronics Manufacturing,Bawal
Motilal Oswal Home Finance,4.3,1.2k,NBFC,Mumbai
Dishtv,3.4,1.2k,Broadcasting,Noida
Bajaj Motors,3.9,1.2k,Auto Components,Gurugram
Edelweiss Life Insurance,3.7,1.2k,Insurance,Mumbai
Svatantra Microfin,3.9,1.2k,NBFC,Mumbai
Kohler,3.6,1.2k,Building Material,Pune
Jabil Circuit India,4.0,1.2k,Electronics Manufacturing,Pune
V2 Retail,3.3,1.2k,Retail,New Delhi
Asirvad Microfinance,3.8,1.2k,NBFC,Chennai
Jacobs Engineering Group,4.2,1.2k,Engineering & Construction,Mumbai
Edelweiss,3.6,1.2k,Financial Services,Mumbai
1Point1 Solutions Ltd,3.6,1.2k,IT Services & Consulting,Bengaluru
Onward Technologies Inc,2.8,1.2k,IT Services & Consulting,Pune
Unicharm,3.9,1.2k,FMCG,Gurugram
Advantmed,4.0,1.2k,Healthcare,Ahmedabad
Air India Sats Airport Services,3.6,1.1k,Aviation,New Delhi
TÜV NORD,3.7,1.1k,"Testing, Inspection and Certification (TIC)",Pune
Piaggio,3.6,1.1k,Automobile,Pune
TK Elevator,3.8,1.1k,Industrial Machinery,Pune
Barbeque Nation,3.9,1.1k,Hospitality,Bengaluru
MG Motor,3.9,1.1k,Automobile,Vadodara
Hyundai Mobis,3.7,1.1k,Auto Components,Chennai
Unity Small Finance Bank,3.6,1.1k,Banking,Mumbai
Zydus Wellness,4.1,1.1k,FMCG,Ahmedabad
Sundaram Finance,3.9,1.1k,NBFC,Chennai
ICON Plc,4.0,1.1k,Clinical Research,Chennai
MAHLE ANAND Filter Systems,3.9,1.1k,Auto Components,Pune
Hikal,3.8,1.1k,Pharma,Bengaluru
Tube Investments of India,3.8,1.1k,Engineering & Construction,Chennai
BDR Pharmaceuticals International,4.2,1.1k,Pharma,Vadodara
Hinduja Housing Finance,3.7,1.1k,NBFC,New Delhi
Tata Capital Housing Finance,3.9,1.1k,NBFC,Mumbai
Hitachi Energy,4.0,1.1k,Power,Chennai
Godrej Agrovet,4.0,1.1k,Agriculture,Mumbai
Kirloskar Brothers,3.8,1.1k,Industrial Machinery,Pune
Knorr-Bremse,3.3,1.1k,Auto Components,Pune
Aarvi Encon,4.0,1.1k,Recruitment,Mumbai
Wonder Home Finance,4.6,1.1k,NBFC,Jaipur
Syngenta,4.1,1.1k,Agriculture,Pune
Wistron,4.0,1.1k,Electronics Manufacturing,Bengaluru
Sri Chaitanya Educational Institutions,3.5,1.1k,Education & Training,Hyderabad
HPCL-Mittal Energy Limited,4.3,1.1k,Petrochemicals,Bathinda
Vedanta Aluminium Metal,3.8,1.1k,Metals & Mining,Jharsuguda
SLMG Beverages,3.9,1.1k,Beverage,Lucknow
Malabar Gold and Diamonds,4.0,1.1k,Jewellery,Hyderabad
Saipem,4.2,1.1k,Engineering & Construction,Chennai
Gmmco,4.0,1.1k,Industrial Machinery,Chennai
Shyam Steel Group,3.5,1.1k,Iron & Steel,Kolkata
CALIBEHR,3.9,1.1k,IT Services & Consulting,Mumbai
TKIL,4.0,1.1k,Industrial Machinery,Pune
Dana Anand,4.0,1.1k,Auto Components,Pune
Pernod Ricard,3.5,1.1k,Beverage,Gurugram
Thermo Fisher Scientific,3.8,1.1k,Biotechnology,Bengaluru
Netcracker Technology,2.9,1.1k,IT Services & Consulting,Hyderabad
Crompton Greaves Consumer Electricals,3.7,1.1k,Consumer Electronics & Appliances,Mumbai
Writer Information Management Services,3.2,1.1k,BPO,Mumbai
Power Grid Corporation of India,4.3,1.1k,Power,Gurugram
QX Global Group,3.0,1.1k,BPO,Ahmedabad
VMware Software,4.4,1.1k,Software Product,Bengaluru
GAIL,4.4,1.1k,Oil & Gas,New Delhi
Metropolis Healthcare,3.8,1.1k,Healthcare,Mumbai
Adani Ports and SEZ,3.6,1.1k,Ports & Shipping,Mundra
Aspire Systems,3.8,1.1k,IT Services & Consulting,Chennai
Vayona Energy,4.0,1.1k,Power,Bengaluru
Vertiv,3.8,1.1k,Electronics Manufacturing,Pune
Fractal Analytics,4.0,1.1k,Analytics & KPO,Bengaluru
Gharda Chemicals Limited,3.9,1.1k,Agro Chemicals,Mumbai
Hindustan Zinc,3.7,1.1k,Metals & Mining,Udaipur
Northcorp Software,4.8,1.1k,IT Services & Consulting,Gurugram
Wheels,3.9,1.1k,Auto Components,Chennai
Bajaj Capital Insurance Broking Limited,4.3,1.1k,Insurance,New Delhi
GVPR Engineers,3.9,1.1k,Engineering & Construction,Hyderabad
Greenko Group,3.9,1.1k,Power,Hyderabad
Thomas Cook,4.1,1.1k,Travel & Tourism,Mumbai
Renault Nissan Automotive India Private Limited,4.2,1.1k,Automobile,Chennai
United Breweries,3.4,1.1k,Beverage,Bengaluru
Uber,4.0,1.1k,Internet,Hyderabad
IB Group,3.7,1.1k,Food Processing,Rajnandgaon
Motherson Sumi Wiring,3.6,1.1k,Electrical Equipment,Noida
Zf Rane Automotive,3.9,1.1k,Auto Components,Chennai
Atlas Copco,4.1,1.1k,Industrial Machinery,Pune
ValueMomentum,3.2,1.1k,IT Services & Consulting,Hyderabad
ALLEN Career Institute,3.7,1.1k,Education & Training,Kota
Skipper,3.9,1.1k,Industrial Machinery,Kolkata
Xyz Company,3.8,1.1k,Financial Services,Bengaluru
BirlaNu,3.8,1.1k,Building Material,Hyderabad
Otis Elevator,4.0,1.1k,Industrial Machinery,Bengaluru
Jet Airways,4.6,1.1k,Aviation,Mumbai
Syrma SGS Technologies,4.1,1.1k,Electronics Manufacturing,Chennai
Bharat Sanchar Nigam,3.8,1.1k,Telecom,Bengaluru
Siemens Energy,4.0,1.1k,Power,Pune
Nexa,3.9,1.1k,Automobile,New Delhi
Hitachi Payment Services,3.6,1.1k,FinTech,Mumbai
NBC Bearings,3.9,1.1k,Auto Components,Jaipur
Tata Cummins,4.4,1.1k,Auto Components,Jamshedpur
Klm Axiva Finvest,4.4,1.1k,NBFC,Bengaluru
Spencer's Retail,3.8,1.1k,Retail,Kolkata
Lakshmi Machine Works,3.8,1.1k,Industrial Machinery,Coimbatore
Vistaar Finance,3.9,1.1k,NBFC,Bengaluru
GlobalData,3.3,1.1k,Analytics & KPO,Hyderabad
Suzuki Motorcycle,4.0,1.1k,Automobile,Gurugram
Nippon Life India Asset Management,4.6,1.1k,Financial Services,Mumbai
Skoda Auto Volkswagen India,3.9,1.1k,Automobile,Pune
Allianz Technology,4.0,1.1k,IT Services & Consulting,Pune
Amara Raja Group,4.1,1.1k,Auto Components,Tirupati
Vaco Binary Semantics,3.1,1.1k,IT Services & Consulting,Gurugram
Fortrea Development India Private Limited,3.9,1.1k,Clinical Research,Bengaluru
Aparajitha Corporate Services,3.8,1.1k,Legal,Madurai
Arohan Financial Services,3.8,1.1k,NBFC,Kolkata
Merino Industries,3.7,1.1k,Building Material,New Delhi
iQor Global Services,3.3,1.1k,BPO,Noida
Zudio,3.9,1.1k,Retail,New Delhi
Comviva Technology,2.7,1.1k,Software Product,Gurugram
Perfetti Van Melle,4.2,1.1k,FMCG,Gurugram
MakeMyTrip,3.5,1k,Travel & Tourism,Gurugram
SitusAMC,3.2,1k,Financial Services,Bengaluru
Ceasefire Industries,3.1,1k,Industrial Machinery,New Delhi
Tiger Analytics,3.8,1k,IT Services & Consulting,Bengaluru
Westside,3.7,1k,Retail,Mumbai
Secure Meters,3.9,1k,Electronics Manufacturing,Udaipur
Visionet Systems,3.3,1k,IT Services & Consulting,Bengaluru
Colgate Palmolive,4.0,1k,FMCG,Mumbai
Star Cement,4.0,1k,Building Material,Guwahati
Bounteous,3.1,1k,IT Services & Consulting,Bengaluru
VeeTechnologies,4.0,1k,IT Services & Consulting,Salem
Lemon Tree Hotels,4.0,1k,Hospitality,New Delhi
Technip Energies,3.9,1k,Engineering & Construction,Noida
MasterCard,3.8,1k,FinTech,Pune
Mastek,3.6,1k,IT Services & Consulting,Mumbai
Pristyn Care,3.1,1k,Internet,Gurugram
Cult.fit,3.4,1k,Fitness & Wellness,Bengaluru
TradeIndia (Infocom Network Private Limited),3.3,1k,Internet,New Delhi
Wonder Cement,4.2,1k,Building Material,Nimbahera
Xebia,2.9,1k,IT Services & Consulting,Gurugram
AstraZeneca,3.8,1k,Pharma,Chennai
Sahara India Pariwar,3.9,1k,Broadcasting,Lucknow
National Payments Corporation of India,3.9,1k,FinTech,Mumbai
Amazon Web Services,3.8,1k,IT Services & Consulting,Bengaluru
Marsh McLennan,3.8,1k,Management Consulting,Mumbai
Temenos,3.1,1k,Software Product,Chennai
Psp Projects,3.8,1k,Engineering & Construction,Ahmedabad
Collins Aerospace,3.8,1k,Defence & Aerospace,Bengaluru
C&S Electric,4.0,1k,Electrical Equipment,Noida
Integra Software Services,4.1,1k,IT Services & Consulting,Puducherry
JSW Group,3.9,1k,Iron & Steel,Mumbai
eClinicalWorks,3.5,1k,Software Product,Ahmedabad
Mahindra Automotives,3.8,1k,Automobile,Pune
J B Chemicals And Pharmaceuticals,3.9,1k,Pharma,Mumbai
Rebel Foods,3.7,1k,Hospitality,Mumbai
Entain,3.5,1k,IT Services & Consulting,Hyderabad
Incheon Motors,4.7,1k,Automobile,Kochi
Yokohama Off-Highway Tires,3.7,1k,Auto Components,Bharuch
Jyothy Labs,4.0,1k,FMCG,Mumbai
Capacit'e Infraprojects,3.7,1k,Engineering & Construction,Mumbai
Quantiphi Analytics Solutions Private Limited,3.1,1k,IT Services & Consulting,Bengaluru
Salcomp Manufacturing,4.0,1k,Electronics Manufacturing,Chennai
Bhanzu,3.8,1k,EdTech,Bengaluru
KEI Industries,4.2,1k,Electrical Equipment,New Delhi
Lumina Datamatics,3.1,1k,IT Services & Consulting,Mumbai
CarDekho Group,3.6,1k,Internet,Gurugram
Lowe's,4.0,1k,Retail,Bengaluru
Defence Research & Development Organisation,4.5,1k,Defence & Aerospace,Hyderabad
Napino Auto & Electronics,3.9,1k,Auto Components,Gurugram
Everest Industries,3.8,1k,Building Material,Mumbai
Natco Pharma,4.0,1k,Pharma,Hyderabad
General Mills,4.0,1k,Food Processing,Mumbai
Pizza Hut,4.0,1k,Hospitality,New Delhi
Guidehouse,3.5,1k,Management Consulting,Chennai
TechnipFMC,3.9,1k,Engineering & Construction,Hyderabad
Softenger,4.0,1k,IT Services & Consulting,Pune
Astral Adhesives,3.8,1k,Chemicals,Ahmedabad
SYSKA LED Lights,2.9,1k,Consumer Electronics & Appliances,Pune
JW Marriott,4.2,1k,Hospitality,Mumbai
JSW Paints,3.7,1k,Chemicals,Mumbai
Hiranandani Financial Services,4.4,1k,NBFC,Mumbai
LOREAL,3.7,1k,Beauty & Personal Care,Mumbai
Shriram General Insurance,3.6,1k,Insurance,Jaipur
Xceedance,3.6,1k,IT Services & Consulting,Gurugram
VIP Industries,3.8,1k,Retail,Mumbai
Kendriya Vidyalaya Sangathan,4.3,1k,Education & Training,New Delhi
Barclays Global Service Centre,3.8,999,IT Services & Consulting,Pune
Financial Software & Systems,3.6,998,Software Product,Chennai
Pricol,3.9,997,Auto Components,Coimbatore
Cohance Lifesciences,3.9,994,Pharma,Hyderabad
Jaro Education,3.3,991,Education & Training,Mumbai
LanceSoft,3.2,991,Recruitment,Hyderabad
Signify,3.4,987,Consumer Electronics & Appliances,Bengaluru
Adani Enterprises,3.6,986,Metals & Mining,Ahmedabad
Pramerica Life Insurance,3.7,986,Insurance,Gurugram
Amphenol Interconnect,4.2,985,Electrical Equipment,Pune
Navayuga Engineering Company,3.9,982,Engineering & Construction,Hyderabad
SFO Technologies,3.4,983,Electronics Manufacturing,Bengaluru
Altisource,3.4,980,Real Estate,Bengaluru
Knight Frank,4.0,980,Real Estate,Mumbai
Velocis Systems,3.8,979,IT Services & Consulting,New Delhi
Regulated Council of Immigration Consultants,4.9,978,Other,Dubai
Aristo Pharmaceuticals,3.9,978,Pharma,Mumbai
Renault-Nissan,3.9,976,Automobile,Chennai
"Commonwealth Bank of Australia, India",2.7,977,Financial Services,Bengaluru
Timken,3.9,975,Industrial Machinery,Jamshedpur
KMV Projects Limited,4.3,972,Engineering & Construction,Hyderabad
ICCS,3.0,971,BPO,Noida
Gannon Dunkerley & Co.,3.4,969,Engineering & Construction,Kolkata
Nasser S. Al Hajri Corporation,3.6,968,Engineering & Construction,Chennai
Volvo,4.0,968,Automobile,Bengaluru
Re Sustainability Limited,3.8,967,Waste Management,Hyderabad
Reliance Power,4.1,967,Power,Singrauli
M3M India,4.1,967,Real Estate,Gurugram
Godfrey Phillips India,4.0,966,FMCG,New Delhi
Steag Energy Services,4.3,965,Power,Jharsuguda
Sandhar Technologies,3.7,964,Auto Components,Gurugram
KreditBee,4.0,963,FinTech,Bengaluru
Mando Automotive,4.0,963,Auto Components,Chennai
Medha Servo Drives,4.2,962,Electrical Equipment,Hyderabad
Medhaj Techno Concept,4.0,960,Management Consulting,Lucknow
FLSmidth,3.5,960,Industrial Machinery,Chennai
Target,4.0,961,Retail,Bengaluru
Greenlam Industries,4.1,960,Building Material,New Delhi
CIEL HR,3.9,959,Recruitment,Bengaluru
Petrofac,4.3,958,Oil & Gas,Chennai
Tikona Infinet,3.3,957,Telecom,Mumbai
Episource,3.9,957,IT Services & Consulting,Chennai
MAS Financial Services Ltd,3.6,960,NBFC,Ahmedabad
Naukri,4.1,957,Internet,Noida
Hathway,3.3,956,Telecom,Mumbai
Jubilant Pharmova,3.7,956,Pharma,Noida
FastInfo,4.2,955,Internet,Kolkata
SKH Metals,4.0,956,Auto Components,Gurugram
Tafe Motors & Tractors,3.8,955,Industrial Machinery,Bhopal
OCS Group,4.1,954,Facility Management Services,Mumbai
Orient Electric,3.7,952,Consumer Electronics & Appliances,New Delhi
Wakefit,3.9,953,Furniture & Furnishing,Bengaluru
Deepak Fertilisers and Petrochemicals,4.0,950,Chemicals,Mumbai
Bayer,4.0,950,Pharma,Bengaluru
Intellipaat Software Solutions,3.8,949,EdTech,Bengaluru
Apotex Research,3.7,948,Pharma,Bengaluru
Schlumberger,3.7,946,Oil & Gas,Pune
Aviva Life Insurance India,3.4,944,Insurance,Gurugram
GE Healthcare,3.8,944,Medical Equipment,Bengaluru
Test Yantra Software Solutions,2.9,943,IT Services & Consulting,Bengaluru
Simplilearn,3.8,942,EdTech,Bengaluru
HomeLane,3.3,942,Architecture & Interior Design,Bengaluru
Sona Comstar,4.0,942,Auto Components,Gurugram
HT Media,3.0,942,Media & Entertainment,New Delhi
Experis IT,3.0,938,Recruitment,Bengaluru
Nirma,4.3,938,FMCG,Bhavnagar
Nityo Infotech,3.2,938,IT Services & Consulting,Bengaluru
Vijay Sales,4.0,938,Retail,Mumbai
Sundaram Clayton,3.9,937,Auto Components,Chennai
Ashirvad Pipes,3.8,936,Building Material,Bengaluru
ACL Digital,3.5,935,IT Services & Consulting,Bengaluru
Amazon Sellers Services,4.0,935,Internet,Bengaluru
Wipro PARI,3.2,932,Industrial Automation,Pune
Neel Metal Products,4.0,933,Auto Components,Gurugram
Impact Infotech Pvt. Ltd.,3.8,932,IT Services & Consulting,Mumbai
Michelin,3.7,932,Auto Components,Pune
Netscribes,2.7,932,Analytics & KPO,Kolkata
Yashoda Hospitals,3.9,933,Healthcare,Hyderabad
Alok Industries,3.6,932,Fashion & Textile,Dadra & Nagar Haveli
Aircel,4.3,929,Telecom,New Delhi
WSP in India,4.2,930,Management Consulting,Bengaluru
Nibav Lifts,4.0,927,Industrial Machinery,Chennai
Ageas Federal Life Insurance,3.4,927,Insurance,Mumbai
Alorica,3.1,928,BPO,Bengaluru
Carborundum Universal Limited,3.7,926,Industrial Machinery,Chennai
Egis India Consulting Engineers,4.3,926,Engineering & Construction,Gurugram
Acme Cleantech Solutions,4.0,922,Power,Gurugram
Updater Services,3.7,922,Facility Management Services,Chennai
Fedbank Financial Services,4.0,921,NBFC,Mumbai
Musashi Auto Parts,3.8,921,Auto Components,Bengaluru
Truhome Finance,3.7,919,Financial Services,Mumbai
Bosch Chassis Systems,4.1,919,Auto Components,Pune
Ather Energy,4.1,916,Automobile,Bengaluru
Ups Logistics,3.6,915,Logistics,Pune
Apar Industries,4.1,915,Semiconductors,Mumbai
Epsilon,3.6,914,Marketing & Advertising,Bengaluru
Centum Electronics,3.4,913,Electronics Manufacturing,Bengaluru
H&M,3.8,914,Fashion & Textile,Bengaluru
UKG,2.8,913,Software Product,Noida
Silaris Informations,2.9,912,BPO,New Delhi
RAMTeCH Software Solutions,3.7,911,IT Services & Consulting,Hyderabad
TNQ Tech Private Limited,3.5,909,Printing & Publishing,Chennai
Casagrand,3.7,909,Real Estate,Chennai
Satya MicroCapital,3.7,909,NBFC,New Delhi
Volkswagen,4.1,908,Automobile,Pune
Shivalik Small Finance Bank,4.2,907,Banking,Noida
MOURI Tech,3.6,906,IT Services & Consulting,Hyderabad
Magna International,3.9,905,Auto Components,Pune
India Shelter Finance Corporation,3.7,903,NBFC,Gurugram
Ascendion,3.1,903,IT Services & Consulting,Bengaluru
Victura Technologies Private Limited,4.0,903,Auto Components,Faridabad
Tata Chemicals,3.9,902,Chemicals,Jamnagar
Nlb Services,3.6,902,Recruitment,Noida
Tata Starbucks,4.1,900,Hospitality,Mumbai
Shilpa Medicare,3.4,899,Pharma,Hyderabad
Parag Milk Foods,3.9,898,Food Processing,Mumbai
IDEMIA,3.8,898,Electronics Manufacturing,Noida
AJIO,3.6,897,Internet,Bengaluru
Metso,4.1,900,Metals & Mining,Alwar
Swaraj Tractors,4.0,896,Automobile,Sahibzada Ajit Singh Nagar
Marks & Spencer,3.8,896,Retail,New Delhi
Rohan Builders,4.1,896,Real Estate,Pune
National Health Mission,3.4,895,Healthcare,Guwahati
KGISL,3.2,894,IT Services & Consulting,Coimbatore
BGR Energy Systems,3.8,893,Engineering & Construction,Chennai
Athena BPO,3.3,891,BPO,Mumbai
C.R.I. Pumps,3.9,891,Industrial Machinery,Coimbatore
Parekh Integrated Services,4.0,891,Logistics,Mumbai
Vedanta Limited,3.7,891,Metals & Mining,Jharsuguda
Panacea Biotec,3.5,890,Biotechnology,Baddi
Nexdigm,3.7,890,Management Consulting,Pune
BDO,3.1,889,Accounting & Auditing,Mumbai
Porter,3.5,889,Internet,Bengaluru
Next Education India,3.2,889,EdTech,Hyderabad
Shaktiman Tirth Agro Technology,3.8,889,Industrial Machinery,Rajkot
Future Focus Infotech,3.3,888,IT Services & Consulting,Bengaluru
Union Bank of India,3.9,888,Banking,Mumbai
Jaya Hind Industries,3.7,887,Auto Components,Pune
Clarivate,3.6,888,Analytics & KPO,Bengaluru
Tata Power Solar,4.1,886,Power,Bengaluru
enGen Global,3.8,886,IT Services & Consulting,Chennai
Rico Auto Industries,3.8,886,Auto Components,Gurugram
Sutherland Healthcare Solutions,3.6,885,Analytics & KPO,Hyderabad
Welspun Corp,3.9,886,Iron & Steel,Anjar
Tata Hitachi Construction Machinery,4.0,882,Industrial Machinery,Kharagpur
HP India,3.8,882,Consumer Electronics & Appliances,Bengaluru
Precision Infomatic M Pvt Ltd,3.9,880,IT Services & Consulting,Chennai
Petpooja,3.9,880,Software Product,Ahmedabad
Lumen Technologies,3.8,878,Hardware & Networking,Bengaluru
Rockwell Automation,3.7,877,Industrial Automation,Pune
Torry Harris Integration Solutions,4.1,877,IT Services & Consulting,Bengaluru
RR kabel,4.1,877,Electrical Equipment,Vadodara
Patel Infrastructure Limited,4.4,876,Engineering & Construction,Vadodara
Bechtel,3.9,873,Engineering & Construction,Gurugram
IBS Software Services,3.5,872,Software Product,Kochi
Eris Lifesciences,3.6,872,Pharma,Ahmedabad
Waaree Energies,4.0,873,Power,Surat
Sanden Vikas,4.0,869,Auto Components,Faridabad
Five-Star Business Finance,4.1,870,NBFC,Chennai
LEAD School,3.2,868,EdTech,Mumbai
Syneos Health,3.5,870,Clinical Research,Hyderabad
Mahindra First Choice,3.9,866,Internet,Mumbai
AuthBridge Research Services,3.1,866,IT Services & Consulting,Gurugram
K Raheja Corp,4.2,865,Hospitality,Mumbai
Luxoft,3.6,866,IT Services & Consulting,Bengaluru
Royal Sundaram General Insurance,3.7,865,Insurance,Chennai
Greaves Cotton,4.0,865,Travel & Tourism,Chhatrapati Sambhajinagar
Poly Medicure,3.5,865,Medical Equipment,Faridabad
Bank of India,3.9,864,Banking,Mumbai
Fareportal,2.9,864,Travel & Tourism,Gurugram
Principal Financial Group,3.5,865,Insurance,Pune
DBG Technology,3.7,862,Electronics Manufacturing,Rewari
Mahindra Tractors,4.1,861,Automobile,Nagpur
Guardian India,3.7,860,Insurance,Chennai
Rodic Consultants,4.2,860,Engineering & Construction,New Delhi
Rashmi Group,3.5,859,Iron & Steel,Kharagpur
Dineshchandra R. Agrawal Infracon,4.0,859,Engineering & Construction,Ahmedabad
Universal Sompo General Insurance,4.4,856,Insurance,Mumbai
Medusind Solutions,3.5,855,IT Services & Consulting,Chennai
Ugro Capital,3.7,854,NBFC,Mumbai
Teamware Solutions,4.1,853,Recruitment,Hyderabad
Vastu Housing Finance,4.1,854,NBFC,Mumbai
Serco,4.3,852,Analytics & KPO,Mumbai
Baxter International,3.8,855,Healthcare,Bengaluru
eTeam,3.2,851,Recruitment,Bengaluru
Ramkrishna Forgings,3.5,851,Auto Components,Jamshedpur
Freshworks,3.3,850,Software Product,Chennai
Encore Capital Group,3.8,850,Financial Services,Gurugram
Bpo Convergence,3.5,850,BPO,Hyderabad
Sunbeam Auto,3.9,850,Auto Components,Gurugram
JK Paper,3.8,849,Pulp & Paper,Rayagada
Orion Edutech,4.1,849,EdTech,Kolkata
Credence Resource Management,3.0,850,BPO,Pune
Zydus Healthcare,4.0,851,Pharma,Mumbai
Praj Industries,4.0,848,Biotechnology,Pune
Amber Enterprises India,3.8,847,Electronics Manufacturing,Gurugram
Artech Infosystems,3.3,847,Recruitment,Bengaluru
Duck Creek Technologies,4.5,846,Software Product,Mumbai
Consolidated Contractors,4.2,846,Engineering & Construction,Mumbai
Advik Hi Tech,3.8,845,Auto Components,Pune
Y-Axis Overseas Careers,4.0,843,Other,Hyderabad
Feedback Infrastructure Services,3.5,842,Engineering & Construction,Gurugram
Prama Hikvision India,3.5,842,Electronics Manufacturing,Mumbai
Linde India,3.9,840,Chemicals,Vadodara
FIITJEE,3.2,840,Education & Training,New Delhi
Jio-bp,3.6,840,Oil & Gas,Mumbai
Ramco Systems,3.7,839,Software Product,Chennai
Novac Technology Solutions,3.5,840,Software Product,Chennai
Ford Business Solutions,4.1,837,IT Services & Consulting,Chennai
Qualitest,3.6,837,IT Services & Consulting,Bengaluru
Prince Pipes & Fittings,4.1,837,Building Material,Mumbai
Vijaya Diagnostic Centre,3.7,837,Healthcare,Hyderabad
Bill Gosling Outsourcing India,3.5,838,Gurugram +14 other locations,
Huhtamaki,4.0,831,Packaging,Mumbai
Ask Automotive,4.1,831,Auto Components,Gurugram
Zuventus Healthcare,3.8,830,Pharma,Mumbai
Border Security Force,4.4,829,Law Enforcement & Security,New Delhi
AISIN,4.1,829,Auto Components,Rohtak
Aequs,3.4,829,Defence & Aerospace,Belagavi
Nippon Koei India,4.7,830,Engineering & Construction,New Delhi
THE LEELA PALACES HOTELS & RESORTS,4.0,829,Hospitality,New Delhi
Radical Minds,2.8,829,BPO,Gurugram
Qinecsa Solutions,2.7,828,Clinical Research,Mysuru
Axtria,2.7,827,Software Product,Gurugram
RenewBuy,3.3,827,Internet,Gurugram
Progressive Techserve,3.2,827,IT Services & Consulting,Noida
PUMA,4.1,826,Fashion & Textile,Bengaluru
IFFCO,4.1,825,Agro Chemicals,New Delhi
Wabtec,3.8,825,Auto Components,Bengaluru
Punj Lloyd,4.0,824,Engineering & Construction,Gurugram
Engineers India,4.2,824,Engineering & Construction,New Delhi
Investors Clinic,3.5,822,Real Estate,Noida
Somany Ceramics,4.2,822,Building Material,New Delhi
Eveready Industries,3.9,821,Consumer Electronics & Appliances,Kolkata
Denave,3.4,821,Marketing & Advertising,Noida
Chennai Radha Engineering Works,3.9,819,Engineering & Construction,Chennai
Fluor Corporation,4.1,819,Engineering & Construction,Gurugram
Action Construction Equipment,3.7,818,Industrial Machinery,Faridabad
Travel Food Services Ltd,4.0,818,Hospitality,Mumbai
Hitachi,3.8,818,Industrial Machinery,Bengaluru
Wipro Consumer Care & Lighting,3.6,817,FMCG,Bengaluru
Zidio Development,4.3,816,IT Services & Consulting,Bengaluru
JM Financial,3.7,816,Financial Services,Mumbai
Careernet,3.5,815,Recruitment,Bengaluru
Indo Autotech,4.0,816,Auto Components,Faridabad
Maveric Systems,3.3,814,IT Services & Consulting,Chennai
Toyo Engineering,4.0,814,Engineering & Construction,Mumbai
Franklin Templeton Investments,3.9,813,Financial Services,Hyderabad
Redcliffe Labs,4.1,814,Healthcare,Noida
Creative Synergies Group,3.8,812,IT Services & Consulting,Bengaluru
Forever Living Products,4.2,812,Fitness & Wellness,Mumbai
Neurealm,3.4,812,IT Services & Consulting,Chennai
Jai Balaji Group,3.2,812,Iron & Steel,Durgapur
Microtek International,3.7,809,Consumer Electronics & Appliances,New Delhi
Hilti,3.4,810,Industrial Machinery,Gurugram
ManipalCigna Health Insurance,3.7,812,Insurance,Mumbai
Rallis India,4.0,810,Agro Chemicals,Ankleshwar
Lenovo,4.0,810,Consumer Electronics & Appliances,Bengaluru
Mindsprint,3.5,810,IT Services & Consulting,Chennai
ManipalCigna Health Insurance,3.7,812,Insurance,Mumbai
Hitachi Digital Services,3.5,810,IT Services & Consulting,Hyderabad
Eastman Auto and Power Limited,3.9,809,Electronics Manufacturing,Gurugram
First Advantage,3.4,808,Recruitment,Bengaluru
People Tech Group,2.3,808,IT Services & Consulting,Hyderabad
Allied Digital Services,3.1,807,IT Services & Consulting,Mumbai
Padget Electronics,3.8,807,Electronics Manufacturing,Noida
Lea Associates South Asia,4.2,807,Engineering & Construction,New Delhi
Pratap Technocrats,3.7,807,Telecom,Pune
Wapcos,3.1,806,Engineering & Construction,New Delhi
Intex Technologies,3.6,806,Consumer Electronics & Appliances,New Delhi
Celebal Technologies,3.0,805,IT Services & Consulting,Jaipur
Protiviti,3.0,804,Management Consulting,Gurugram
Ksb Pumps,3.7,804,Industrial Machinery,Pune
Fleetguard Filters Private Limited,4.3,803,Auto Components,Pune
Neuland Laboratories,3.9,802,Pharma,Hyderabad
Isuzu Motors,4.2,802,Automobile,Chennai
Volkswagen Group Digital Solutions [India],3.9,802,IT Services & Consulting,Pune
Sterling Tools,4.5,801,Auto Components,Faridabad
Reliance Smart,4.1,799,Retail,Hyderabad
Alivus Life Sciences,3.8,799,Pharma,Ankleshwar
Fidelity International,3.6,799,Financial Services,Gurugram
JSW Energy,4.1,797,Power,Mumbai
Vaaman Engineers,3.8,797,Engineering & Construction,Jharsuguda
NTT,3.9,795,IT Services & Consulting,Mumbai
Ameriprise Financial,3.7,795,Financial Services,Gurugram
VA Tech Wabag,3.8,796,Waste Management,Chennai
Bses Rajdhani Power,3.9,794,Power,New Delhi
Exicom,3.9,793,Semiconductors,Gurugram
Edubridge Learning,3.8,793,EdTech,Mumbai
Forvia Hella,3.7,792,Auto Components,Pune
ESL Steel,3.9,792,Iron & Steel,Bokaro
Bunge India,3.9,792,Food Processing,Sahibzada Ajit Singh Nagar
JioStar,3.6,791,Media & Entertainment,Mumbai
Steel Authority Of India,4.1,790,Iron & Steel,Rourkela
Bitwise Solutions,3.6,790,IT Services & Consulting,Pune
Central Industrial Security Force,4.2,791,Law Enforcement & Security,New Delhi
Times Internet,3.4,789,Internet,Noida
TO THE NEW,3.5,789,IT Services & Consulting,Noida
India Japan Lighting,4.0,789,Auto Components,Chennai
Assystem,3.2,789,Engineering & Construction,Chennai
Creambell,3.8,789,Hospitality,New Delhi
Amadeus,3.7,788,Software Product,Bengaluru
Sharda Motor Industries,3.7,788,Auto Components,Chennai
Quatrro Business Support Services,3.2,788,Recruitment,Gurugram
Mott MacDonald,3.9,790,Management Consulting,Mumbai
R.V.R. PROJECTS,3.9,789,Engineering & Construction,Hyderabad
CMS Computers Limited (INDIA),3.6,787,IT Services & Consulting,New Delhi
National Informatics Centre,3.9,787,Government,New Delhi
Stellantis,3.4,788,Automobile,Chennai
BNP Paribas India Solutions,3.5,786,IT Services & Consulting,Mumbai
Greenply,3.8,784,Building Material,Kolkata
Skill Lync,3.1,784,EdTech,Chennai
Zaalima Development,4.3,786,IT Services & Consulting,Bengaluru
Aurigo Software Technologies,4.7,783,Software Product,Bengaluru
McDermott International,4.2,782,Engineering & Construction,Chennai
UnitedLex,2.6,782,Analytics & KPO,New Delhi
Wipro Infrastructure Engineering,3.7,782,Industrial Machinery,Bengaluru
Eugia Pharma Specialities,4.0,782,Pharma,Hyderabad
Smollan Group,3.9,781,Marketing & Advertising,Mumbai
Google Operations Center,3.5,781,BPO,Hyderabad
Rackspace,3.6,778,IT Services & Consulting,Gurugram
Finolex Cables,3.7,776,Electrical Equipment,Pune
Turtlemint,3.7,776,Internet,Mumbai
Zee Entertainment Enterprises,3.4,776,Media & Entertainment,Mumbai
Livguard,3.8,775,Electronics Manufacturing,Gurugram
Genus Power Infrastructures,3.9,774,Electronics Manufacturing,Jaipur
HSBC Software Development,4.0,774,Software Product,Pune
BDO INDIA SERVICES PRIVATE LIMITED,3.0,773,Accounting & Auditing,Mumbai
Hapag-Lloyd,3.8,773,Ports & Shipping,Chennai
Veradigm,3.7,773,Software Product,Pune
bp,3.7,773,Oil & Gas,Pune
ReSource Pro,3.7,773,BPO,Bengaluru
India Cements,3.8,772,Building Material,Chennai
Samsung E&A,3.9,772,Engineering & Construction,Noida
RITES,3.9,771,Engineering & Construction,Gurugram
LG Soft India,2.6,771,IT Services & Consulting,Bengaluru
Integreon,3.2,770,BPO,Mumbai
Religare,3.6,768,Financial Services,New Delhi
Electrosteel Casting,3.6,770,Building Material,Kolkata
Trianz,3.7,768,IT Services & Consulting,Hyderabad
Care Hospital,4.1,768,Healthcare,Hyderabad
AI Airport Services,3.3,768,Aviation,Mumbai
BDO RISE Private Limited,3.6,770,Accounting & Auditing,Bengaluru
LifeCell International,3.3,767,Biotechnology,Chennai
Primus Global Technologies,3.7,767,IT Services & Consulting,Bengaluru
B. G. Shirke Construction Technology,4.2,766,Engineering & Construction,Pune
EMERSON PROCESS MANAGEMENT,4.0,766,Industrial Automation,Pune
Mitsubishi Electric India,4.2,765,Electronics Manufacturing,Pune
Razorpay,3.4,765,FinTech,Bengaluru
Deepak Nitrite,3.8,764,Chemicals,Vadodara
Better.com,3.0,764,Financial Services,Gurugram
Boeing,3.8,765,Aviation,Bengaluru
Brane Enterprises,2.1,763,Software Product,Hyderabad
BCD Travel,4.3,763,Travel & Tourism,Bengaluru
Shalby Hospitals,4.3,762,Healthcare,Ahmedabad
ASG Eye Hospital,3.5,761,Healthcare,Jaipur
Kissht Finance,3.9,761,FinTech,Mumbai
Avaada Group,4.4,791,Power,Noida
Sterlite Power,4.1,761,Power,New Delhi
Revolut,2.4,765,FinTech,Bengaluru
V-Trans,3.8,760,Logistics,Mumbai
Tredence,3.3,759,IT Services & Consulting,Bengaluru
Dunzo,3.5,758,Internet,Bengaluru
Koch Business Solutions,3.1,757,IT Services & Consulting,Bengaluru
CADD Centre Training Services,3.9,756,Education & Training,Chennai
URC Construction,3.6,755,Engineering & Construction,Chennai
Delta Electronics,3.8,755,Electronics Manufacturing,Bengaluru
Home First Finance Company India,3.5,756,NBFC,Mumbai
Mswipe Technologies,3.3,753,FinTech,Mumbai
1 India Family Mart,4.6,755,Retail,New Delhi
Sun Life Financial,3.8,753,Financial Services,Gurugram
Ag Industries,3.9,752,Auto Components,Gurugram
Nvidia,3.4,752,Hardware & Networking,Pune
OLX India,3.8,751,Internet,Gurugram
The Akshaya Patra Foundation,4.4,751,Non-Profit,Bengaluru
Central Bank of India,4.0,752,Banking,Mumbai
Galfar,3.9,751,Engineering & Construction,Muscat
Rentokil Pest Control,3.4,750,Facility Management Services,Mumbai
Lohia Corp,4.1,750,Industrial Machinery,Kanpur
GirnarSoft,3.7,748,IT Services & Consulting,Gurugram
McKinsey & Company,3.8,748,Management Consulting,Gurugram
TDK India Private Limited,3.9,749,Semiconductors,Nashik
Bahwan CyberTek,3.3,746,IT Services & Consulting,Chennai
SLK Global Services,4.0,746,BPO,Bengaluru
PrimEra Medical Technologies,3.4,746,IT Services & Consulting,Hyderabad
YOKOGAWA,3.9,747,Industrial Automation,Bengaluru
Cotiviti,3.5,745,Analytics & KPO,Hyderabad
Molex,3.8,744,Electronics Manufacturing,Bengaluru
Adidas,3.9,744,Fashion & Textile,Gurugram
Tavant Technologies,3.8,743,IT Services & Consulting,Bengaluru
Indusind Marketing & Financial Services,3.7,741,Financial Services,Chennai
Jubilant Ingrevia,3.8,741,Chemicals,Bharuch
Bikanervala,3.9,741,FMCG,New Delhi
Evision Technoserve,4.8,740,IT Services & Consulting,Pune
Expleo Solutions,3.6,738,IT Services & Consulting,Chennai
Visteon,3.1,737,Auto Components,Chennai
Medreich,3.9,737,Pharma,Bengaluru
Thriveni Earthmovers,3.9,738,Metals & Mining,Jamshedpur
Bristlecone,3.6,740,IT Services & Consulting,Bengaluru
Vindhya Telelinks,4.0,735,Engineering & Construction,Rewa
Goodyear,3.5,734,Auto Components,Chhatrapati Sambhajinagar
Biba Apparels,3.5,734,Fashion & Textile,New Delhi
Gartner,3.8,734,Management Consulting,Gurugram
BSH Home Appliances Group,3.8,733,Consumer Electronics & Appliances,Bengaluru
DuPont,4.3,733,Waste Management,Hyderabad
Wolters Kluwer,3.8,732,Software Product,Pune
Infor Global Solution,3.9,731,Software Product,Hyderabad
TTK Prestige,3.8,731,Consumer Electronics & Appliances,Bengaluru
Apple,4.3,730,Consumer Electronics & Appliances,Bengaluru
TransUnion,3.6,730,Financial Services,Chennai
Dodla Dairy,4.2,730,Food Processing,Hyderabad
CtrlS,3.7,730,IT Services & Consulting,Hyderabad
Amrit Cement,3.9,729,Building Material,Guwahati
Diebold Nixdorf,3.6,728,Software Product,Hyderabad
Vertex Customer Solutions,3.7,727,IT Services & Consulting,Chennai
Progressive Infovision,3.9,727,Recruitment,New Delhi
Lovely Professional University,3.2,726,Education & Training,Jalandhar
Magic Bus India Foundation,3.9,726,Non-Profit,Chennai
NecLife,3.6,724,Pharma,Chandigarh
Lavender Technology,4.9,724,IT Services & Consulting,Bengaluru
Radico Khaitan,4.0,723,Beverage,Rampur
Raychem RPG,3.7,723,Electrical Equipment,Mumbai
Ness Digital Engineering,3.3,723,IT Services & Consulting,Bengaluru
Asb International,3.7,724,Industrial Machinery,Mumbai
Moglix,3.3,723,Internet,Noida
Elite Elevators,4.2,723,Industrial Machinery,Chennai
PPG Asian Paints,3.7,722,Chemicals,Mumbai
HRH Next Services,3.0,722,BPO,Hyderabad
Ramky Infrastructure,4.2,722,Engineering & Construction,Hyderabad
Vizag Steel,3.8,722,Iron & Steel,Visakhapatnam
Technotask Business Solutions,3.4,723,BPO,Bhopal
Joyalukkas,4.6,721,Retail,Bengaluru
Nomura Holdings,3.6,720,Investment Banking / Venture Capital / Private Equity,Mumbai
IHG,3.6,720,Hospitality,New Delhi
Bisk Farm,4.0,720,Food Processing,Kolkata
ffreedom app,3.4,720,Internet,Bengaluru
Emami Agrotech,3.9,719,Food Processing,Kolkata
Bridgestone - Global Capability Center,4.0,720,Auto Components,Pune
Patel Engineering,4.1,718,Engineering & Construction,Mumbai
Autoliv,3.9,716,Auto Components,Bengaluru
CJ Darcl Logistics Limited,3.9,716,Logistics,Gurugram
Impetus Technologies,3.2,716,IT Services & Consulting,Indore
Kaar Tech,4.3,716,IT Services & Consulting,Chennai
Tejas Networks,3.8,715,Hardware & Networking,Bengaluru
SG Analytics,2.5,715,Analytics & KPO,Pune
Bharat Serums and Vaccines,3.9,715,Pharma,Mumbai
Mynd Solutions Private,3.7,714,BPO,Gurugram
Surya Roshni,4.1,714,Building Material,New Delhi
Wuerth,3.5,714,Industrial Machinery,Pune
Wow Momo Foods,4.1,714,Hospitality,Kolkata
Magic EdTech,3.6,714,EdTech,Noida
Capco Technologies,3.8,714,IT Services & Consulting,Bengaluru
uFaber,2.3,713,Education & Training,Mumbai
Quislex Legal Services,4.1,712,Legal,Hyderabad
Rane NSK Steering Systems,3.9,712,Auto Components,Chennai
Blue Yonder,3.5,712,Software Product,Bengaluru
NephroPlus,3.9,713,Healthcare,Hyderabad
LEAP India Limited,4.5,713,Packaging,Mumbai
Mahindra Integrated Business Solutions,3.3,711,BPO,Mumbai
Transsion,3.9,711,Consumer Electronics & Appliances,Noida
Medtronic,3.8,710,Medical Equipment,Hyderabad
HCL Healthcare,4.5,709,Healthcare,Noida
XcelServ Solutions,4.4,709,IT Services & Consulting,New Delhi
Csc E Governance Services,3.7,709,Government,New Delhi
TVS Electronics,3.7,708,Electronics Manufacturing,Chennai
VRL Logistics,3.8,708,Logistics,Bengaluru
R.S. Infraprojects,4.0,706,Engineering & Construction,Noida
Caparo Engineering India,3.9,706,Auto Components,Chennai
North East Small Finance Bank,3.5,706,Banking,Guwahati
Grihum Housing Finance,3.6,705,NBFC,Pune
TCNS Clothing Company,4.2,705,Fashion & Textile,New Delhi
Keventer,3.8,705,FMCG,Kolkata
Titan Eye Plus,4.1,705,Other,Kolkata
InternEzy,4.9,704,EdTech,Chennai
BASF,4.2,704,Chemicals,Mumbai
ChannelPlay,3.8,704,Marketing & Advertising,Gurugram
Micro Turners,3.8,704,Auto Components,Baddi
BrightCHAMPS,4.2,704,EdTech,Bengaluru
NSB Bpo Solutions,2.8,704,BPO,Noida
Welspun World,3.7,703,Building Material,Anjar
Triveni Engineering & Industries,4.1,703,Food Processing,Noida
Dhanuka Agritech,3.6,703,Agro Chemicals,Gurugram
Vasudha Pharma Chem,4.0,703,Pharma,Visakhapatnam
Flash Electronics,3.6,703,Electronics Manufacturing,Pune
Leverage Edu,4.0,702,EdTech,Noida
HSBC Bank,3.9,702,Banking,Bengaluru
Doosan Power Systems,4.3,701,Power,Gurugram
Teamlease Digital,3.2,701,Recruitment,Bengaluru
Orient Technologies,3.7,701,IT Services & Consulting,Mumbai
Livpure,3.8,700,Consumer Electronics & Appliances,Gurugram
Lionbridge Technologies,3.4,701,Content Development,Mumbai
Solv,3.4,700,Internet,Bengaluru
CSC,3.6,700,Financial Services,Bengaluru
Testbook.com,3.3,700,EdTech,Noida
Samunnati,4.5,700,NBFC,Chennai
ANAROCK Property Consultants,3.4,699,Real Estate,Mumbai
MPS Limited,3.5,699,Content Development,Dehradun
Wissen Technology,3.7,698,IT Services & Consulting,Bengaluru
Neeyamo Enterprise Solutions,3.5,698,Madurai +10 other locations,
Wissen Infotech,3.5,698,IT Services & Consulting,Bengaluru
PCBL Chemical Limited,3.9,698,Petrochemicals,Vadodara
Cohesity,3.8,697,Software Product,Pune
Bayer Crop Science Vegetable Seeds,4.2,697,Bengaluru +144 other locations,
Sykes Business Services Of India,3.4,696,BPO,Hyderabad
Narayana e-Techno School,3.6,697,Education & Training,Bengaluru
Belstar Microfinance,3.9,695,NBFC,Chennai
Orient Cement,4.4,693,Building Material,Hyderabad
Corteva Agriscience,4.3,693,Agro Chemicals,Hyderabad
SMC Global Securities,3.5,693,Financial Services,New Delhi
EPL Limited,3.8,691,Packaging,Mumbai
JoulestoWatts Business Solutions,3.3,691,IT Services & Consulting,Bengaluru
Saint Gobain Glass,3.9,691,Building Material,Chennai
My Home Industries,4.1,690,Building Material,Hyderabad
Redington,4.1,691,Hardware & Networking,Chennai
Optimum Infosystem,3.2,689,IT Services & Consulting,Chennai
Krsnaa Diagnostics,3.5,689,Healthcare,Pune
Kurlon,4.3,689,Furniture & Furnishing,Bengaluru
Sigma Engineered Solutions,4.0,689,Industrial Machinery,Pune
Finova Capital,3.9,688,NBFC,Jaipur
Embibe,3.4,687,EdTech,Bengaluru
Housing.com,3.5,688,Internet,Gurugram
Surin Automotive,3.8,687,Industrial Machinery,Pune
TCI Express,3.9,687,Logistics,New Delhi
TDS Lithium-Ion Battery,4.2,689,Auto Components,Ahmedabad
Osource Global,3.5,687,BPO,Mumbai
Office Beacon,4.5,686,BPO,Vadodara
Sintex BAPL,3.6,686,Petrochemicals,Ahmedabad
Indorama,3.9,685,Agro Chemicals,Haldia
Nihilent,3.2,685,IT Services & Consulting,Pune
Carrier,3.7,684,Industrial Machinery,Hyderabad
DeHaat,3.5,684,Internet,Gurugram
Licious,3.5,684,Hospitality,Bengaluru
Kiya.ai,4.0,683,IT Services & Consulting,Mumbai
Toppr,3.4,682,EdTech,Mumbai
Careon Healthcare Solutions,3.9,682,Medical Equipment,Bengaluru
AML RightSource,2.4,682,IT Services & Consulting,New Delhi
MAQ Software,3.0,683,IT Services & Consulting,Noida
National Stock Exchange of India,3.5,681,Financial Services,Mumbai
Suroj Buildcon,4.0,682,Engineering & Construction,Pune
Infinity Learn,4.1,681,EdTech,Hyderabad
Ingram Micro,3.6,681,IT Services & Consulting,Mumbai
Quess IT Staffing Solutions,3.2,680,Bengaluru +56 other locations,
Centaur Pharmaceuticals,3.6,679,Pharma,Pune
DAV Public School,4.0,679,Education & Training,New Delhi
Omaxe,4.2,678,Real Estate,New Delhi
Corporate Infotech,3.7,677,IT Services & Consulting,New Delhi
Tata Power Delhi Distribution,3.8,677,Power,New Delhi
Government of India,4.2,676,Government,New Delhi
Snapdeal,3.5,676,Internet,Gurugram
Chaitanya India Fin Credit,4.1,676,NBFC,Bengaluru
Quality Austria Central Asia,3.5,677,Other,New Delhi
Vikram Solar,3.5,675,Power,Kolkata
Adani Cement,3.4,675,Building Material,Ahmedabad
FCC Clutch,3.8,675,Auto Components,Gurugram
Myk Laticrete,3.7,677,Building Material,Hyderabad
3M,4.0,674,Electronics Manufacturing,Bengaluru
Pennar Industries,3.4,673,Engineering & Construction,Hyderabad
Marlabs,3.5,673,IT Services & Consulting,Bengaluru
NiCE,3.6,673,Software Product,Pune
Inspirisys Solution,3.7,673,IT Services & Consulting,Chennai
Motilal Oswal Wealth Management,4.4,672,Financial Services,Mumbai
Gainwell Commosales,4.0,672,Industrial Machinery,Kolkata
SOLAR INDUSTRIES INDIA,3.7,673,Defence & Aerospace,Nagpur
Airports Authority of India,4.3,672,Aviation,New Delhi
Monte Carlo,4.2,671,Fashion & Textile,Ahmedabad
PeopleStrong,3.3,671,Recruitment,Gurugram
Anudip Foundation,4.0,671,Non-Profit,Kolkata
Kaizen IT Services,3.7,672,IT Services & Consulting,Kolkata
BankBazaar,3.3,670,FinTech,Chennai
RealPage,3.5,670,Software Product,Hyderabad
Times Group,3.7,669,Printing & Publishing,Mumbai
Me n Moms,4.1,669,Retail,Mumbai
NextComm Corporation,4.8,669,Software Product,Bengaluru
Collegedunia,3.2,669,Internet,Gurugram
Future Supply Chain Solutions,4.4,668,Logistics,Nagpur
Qatar Airways,3.5,668,Aviation,Ahmedabad
Yatra,3.3,667,Travel & Tourism,Gurugram
InsuranceDekho,3.5,667,Internet,Gurugram
Epicenter Technologies,3.4,666,BPO,Mumbai
South Indian Bank,3.4,666,Banking,Kochi
Fiat India Automobiles,3.6,665,Automobile,Pune
Kutumbh Care,4.0,665,Recruitment,Noida
Ramboll,3.9,664,Engineering & Construction,Gurugram
Vindhya e-Info Media,4.1,665,BPO,Bengaluru
Hetero Healthcare,3.6,663,Pharma,Hyderabad
L&T Power,3.9,663,Power,Vadodara
Celebi Aviation Holding,4.1,662,Aviation,New Delhi
Healthians,4.1,662,Internet,Gurugram
Talentpro,3.8,661,Recruitment,Chennai
Global Healthcare Billing Partners,3.4,661,BPO,Chennai
TVS Eurogrip,3.6,660,Auto Components,Madurai
Vyapar,3.6,660,Software Product,Bengaluru
Alshaya Group,3.8,660,Retail,Bengaluru
Paytm Payments Services,3.2,663,FinTech,Noida
Forbes Marshall,3.9,659,Industrial Machinery,Pune
Philips Innovation Campus,3.7,659,Software Product,Bengaluru
Danfoss Industries,3.8,659,Industrial Machinery,Chennai
Geojit Financial Services,3.3,659,Financial Services,Kochi
B.L. Kashyap & Sons,3.7,658,Engineering & Construction,Bengaluru
Cogoport,3.2,658,Internet,Mumbai
Blackrock,3.5,657,Financial Services,Gurugram
Ferrero,3.9,657,Food Processing,Pune
ICA Edu Skills,3.7,657,Education & Training,Kolkata
GKN,3.9,657,Defence & Aerospace,Pune
Sapiens,3.0,657,Software Product,Bengaluru
Avalon Technologies,3.8,657,Electronics Manufacturing,Chennai
UKB Electronics Limited,3.5,657,Electronics Manufacturing,Noida
TIAA Global Business Services,3.7,656,Financial Services,Pune
ACKO,3.2,656,Insurance,Bengaluru
Sapphire Foods India,3.8,656,Hospitality,Mumbai
Schwing Stetter,3.8,656,Industrial Machinery,Chennai
Serum Institute of India,4.1,655,Biotechnology,Pune
Varun Motors,3.7,655,Automobile,Hyderabad
Uno Mindarika,4.0,654,Auto Components,Gurugram
Action Tesa,3.9,654,Building Material,Sitarganj
Varindera Constructions,4.4,654,Engineering & Construction,New Delhi
IDBI Intech Limited,3.2,653,IT Services & Consulting,Mumbai
The Lalit,3.4,653,Hospitality,New Delhi
NRB Bearings,4.0,653,Auto Components,Chhatrapati Sambhajinagar
Kirloskar Ferrous Industries,3.6,653,Iron & Steel,Koppal
Varthana,4.0,653,NBFC,Bengaluru
Sir H. N. Reliance Foundation Hospital and Research,4.2,655,Healthcare,Mumbai
ExportersIndia,4.9,652,Internet,New Delhi
Hamilton Housewares,3.8,652,Consumer Electronics & Appliances,Mumbai
Suraksha Diagnostic,3.6,652,Healthcare,Kolkata
Cashify,3.9,652,Internet,Gurugram
Maharashtra Seamless,3.5,652,Building Material,Mumbai
Ebixcash Global Services,3.2,650,BPO,Mumbai
Electrotherm,4.1,650,Iron & Steel,Ahmedabad
NoBrokerHood,2.7,650,Software Product,Bengaluru
Eli Lilly and Company,3.2,650,Pharma,Bengaluru
Reliance Jewels,3.9,649,Jewellery,Mumbai
Mount Litera Zee School,3.7,648,Education & Training,Bengaluru
Khazana Jewellery,4.2,814,Jewellery,Chennai
Videocon d2h,3.7,648,Internet,New Delhi
Sasken,3.5,648,IT Services & Consulting,Bengaluru
Emids Technologies Limited,3.6,648,IT Services & Consulting,Bengaluru
Data Entry,4.2,648,BPO,New Delhi
Turbo Energy,4.1,647,Auto Components,Chennai
Central Reserve Police Force,4.6,647,Government,New Delhi
Manjushree Technopack,3.5,647,Bengaluru +36 other locations,
Sandvik Asia,4.0,648,Industrial Machinery,Pune
Tecnimont,3.8,646,Engineering & Construction,Mumbai
Pyramid IT Consulting,3.2,645,IT Services & Consulting,Noida
Jubilant Agri and Consumer Products,4.0,645,Chemicals,Gurugram
Continental,3.7,644,Auto Components,Bengaluru
NetConnectGlobal,3.1,643,IT Services & Consulting,Bengaluru
Finastra,3.6,643,Software Product,Bengaluru
Okaya Power,3.9,642,Electronics Manufacturing,New Delhi
The Saraswat Co-operative Bank,3.1,642,Banking,Mumbai
Medcode,3.7,642,IT Services & Consulting,Hyderabad
Nspira Management Services,3.7,642,Management Consulting,Hyderabad
EaseMyTrip.com,3.9,641,Travel & Tourism,New Delhi
Suma Soft,3.5,640,IT Services & Consulting,Pune
Trigent Software,3.2,640,IT Services & Consulting,Bengaluru
HashedIn by Deloitte,3.8,640,IT Services & Consulting,Bengaluru
Finolex Industries,3.7,640,Building Material,Pune
Sterling Oil Exploration & Energy Production,3.6,642,Oil & Gas,Lagos
Hpl Electric & Power,3.8,639,Electrical Equipment,Gurugram
Mrs Bector's Food Specialities,3.8,640,Hospitality,Greater Noida
HDFC Asset Management Company,4.0,638,Financial Services,Mumbai
Cyfuture,2.9,639,Emerging Technologies,Noida
Nucleus Software Exports,3.1,637,Software Product,Noida
Einfochips,3.5,637,IT Services & Consulting,Ahmedabad
Fiem Industries,3.7,637,Auto Components,Hosur
Royaloak Incorporation,3.6,636,Furniture & Furnishing,Bengaluru
Annalect,3.4,636,Marketing & Advertising,Bengaluru
Toyoda Gosei Minda,4.2,636,Auto Components,Neemrana
Godrej Industries,4.0,635,Real Estate,Mumbai
Sl Lumax,3.4,635,Auto Components,Chennai
Shriram Automall,4.0,634,Internet,New Delhi
IRB Infrastructure,3.9,635,Engineering & Construction,Mumbai
Kajaria Ceramics,3.8,634,Building Material,New Delhi
Dr. Batras' Positive Health Clinic,3.7,634,Healthcare,Mumbai
C5i,4.2,634,Analytics & KPO,Bengaluru
Becton Dickinson,3.9,634,Medical Equipment,Bengaluru
Sudarshan Chemical Industries,3.8,633,Chemicals,Roha
FNP,3.8,633,Retail,New Delhi
CSM Technologies,4.0,634,IT Services & Consulting,Bhubaneswar
Renovision Automation Services,3.3,632,IT Services & Consulting,New Delhi
ITC Limited Foods Division,4.0,632,Food Processing,Bengaluru
Crowne Plaza,4.2,632,Hospitality,New Delhi
Sintex Industries,3.9,632,Industrial Machinery,Ahmedabad
Heidelberg Cement,4.0,632,Building Material,Damoh
Aster Dm Healthcare,3.7,632,Healthcare,Bengaluru
IKEA,3.9,631,Retail,Bengaluru
Rocket India,4.0,630,Financial Services,Chennai
Bharat Biotech International,3.1,630,Biotechnology,Hyderabad
Premier Energies,4.0,629,Electronics Manufacturing,Hyderabad
Super Smelters,3.7,629,Iron & Steel,Asansol
Equifax,4.0,629,FinTech,Pune
DHL Global Forwarding,3.8,628,Logistics,Chennai
Ongc Petro Additions,4.1,629,Petrochemicals,Bharuch
HLL Lifecare,3.7,627,Healthcare,Thiruvananthapuram
Shivam Autotech,3.5,627,Auto Components,Gurugram
Gestamp,3.7,627,Auto Components,Pune
BMC Software,3.9,626,Software Product,Pune
ThoughtWorks,3.9,626,IT Services & Consulting,Bengaluru
Jayaswal Neco Industries Limited,4.1,626,Iron & Steel,Raipur
Family Health Plan,3.7,626,Insurance,Hyderabad
BT E Serv,3.9,626,BPO,Kolkata
Jayaswal Neco Industries Limited,4.1,626,Iron & Steel,Raipur
Consulting Engineers Group,4.0,625,Engineering & Construction,Jaipur
CSG International,3.4,625,IT Services & Consulting,Bengaluru
Mavenir Systems,3.4,625,IT Services & Consulting,Bengaluru
Ofbusiness,3.0,625,Internet,Gurugram
Netmeds.com,3.9,624,Pharma,Chennai
Laxmi Organic Industries,3.6,624,Chemicals,Mahad
BAXY Limited,4.0,624,Auto Components,Bhiwadi
Grab A Grub Services,3.9,624,Logistics,Mumbai
Pinnacle,3.4,623,IT Services & Consulting,Durgapur
Iron Mountain Inc,3.8,623,IT Services & Consulting,Bengaluru
AgroStar,3.9,623,Agriculture,Pune
Kauvery Hospital,3.9,623,Healthcare,Chennai
Lulu International Shopping Mall,3.7,624,Retail,Bengaluru
Karvy Stock Broking,3.6,622,Hyderabad +107 other locations,
Expleo Group,3.5,622,IT Services & Consulting,Pune
Vedang Cellular Services,3.7,621,Telecom,Mumbai
Royal Caribbean International,4.1,620,Travel & Tourism,Mumbai
Jain Irrigation Systems,3.7,620,Agriculture,Jalgaon
United Colors of Benetton,4.4,620,Fashion & Textile,Gurugram
EdgeVerve Systems,3.3,620,Software Product,Bengaluru
APL Apollo Tubes,4.0,621,Iron & Steel,Raipur
Aurionpro Solutions,3.4,619,Software Product,Mumbai
Hettich,3.5,619,Furniture & Furnishing,Mumbai
Accion Labs,3.5,619,IT Services & Consulting,Bengaluru
VDA Infosolutions,3.8,620,IT Services & Consulting,Pune
Gandhi Automations,4.1,618,Industrial Machinery,Mumbai
Perficient,3.6,618,IT Services & Consulting,Chennai
Allianz Services,4.0,618,Insurance,Thiruvananthapuram
DealShare,3.6,617,Internet,Bengaluru
Holiday Inn,3.9,617,Hospitality,New Delhi
Titan Engineering & Automation,3.7,616,Engineering & Construction,Hosur
Hitachi Systems Micro Clinic,4.0,615,IT Services & Consulting,Mumbai
AM Infoweb,4.0,615,BPO,Pune
SIS Prosegur Holdings,3.4,615,Law Enforcement & Security,New Delhi
Ambit Finvest,4.0,614,NBFC,Mumbai
Apitoria Pharma,4.2,614,Pharma,Hyderabad
Jaipur Rugs,4.2,613,Fashion & Textile,Jaipur
Orra Fine Jewellery,3.5,613,Jewellery,Mumbai
Blackberrys,3.7,613,Fashion & Textile,Gurugram
Inspira Enterprise India Limited,3.5,613,IT Services & Consulting,Mumbai
Pathkind Diagnostics Private Limited,3.9,613,Healthcare,New Delhi
QSpiders,3.7,613,Education & Training,Bengaluru
Dr. Reddy's Foundation,3.7,612,Non-Profit,Hyderabad
Vadilal Industries,4.2,612,FMCG,Ahmedabad
IDP Education Limited,3.6,612,Education & Training,Chennai
Maxicus,3.8,611,BPO,Vadodara
ArcelorMittal,3.9,611,Iron & Steel,Surat
Infotact Solutions,4.4,611,IT Services & Consulting,Bengaluru
Dhani Services,3.7,514,Mumbai +83 other locations,
Carnival Cruise Lines,4.1,609,Travel & Tourism,Mumbai
Indecomm Global Services,4.3,609,IT Services & Consulting,Bengaluru
MothersonSumi INfotech & Designs,3.4,609,IT Services & Consulting,Noida
Congruex Asia Pacific,3.8,609,Engineering & Construction,Sahibzada Ajit Singh Nagar
Colt Technology Services,4.2,608,Hardware & Networking,Gurugram
SAEL Industries Limited,3.9,608,Power,New Delhi
Fenesta Building Systems,4.0,608,Building Material,Gurugram
Coal India,3.9,607,Metals & Mining,Kolkata
PTC,4.2,607,Software Product,Pune
Excitel Broadband,3.7,606,Telecom,New Delhi
NLC India Limited,4.4,605,Metals & Mining,Neyveli
Ascent HR Technologies Private Limited,3.6,605,Software Product,Bengaluru
Sandoz,3.9,605,Pharma,Hyderabad
Vishwa Samudra Engineering,3.5,605,Engineering & Construction,Hyderabad
Pamac Finserve,3.1,605,BPO,Mumbai
Magma General Insurance Limited,3.7,605,Insurance,Mumbai
HUDL,3.2,607,Software Product,Mumbai
Cvent,3.2,604,Software Product,Gurugram
Maharashtra State Electricity Distribution Company,4.2,604,Power,Pune
MR.DIY,3.4,604,Retail,Mumbai
Polaris Consulting,4.2,603,IT Services & Consulting,Hyderabad
Alcon,3.8,603,Medical Equipment,Bengaluru
Affinity Express,2.7,603,Marketing & Advertising,Pune
Medley Pharmaceuticals,3.8,603,Pharma,Mumbai
Voyants Solutions,3.7,602,Engineering & Construction,Gurugram
BUSINESSNEXT,3.4,602,Software Product,Noida
UTL Solar,3.5,601,Electronics Manufacturing,New Delhi
Empower,4.0,601,Financial Services,Bengaluru
Unified Mentor,4.0,601,IT Services & Consulting,Bengaluru
Prochant,3.8,601,Analytics & KPO,Chennai
House of EdTech,4.3,601,EdTech,Kolkata
Country Delight,3.9,601,Hospitality,Gurugram
Jubilant Generics,3.9,600,Pharma,Roorkee
Saudi Aramco,4.4,600,Oil & Gas,Mumbai
Bridge & Roof Co,3.4,600,Engineering & Construction,Kolkata
Head Field Solutions,4.4,599,Recruitment,Noida
Kellogg,4.2,598,FMCG,Mumbai
ShareChat,3.6,598,Internet,Bengaluru
Prestige Group,4.3,599,Real Estate,Bengaluru
PayU Payments,3.3,599,FinTech,Gurugram
Crystal Crop Protection,3.8,598,Agro Chemicals,New Delhi
McCain Foods,4.0,597,FMCG,Mahesana
Jindal Poly Films,3.6,598,Packaging,Nashik
Efs Facilities Services,3.8,598,Facility Management Services,New Delhi
Axiscades,3.2,596,IT Services & Consulting,Bengaluru
PureSoftware,2.9,596,Software Product,Noida
Maxop Engineering Co.,4.1,596,Auto Components,Gurugram
Paramount Health Services Tpa,3.9,596,Insurance,Mumbai
Maxop Engineering Co.,4.1,596,Auto Components,Gurugram
Columbia Asia,4.6,594,Healthcare,Bengaluru
Ugam Solution,3.5,594,IT Services & Consulting,Mumbai
AVTEC,3.5,594,Auto Components,Hosur
NAV Backoffice,3.9,594,Accounting & Auditing,Jaipur
Matrimonialsindia,4.9,594,Internet,New Delhi
Capital Numbers Infotech,4.0,594,IT Services & Consulting,Kolkata
J K Fenner,3.8,595,Engineering & Construction,Chennai
BEML,3.6,593,Industrial Machinery,Bengaluru
Western Refrigeration,3.8,593,Industrial Machinery,Vapi
Genesys International Corporation,3.2,593,IT Services & Consulting,Mumbai
Andritz Hydro Location India,3.8,593,Industrial Machinery,Chennai
Wood Group,3.7,593,Engineering & Construction,Chennai
smartData Enterprises,3.8,592,IT Services & Consulting,Nagpur
Mahendra NextWealth IT,3.3,592,IT Services & Consulting,Salem
Hitachi Cash Management Services,3.1,592,Other,Mumbai
Baker Hughes,4.0,591,Oil & Gas,Bengaluru
Army Public School,4.0,591,Education & Training,New Delhi
Hitachi Systems,4.0,593,IT Services & Consulting,Mumbai
Datamatics Business Solutions,3.3,592,Management Consulting,Mumbai
Lear Corporation,4.0,590,Auto Components,Pune
Bajaj Consumer Care,3.9,590,FMCG,Mumbai
Marelli,3.5,589,Auto Components,Gurugram
Amara Raja Infra,4.0,590,Engineering & Construction,Hyderabad
Hilton,4.2,589,Hospitality,Bengaluru
Haldiram Snacks,3.8,589,Food Processing,Noida
FiveS Digital,3.3,587,BPO,Jamshedpur
Quest Retail Private Limited,3.9,589,Retail,Gurugram
Icl Fincorp,4.7,587,NBFC,Thrissur
Transport Corporation Of India,3.8,585,Logistics,Gurugram
Harman Finochem,3.6,585,Pharma,Chhatrapati Sambhajinagar
Toyota Industries Engine India,4.3,584,Auto Components,Bengaluru
Kirloskar Pneumatic,4.0,584,Industrial Machinery,Pune
TSYS|Total System Services,4.1,584,FinTech,Pune
DB Schenker,4.3,584,Logistics,Gurugram
GSPANN Technologies,3.9,583,IT Services & Consulting,Hyderabad
Applied Materials,3.7,583,Semiconductors,Bengaluru
Dishman Carbogen Amcis,3.6,583,Pharma,Ahmedabad
Brigade Group,4.2,583,Real Estate,Bengaluru
AVIOM,4.0,582,NBFC,New Delhi
Paras Dairy,3.5,582,Food Processing,New Delhi
Navin Fluorine International,3.8,582,Chemicals,Surat
GAMMON INDIA,3.8,582,Engineering & Construction,Mumbai
Levi Strauss & Co.,4.2,582,Fashion & Textile,Bengaluru
HBL Power Systems,4.0,581,Electrical Equipment,Hyderabad
WPP Media,3.5,581,Marketing & Advertising,Gurugram
WayCool Foods and Products,3.5,580,FMCG,Chennai
"DATAMARK, Inc.",3.5,580,BPO,Chennai
LendingKart,3.6,580,NBFC,Ahmedabad
Carlsberg,3.9,580,Beverage,Gurugram
National Australia Bank,3.0,582,Banking,Gurugram
Amway India Enterprises,4.1,578,Fitness & Wellness,Gurugram
Solara Active Pharma Sciences,3.7,577,Pharma,Visakhapatnam
MITS Global Consulting,4.5,577,Recruitment,Mumbai
Kellogg Brown and Root,4.1,578,Engineering & Construction,Chennai
Statusneo,4.1,578,IT Services & Consulting,Gurugram
Renault,3.9,576,Automobile,Chennai
Innovaccer,2.6,576,Software Product,Noida
SoftAge Information Technology,3.6,576,IT Services & Consulting,Gurugram
My Home Constructions,4.3,575,Real Estate,Hyderabad
PC Solutions,4.4,575,IT Services & Consulting,New Delhi
Allianz Partners,3.6,575,Insurance,Gurugram
Macawber Beekay,4.2,576,Industrial Machinery,Noida
Virtual Employee,3.2,574,Recruitment,Noida
AVEVA,3.9,574,Software Product,Hyderabad
Roop Polymers,4.0,574,Auto Components,Gurugram
Larsen & Toubro Group,4.0,574,Engineering & Construction,Chennai
MUTHOOT HOMEFIN (I) LTD.,3.8,574,NBFC,Mumbai
L & W Constructions,4.0,575,Engineering & Construction,Bengaluru
The Times of India,3.6,573,Media & Entertainment,New Delhi
Toothsi,2.6,573,Internet,Mumbai
Vimta Labs,3.4,572,Clinical Research,Hyderabad
Artemis Hospitals,4.1,573,Healthcare,Gurugram
Herbalife International,4.0,573,Healthcare,Bengaluru
Indiabulls,3.7,572,NBFC,Gurugram
Innovatiview India Ltd,4.2,572,Emerging Technologies,Noida
Craftsman Automation,3.7,571,Auto Components,Coimbatore
Enco Engineers Combine,3.7,571,Auto Components,Gurugram
Welspun Enterprises,4.1,570,Engineering & Construction,Mumbai
Saksoft,3.4,570,IT Services & Consulting,Bengaluru
RAK Ceramics,3.6,570,Building Material,Mumbai
Bharat Fritz Werner,3.9,571,Industrial Machinery,Bengaluru
RuralShores,3.7,569,BPO,Bengaluru
United Spirits,4.0,569,Beverage,Bengaluru
Mobikwik,3.3,569,FinTech,Gurugram
Innominds Software,3.2,569,IT Services & Consulting,Hyderabad
Vidal Health Insurance,3.6,569,Insurance,Bengaluru
Fena,4.0,568,FMCG,New Delhi
Regalix,2.7,569,Marketing & Advertising,Hyderabad
BLK Super Speciality Hospital,3.9,568,Healthcare,New Delhi
Tracxn,2.5,567,Internet,Bengaluru
Sulzer,3.8,567,Industrial Machinery,Pune
Micromax Informatics,3.9,567,Consumer Electronics & Appliances,New Delhi
ThoughtSol Infotech Limited,4.6,566,IT Services & Consulting,New Delhi
Unimoni,3.9,566,Travel & Tourism,Chennai
Legrand,3.7,566,Electrical Equipment,Mumbai
Micron Electricals,4.1,566,Engineering & Construction,Bengaluru
Yokohama,3.5,566,Auto Components,Bahadurgarh
Practo,2.9,565,Internet,Bengaluru
Courtyard by Marriott,4.2,565,Hospitality,Mumbai
Offshore Infrastructures,4.1,566,Engineering & Construction,Mumbai
Pitti Engineering,3.8,565,Industrial Machinery,Hyderabad
BOBCARD Ltd.,3.9,564,NBFC,Mumbai
Spectrum Talent Management,3.6,564,Recruitment,Noida
DFM Foods,4.0,563,FMCG,New Delhi
Ralson Tyres Limited,3.7,563,Auto Components,Ludhiana
GUS Education India,3.1,563,Education & Training,Hyderabad
Tuaman Engineering,4.3,563,Engineering & Construction,Kolkata
Kidzee,4.0,562,EdTech,Kolkata
Indian Bank,3.4,562,Banking,Chennai
Insolutions Global,3.2,562,FinTech,Mumbai
Pierian Services,3.2,562,Management Consulting,Bengaluru
NMDC Limited,4.1,561,Metals & Mining,Jagdalpur
Voya India,3.7,561,Financial Services,Bengaluru
Sterling,3.9,561,Healthcare,Mumbai
Adda 247,3.4,560,EdTech,Gurugram
ExxonMobil,3.7,560,Oil & Gas,Bengaluru
Propertypistol Realty,3.8,560,Internet,Mumbai
Aptus Value Housing Finance India,4.1,559,NBFC,Chennai
Zolo,3.3,559,Internet,Bengaluru
Eicher Motors,4.1,560,Automobile,Indore
OutworX,3.6,558,IT Services & Consulting,Pune
Inox Wind,3.8,558,Power,Noida
Hafele,3.9,558,Furniture & Furnishing,Mumbai
Hi Tech Gears,3.9,558,Auto Components,Bhiwadi
Scaler Academy,3.5,558,EdTech,Bengaluru
Capital Business Systems,3.6,558,IT Services & Consulting,New Delhi
FMC Corporation,3.9,557,Agro Chemicals,Bharuch
Dr. Agarwal's Eye Hospital,3.8,561,Healthcare,Chennai
Sanmina Sci,4.1,558,Electronics Manufacturing,Chennai
RSM India,3.3,557,Accounting & Auditing,Mumbai
Emaar India Limited,3.5,556,Real Estate,Gurugram
Dusters Total Solutions Services,3.9,556,Facility Management Services,Bengaluru
Gayatri Projects,4.0,556,Engineering & Construction,Hyderabad
RSB Transmissions,4.0,556,Auto Components,Pune
RadiSys,3.7,555,Telecom,Bengaluru
Atomberg Technologies,3.8,555,Consumer Electronics & Appliances,Pune
General Motors,4.0,554,Automobile,Pune
Maini Precision Products,3.5,554,Auto Components,Bengaluru
Suprajit Engineering,3.8,554,Auto Components,Bengaluru
Zycus Infotech,2.5,553,Software Product,Mumbai
Z X Learning,4.3,553,EdTech,Lucknow
Bharat Gears,4.0,553,Auto Components,Faridabad
Utility Powertech,3.9,553,Power,New Delhi
Alight Solutions,3.1,553,IT Services & Consulting,Gurugram
5paisa Capital Ltd.,4.1,553,Financial Services,Mumbai
Canon,4.0,551,Consumer Electronics & Appliances,Gurugram
Reliance Life Sciences,3.6,551,Clinical Research,Mumbai
African Industries,4.0,549,Iron & Steel,Lagos
Hamdard,3.9,550,FMCG,New Delhi
V.S.T Tillers Tractors,3.5,549,Industrial Machinery,Bengaluru
Metalman Auto,3.8,551,Auto Components,Chhatrapati Sambhajinagar
Stylebaazar,3.9,551,Retail,Kolkata
RMC Readymix,3.6,548,Building Material,Mumbai
Satyam Auto Components,3.8,548,Auto Components,Gurugram
Maxgen Technologies,4.5,547,IT Services & Consulting,Pune
Uttar Pradesh Power Corporation,4.0,547,Power,Lucknow
Metro Group of Hospitals,3.9,546,Healthcare,New Delhi
F1 Info Solutions and Services,3.6,546,IT Services & Consulting,Noida
Sheela Foam,4.0,546,Furniture & Furnishing,Noida
Castrol,4.3,546,Petrochemicals,Mumbai
BharatPe,3.4,546,FinTech,Gurugram
Chemplast Sanmar,3.3,546,Chemicals,Salem
Vedanta Resources,3.6,545,Metals & Mining,Udaipur
Cpf India,4.0,545,Food Processing,Bengaluru
Systra Consulting,4.0,544,Engineering & Construction,New Delhi
SunTec Web Services,3.2,544,BPO,New Delhi
Dalmia Bharat Group,3.9,544,Building Material,New Delhi
WaniWani,,,New Delhi +173 other locations,
Kokilaben Dhirubhai Ambani Hospital,3.8,544,Healthcare,Mumbai
Consero Global Solutions,3.0,543,Financial Services,Bengaluru
Mecon,3.9,543,Metals & Mining,Ranchi
N.C.L. Industries,3.8,543,Building Material,Hyderabad
Addverb Technologies,3.4,543,Industrial Automation,Noida
Dhani Healthcare,3.4,542,FinTech,Gurugram
Insuremile,4.7,541,Internet,Bengaluru
S P Singla Constructions,3.4,541,Engineering & Construction,Patna
Aculife Healthcare,3.7,541,Pharma,Ahmedabad
Signature Global,3.8,541,Real Estate,Gurugram
Infiniti Research,3.3,540,Analytics & KPO,Bengaluru
Macquarie Group,3.1,540,Financial Services,Gurugram
Wellness Forever Medicare,3.8,540,Retail,Mumbai
Hero Cycles,3.2,540,Automobile,Ludhiana
Coats,3.6,540,Fashion & Textile,Bengaluru
CompuCom,3.8,539,IT Services & Consulting,Pune
Morepen Laboratories,3.8,539,Pharma,New Delhi
Vestige,4.3,539,Fitness & Wellness,New Delhi
Jindal Power Limited,4.2,538,Power,Raigarh
TÜV Rheinland,4.1,538,"Testing, Inspection and Certification (TIC)",Bengaluru
Wockhardt Hospital,3.8,538,Healthcare,Mumbai
Walkaroo International,3.6,538,Fashion & Textile,Coimbatore
Safari Industries India,4.0,538,Retail,Mumbai
Amar Ujala,3.8,538,Printing & Publishing,Noida
Pawzz,4.6,566,Gurugram +17 other locations,
Galaxy Surfactants,3.9,537,Chemicals,Mumbai
ServiceNow,3.7,537,Software Product,Hyderabad
Bharti Infratel,4.7,537,Telecom,Gurugram
Chaayos,3.3,537,Hospitality,New Delhi
CDK Global,3.7,537,IT Services & Consulting,Hyderabad
Williams Lea,3.6,537,BPO,Chennai
Muthoot MCred,3.3,537,NBFC,Kochi
Ramraj Cotton,4.0,535,Fashion & Textile,Tiruppur
Hitech Projects Limited,4.6,536,Engineering & Construction,Ahmedabad
Akal Information Systems,4.4,536,Software Product,New Delhi
Bluestone.com,3.3,536,Jewellery,Bengaluru
WAA SOLAR,5.0,2,Power,New Delhi
FinThrive,3.3,535,Analytics & KPO,New Delhi
HSBC Global Banking and Markets,3.9,535,Banking,Bengaluru
Alchemy Techsol India,3.4,535,IT Services & Consulting,Bengaluru
House Of Anita Dongre,3.9,535,Fashion & Textile,Mumbai
Metriqe Solutions,3.9,536,BPO,Chennai
Communications Test Design,3.7,534,IT Services & Consulting,Bengaluru
EC-Council,3.9,534,EdTech,Hyderabad
Ascent Business Solutions,3.4,534,Healthcare,Nagpur
AT&T,3.8,534,Telecom,Bengaluru
Stock Holding Corporation of India,3.5,534,Financial Services,Mumbai
Kalyani Technoforge,3.8,534,Auto Components,Pune
JK Tech,3.8,534,IT Services & Consulting,Bengaluru
Kandhari Beverages,3.7,532,Beverage,Jammu
MindGate Solutions,3.1,533,IT Services & Consulting,Mumbai
BCG,3.6,532,Management Consulting,Gurugram
Great Learning,3.3,532,EdTech,Bengaluru
Lakme,4.2,533,Beauty & Personal Care,Mumbai
CMR Green Technologies,3.4,532,Metals & Mining,Faridabad
LearningMate Solutions,2.9,532,EdTech,Mumbai
Hindusthan National Glass,3.8,532,Packaging,Bahadurgarh
Protium Finance,3.7,532,NBFC,Mumbai
MathCo,3.2,531,Analytics & KPO,Bengaluru
Epiroc,4.0,531,Industrial Machinery,Bengaluru
Gyan Dairy,4.1,531,Food Processing,Lucknow
Nivea,4.1,531,Beauty & Personal Care,Mumbai
DM Immigration Consultant,1.0,530,Other,Bengaluru
TAO Digital,3.5,530,IT Services & Consulting,Hyderabad
Aparna Enterprises,3.9,530,Building Material,Hyderabad
PEGATRON,3.9,530,Electronics Manufacturing,Chennai
Olectra Greentech,4.3,530,Automobile,Hyderabad
India Private Driver,,,Travel & Tourism,Pune
Micron Technology,3.7,529,Semiconductors,Hyderabad
Axa XL,3.7,530,Insurance,Gurugram
Webskitters,3.5,529,IT Services & Consulting,Kolkata
Ziqitza Health Care,3.9,529,Healthcare,Mumbai
Micron Technology,3.7,529,Semiconductors,Hyderabad
Rusan Pharma,3.4,529,Pharma,Dehradun
Avalara Technologies,2.9,529,Software Product,Pune
BKT Tyres,4.2,528,Auto Components,Bhuj
Orcapod Consulting Services,2.9,528,IT Services & Consulting,Hyderabad
Athenahealth Technology,3.8,529,Hospitality,Chennai
ZEISS India,3.6,527,Industrial Machinery,Bengaluru
CTS Consulting & Technical Support,3.7,527,Engineering & Construction,Chennai
Securitas,3.8,527,Law Enforcement & Security,Gurugram
Cairn Vedanta Oil and Gas,3.8,527,Oil & Gas,Barmer
InCred Finance,3.8,527,NBFC,Mumbai
Telenor,4.1,526,Telecom,Gurugram
Vivanta by Taj,4.2,526,Hospitality,New Delhi
Yardi Systems,3.6,525,Software Product,Pune
Ge India Industrial,4.1,525,Industrial Machinery,Pune
Sarovar Hotels & Resorts,4.0,524,Hospitality,New Delhi
Johnson Matthey,3.8,524,Metals & Mining,Gurugram
Lotus Herbals Private Limited,4.2,524,Beauty & Personal Care,New Delhi
LIC Housing Finance,4.0,523,NBFC,Mumbai
ACTE,4.6,522,Education & Training,Chennai
ASM Technologies,3.5,523,Engineering & Construction,Bengaluru
Tradeshala,4.5,522,Education & Training,Bengaluru
Mobile Programming,2.8,522,IT Services & Consulting,Bengaluru
Karvy Data Management Services,4.0,522,Analytics & KPO,Hyderabad
Comcast,4.0,522,Telecom,Chennai
ATS Infrastructure,4.2,522,Real Estate,Noida
Titagarh Rail Systems,2.6,523,Railways,Kolkata
Mars International India,4.2,521,Food Processing,Hyderabad
QHTalbros,3.8,521,Auto Components,Gurugram
Realty Assistant,3.7,522,Real Estate,Noida
Moon Beverages,3.8,522,Beverage,New Delhi
Deloitte Digital,3.7,520,IT Services & Consulting,Bengaluru
RapiPay,3.6,520,FinTech,Noida
IDS Infotech,3.7,519,IT Services & Consulting,Sahibzada Ajit Singh Nagar
QUICK HEAL TECHNOLOGIES,3.5,519,Software Product,Pune
Tractebel,4.0,519,Power,Gurugram
Visa,3.3,518,FinTech,Bengaluru
Vishvaraj Environment,4.1,517,Waste Management,Nagpur
Hinduja Tech,3.1,518,IT Services & Consulting,Chennai
Par Health,4.2,519,Pharma,Indore
Ministry of Defence,4.4,517,Government,New Delhi
Quikr,3.7,517,Internet,Bengaluru
OMICS International,2.5,517,Printing & Publishing,Hyderabad
Welspun Transformation Services Limited,4.1,517,IT Services & Consulting,Ahmedabad
Leighton Contractors,4.1,517,Engineering & Construction,Mumbai
DiGibizz,,,Mumbai +162 other locations,
Cuemath,3.4,516,EdTech,Bengaluru
TRINAMIX,4.4,516,IT Services & Consulting,Pune
N+A,3.9,516,Financial Services,Bengaluru
Poorvika Mobiles,3.9,516,Retail,Chennai
EID Parry (India),3.8,517,Food Processing,Chennai
Saxo Bank,3.8,516,Banking,Gurugram
Centum Learning,3.7,515,Education & Training,New Delhi
LogixHealth,3.4,515,Analytics & KPO,Bengaluru
Rakuten,3.5,515,Internet,Bengaluru
Sri Krishna Pharmaceuticals,3.9,515,Pharma,Hyderabad
Markets and Markets,2.7,514,Analytics & KPO,Pune
2COMS,3.1,514,Recruitment,Kolkata
Techwave Consulting,3.6,514,IT Services & Consulting,Hyderabad
Emerson Electric Co.,4.0,513,Software Product,Pune
MediBuddy,3.3,513,Internet,Bengaluru
Nelito System,3.2,513,IT Services & Consulting,Mumbai
Namaste India Foods,4.0,513,Food Processing,Kanpur
Iol Chemicals & Pharmaceuticals,3.8,513,Pharma,Barnala
Voltech,3.4,513,Electrical Equipment,Chennai
Mahanagar Gas,4.1,513,Oil & Gas,Mumbai
Gilbarco Veeder Root,3.7,513,Industrial Machinery,Mumbai
Pace Setters Business Solutions,3.4,513,BPO,Mumbai
Encube Ethicals,3.7,513,Pharma,Mumbai
QBurst Technologies,4.2,512,Software Product,Kochi
Varuna Integrated Logistics,3.7,512,Logistics,Gurugram
Tekion,3.8,514,Software Product,Bengaluru
India Post,3.7,511,Government,Bengaluru
Romsons Group Of Industries,3.7,511,Medical Equipment,Agra
Infovision,3.6,511,IT Services & Consulting,Pune
Value Point Systems,3.5,511,IT Services & Consulting,Bengaluru
KRBL Limited,3.8,511,Food Processing,Noida
Kirby Building Systems,4.0,512,Building Material,Hyderabad
Global Autotech,3.9,511,Auto Components,Greater Noida
Texmo Industries,3.8,511,Industrial Machinery,Coimbatore
CollegeDekho,2.6,511,EdTech,Gurugram
Kellton,2.9,510,IT Services & Consulting,Gurugram
BharatMatrimony.com,3.8,509,Internet,Chennai
AIG Hospital,4.2,510,Healthcare,Hyderabad
Pepperfry,3.0,509,Hospitality,Mumbai
WM Universal Solutions Private Limited,3.6,509,Waste Management,Indore
India Glycols,4.0,509,Chemicals,Kashipur
L. N. Malviya Infra Projects Group,3.1,508,Engineering & Construction,Bhopal
Siemens Healthineers,3.9,508,Healthcare,Bengaluru
Allana Group of Companies,3.7,510,Food Processing,Mumbai
NTPC GE Power Services,3.9,508,Power,Jharsuguda
Flowserve,3.7,507,Industrial Machinery,Bengaluru
Invesco,3.7,507,Financial Services,Hyderabad
Paradeep Phosphates,3.8,507,Agro Chemicals,Paradip
Ppap Automotive,3.8,507,Auto Components,Noida
CARE,4.3,507,Non-Profit,Patna
C-Edge Technologies,3.7,506,IT Services & Consulting,Mumbai
Symbiotec Pharmalab,4.0,506,Pharma,Indore
Mediamint,2.8,506,Marketing & Advertising,Hyderabad
Samsung Display,3.8,506,Electronics Manufacturing,Noida
Equiniti,3.6,506,Financial Services,Chennai
Vakrangee,3.4,505,BPO,Mumbai
Knowledgeworks Global,2.9,505,Printing & Publishing,Mumbai
SUEZ Group,4.1,504,Waste Management,New Delhi
Brainvire,2.7,504,IT Services & Consulting,Ahmedabad
Otsuka Pharmaceutical India Private Limited,4.1,504,Pharma,Ahmedabad
Jiva Ayurvedic Pharmacy,3.8,504,Faridabad +46 other locations,
Medikabazaar,4.2,503,Medical Equipment,Mumbai
Buzzworks Business Services,3.5,503,Recruitment,Chennai
Aditya Birla Housing Finance,3.8,503,NBFC,Mumbai
Thales,3.5,503,Defence & Aerospace,Noida
Cosmo Films,3.7,502,Packaging,Chhatrapati Sambhajinagar
Common Service Centres,4.4,502,Government,New Delhi
Everforth Quinnox,3.9,501,IT Services & Consulting,Bengaluru
Aludecor Lamination,3.8,501,Building Material,Haridwar
Grant Thornton Bharat,3.2,501,Accounting & Auditing,Gurugram
GD Goenka Public School,3.3,501,Education & Training,New Delhi
SBI Mutual Fund,3.7,501,Financial Services,Mumbai
Think Gas Ludhiana,3.6,501,Oil & Gas,Chennai
Lite Bite Foods,4.4,500,Hospitality,New Delhi
Dow Chemical International Private Limited,3.5,500,Chemicals,Mumbai
Sterling Holiday Resort,3.8,500,Hospitality,Chennai
Technico Industries,3.6,500,Auto Components,Gurugram
Maersk Line,4.0,500,Logistics,Pune
Mediterranean Shipping Company,4.0,500,Ports & Shipping,Chennai
Clix Capital Services,4.0,500,NBFC,Gurugram
Onshore Construction,3.7,499,Engineering & Construction,Mumbai
TresVista,2.3,499,Analytics & KPO,Pune
Future Lifestyle Fashion,4.2,499,Retail,Bengaluru
HealthifyMe,2.7,498,Internet,Bengaluru
NJ India Invest,3.7,498,Financial Services,Surat
Jumbotail Technologies,3.6,497,Retail,Bengaluru
MKC Infrastructure Ltd.,3.4,497,Engineering & Construction,Gandhinagar
Alpla,3.9,497,Packaging,Hyderabad
Fynd,2.8,497,Software Product,Mumbai
Clove Dental,4.0,496,Healthcare,New Delhi
Kaynes Technology,3.1,496,Electronics Manufacturing,Mysuru
Numeric UPS,4.0,496,Electrical Equipment,Chennai
Giesecke & Devrient,3.4,496,IT Services & Consulting,Gurugram
Confidence Petroleum India,3.2,496,Oil & Gas,Nagpur
Plastic Omnium,3.7,496,Automobile,Pune
Matrix Business Services,3.5,496,Analytics & KPO,Chennai
RND Softech,3.0,496,BPO,Coimbatore
Bridgestone India Automotive Products,4.1,496,Auto Components,Gurugram
Juniper Networks,4.2,495,Hardware & Networking,Bengaluru
Xanadu,3.6,495,Real Estate,Mumbai
Cloud4C,3.5,495,IT Services & Consulting,Hyderabad
ZF Friedrichshafen,3.8,495,Auto Components,Chennai
CS TECH Ai,3.8,495,IT Services & Consulting,Nagpur
Bira 91,3.3,495,Beverage,New Delhi
NeoGrowth Credit,3.5,495,NBFC,Mumbai
Shalimar Paints,3.5,494,Chemicals,Gurugram
ESDS Software Solutions,3.2,496,IT Services & Consulting,Nashik
Avery Dennison,3.6,494,Packaging,Bengaluru
Godrej Interio,3.8,494,Furniture & Furnishing,Mumbai
Cera Sanitaryware,4.0,494,Building Material,Ahmedabad
Sany Heavy Industry,3.6,494,Industrial Machinery,Pune
Gopal Snacks Limited,4.2,494,FMCG,Rajkot
Nash Industries,3.3,493,Industrial Machinery,Bengaluru
Westin,4.1,493,Hospitality,Mumbai
Akamai Technologies,4.4,492,Software Product,Bengaluru
Cadbury,4.3,493,Food Processing,Mumbai
Honda Logistics,3.6,492,Logistics,Bhiwadi
Ramco Industries,4.1,492,Building Material,Chennai
Grindwell Norton,3.6,491,Industrial Machinery,Bengaluru
Tetra Pak,4.2,491,Packaging,Pune
Star Bazaar,3.7,491,Retail,Mumbai
Bhilosa Industries,3.6,491,Fashion & Textile,Dadra & Nagar Haveli
Atyati Technologies,3.9,490,IT Services & Consulting,Bengaluru
Jindal Aluminium,3.8,490,Metals & Mining,Bengaluru
Bajaj Auto Credit,3.9,490,NBFC,Pune
Meghmani Organics,3.8,490,Chemicals,Bharuch
Ivrcl Infrastructures & Projects,4.4,490,Engineering & Construction,Hyderabad
Landis+Gyr,2.8,489,Electrical Equipment,Noida
UNIVO Education,3.6,489,EdTech,Noida
Mikuni,4.1,489,Auto Components,Neemrana
National Commodities Management Services,4.0,489,Agriculture,Gurugram
Purplle.com,3.6,489,Retail,Mumbai
Trimax IT Infrastructure Services,3.8,488,IT Services & Consulting,Mumbai
Keysight Technologies,3.8,488,Electronics Manufacturing,Gurugram
SBI Capital Markets,3.6,488,Financial Services,Mumbai
Go First,3.9,488,Aviation,Mumbai
Realme,3.6,488,Consumer Electronics & Appliances,Gurugram
Espire Infolabs,2.2,487,IT Services & Consulting,Gurugram
Bhagwati Products,3.5,487,Consumer Electronics & Appliances,Noida
Greenpanel Industries,3.9,486,Furniture & Furnishing,Srikalahasti
Xerox,3.7,486,Printing & Publishing,Bengaluru
Tata International,3.5,486,Import & Export,Mumbai
Thought Focus,3.3,486,IT Services & Consulting,Bengaluru
Saud Bahwan Group,3.7,485,Automobile,Muscat
Paharpur Cooling Towers,3.9,485,Industrial Machinery,Kolkata
Sadbhav Engineering,4.2,485,Engineering & Construction,Ahmedabad
Suzlon Global Services,3.8,485,Pune +65 other locations,
Liberty General Insurance,3.7,485,Insurance,Mumbai
Speridian Technologies,3.5,485,IT Services & Consulting,Bengaluru
Visaka Industries,3.8,485,Building Material,Hyderabad
GM Modular,3.8,485,Electrical Equipment,Mumbai
Hyundai Glovis,3.6,485,Logistics,Anantapur
Qcon,4.3,485,Engineering & Construction,Mumbai
Henkel Adhesives Technologies,4.1,485,Chemicals,Pune
Stovekraft,3.9,484,Consumer Electronics & Appliances,Bengaluru
Gulf Oil Lubricants,4.0,484,Oil & Gas,Mumbai
Yethi Consulting,3.4,484,IT Services & Consulting,Bengaluru
MagicPin,2.4,484,Internet,Gurugram
Jupiter Hospital,4.0,484,Healthcare,Pune
Teradata,3.5,483,Software Product,Hyderabad
LuLu Group International,3.3,484,Retail,Kochi
Stryker,3.8,483,Medical Equipment,Gurugram
Allied Blenders & Distillers,4.0,483,Beverage,Mumbai
Kiswok Industries,3.3,483,Iron & Steel,Kolkata
In Time Tec Visionsoft,3.1,483,IT Services & Consulting,Jaipur
Sayaji Hotels,4.1,482,Hospitality,Indore
NBTC GROUP,3.3,482,Oil & Gas,Chennai
Anunta Technology Management Services,3.3,482,IT Services & Consulting,Mumbai
Central Public Works Department,4.1,482,Government,New Delhi
Torrent Gas,3.1,481,Oil & Gas,Ahmedabad
AIRBUS,3.6,481,Aviation,Bengaluru
Anthem Biosciences,3.9,481,Pharma,Bengaluru
LT Foods,3.8,481,FMCG,Gurugram
Bharat Seats,3.7,481,Auto Components,Gurugram
Polestar Analytics,4.0,482,IT Services & Consulting,Noida
Riya Travel,3.6,481,Travel & Tourism,Mumbai
Prime Focus Technologies,3.1,480,Software Product,Bengaluru
Zypp Electric,4.0,481,Internet,Gurugram
Pocket FM,2.7,480,Media & Entertainment,Bengaluru
Dana India,4.0,480,Auto Components,Pune
McNally Bharat Engineering,3.9,481,Engineering & Construction,Kolkata
GHCL Limited,3.9,479,Chemicals,Sutrapada
Seoyon E-hwa Automotive,3.5,479,Auto Components,Chennai
Gaurs Group,4.2,479,Real Estate,Noida
Bahwan Engineering,4.1,479,Engineering & Construction,Muscat
Revent Group,3.7,479,Auto Components,Gurugram
Loadshare Networks,3.4,478,Logistics,Bengaluru
Majesco,3.2,478,IT Services & Consulting,Mumbai
Orion Innovation,3.5,478,IT Services & Consulting,Chennai
Haleon,3.5,477,Healthcare,Bengaluru
Aimil Pharmaceuticals,3.6,477,Pharma,New Delhi
Gokaldas Exports,3.9,477,Fashion & Textile,Bengaluru
Birla White,4.0,477,Building Material,Jodhpur
Symphony,4.6,478,Consumer Electronics & Appliances,Ahmedabad
CommScope,3.8,477,Telecom,Bengaluru
Indofil Industries,4.0,477,Agro Chemicals,Mumbai
Birla White,4.0,477,Building Material,Jodhpur
Balmer Lawrie,3.6,477,Packaging,Kolkata
Mahle Anand Thermal Systems,4.0,476,Auto Components,Pune
Oriental Structural Engineers,4.3,476,Engineering & Construction,New Delhi
Puravankara,3.4,476,Real Estate,Bengaluru
AQM Technologies,3.0,477,IT Services & Consulting,Mumbai
Paper Boat(Hector Beverages Pvt. Ltd.),3.9,475,Beverage,Bengaluru
Kyungshin Industrial Motherson,3.3,475,Electrical Equipment,Chennai
Texmaco Rail and Engineering,3.8,475,Engineering & Construction,Kolkata
Bandhan Life,3.3,475,Insurance,Mumbai
Yutika Natural,3.6,475,Beauty & Personal Care,Indore
Iksula,3.2,474,IT Services & Consulting,Mumbai
British Council,3.5,474,Education & Training,New Delhi
Eurokids,4.0,474,Education & Training,Mumbai
Dharampal Premchand,4.3,474,FMCG,Noida
Honour Lab,3.9,474,Pharma,Hyderabad
Magneti Marelli Motherson Auto System,4.0,474,Auto Components,Pune
Honour Lab,3.9,474,Pharma,Hyderabad
Marble Box,3.8,474,BPO,Kolkata
NKG Infrastructure,3.2,473,Engineering & Construction,New Delhi
Synopsys,3.5,473,Semiconductors,Bengaluru
Red Hat,4.3,473,Software Product,Pune
Vision India Services,4.1,473,Recruitment,Noida
Aizant Drug Research Solutions,4.2,473,Clinical Research,Hyderabad
Alankit,3.1,448,Financial Services,New Delhi
iNurture Education Solutions,2.5,472,EdTech,Bengaluru
SISL Infotech,3.5,472,IT Services & Consulting,New Delhi
Neilsoft,3.1,472,Engineering & Construction,Pune
Mymd Healthcare,4.2,472,Internet,Kolkata
Kolte Patil Developers,4.1,473,Real Estate,Pune
Pratham Education Foundation,4.2,472,Education & Training,New Delhi
Sahyadri Hospital,4.2,471,Healthcare,Pune
Flamingo Pharmaceuticals,3.0,471,Pharma,Mumbai
Venky's,3.7,471,Food Processing,Pune
Sulekha.com,3.3,471,Internet,Chennai
Midland Microfin Limited,3.6,471,NBFC,Jalandhar
St. Xavier's High School,3.7,471,Pharma,Gurugram
Dun & Bradstreet,3.1,471,Analytics & KPO,Mumbai
Caresoft Global,3.3,471,Automobile,Coimbatore
Yusen Logistics,3.9,470,Logistics,Mumbai
Rapido,3.5,471,Internet,Bengaluru
Ashapura Group Of Industries,4.1,470,Metals & Mining,Bhuj
Del Monte Foods,4.0,470,Food Processing,Gurugram
Novotel Hotels,3.9,470,Hospitality,Mumbai
CodeClouds,3.8,469,Software Product,Kolkata
Bengal Beverages,3.0,469,Beverage,Kolkata
RPG Life Sciences,3.6,468,Pharma,Ankleshwar
IKF Finance,4.1,468,Financial Services,Hyderabad
Prodair Air Products,3.7,468,Oil & Gas,Pune
Nuvama Wealth and Investment,3.3,468,Financial Services,Mumbai
Flatworld Solutions,3.3,468,IT Services & Consulting,Bengaluru
Ergode,3.2,467,IT Services & Consulting,Mumbai
Cipla Health,4.2,467,Pharma,Mumbai
Godrej Jersey,4.1,468,Food Processing,Hyderabad
Bharat Bijlee,4.1,467,Electrical Equipment,Mumbai
Kataria Automobiles,3.6,467,Automobile,Ahmedabad
JNS Instruments,4.0,467,Industrial Machinery,Gurugram
Allegis Group,3.4,466,Recruitment,Bengaluru
The Indian Hotels Company,4.0,467,Hospitality,Mumbai
Emergys,3.4,466,IT Services & Consulting,Pune
Railtel Corporation Of India,3.6,466,Hardware & Networking,New Delhi
ByteDance,4.1,465,Internet,Gurugram
TruBridge Healthcare Private Limited,3.8,475,Analytics & KPO,Mumbai
Go Colors,3.9,465,Fashion & Textile,Chennai
Freecharge,3.7,465,FinTech,Gurugram
Subex,3.5,465,Telecom,Bengaluru
HealthKart,3.9,465,Internet,Gurugram
LKQ INDIA,3.3,465,IT Services & Consulting,Bengaluru
Rieter,3.2,465,Hospitality,Pune
Bada Business,4.0,465,Internet,New Delhi
Falcon Autotech,3.9,465,Industrial Automation,Noida
Essjay Ericsson,4.2,464,Analytics & KPO,New Delhi
Konexions Back Office Services,2.5,464,BPO,New Delhi
Saudi Binladin Group,4.2,464,Engineering & Construction,Jeddah
Brembo Brake India,4.0,464,Auto Components,Pune
ITI,3.7,464,Hardware & Networking,Bengaluru
Fuji Electric,3.6,463,Electronics Manufacturing,Chennai
Miracle Software Systems,3.8,464,IT Services & Consulting,Visakhapatnam
ELGI Equipments,4.0,463,Industrial Machinery,Coimbatore
Zscaler Softech,3.2,464,Software Product,Bengaluru
Tutopia,4.5,464,EdTech,Kolkata
Group Bayport,4.2,461,Printing & Publishing,Ahmedabad
Echobooom Management & Entrepreneurial Solutions,3.9,462,Marketing & Advertising,Mumbai
Reliance Infrastructure,4.2,462,Engineering & Construction,Mumbai
B. Braun Medical,4.1,463,Healthcare,Mumbai
SMFG India Home Finance Co,3.7,464,NBFC,Mumbai
BSCPL Infrastructure,3.9,462,Engineering & Construction,Hyderabad
InfoBeans,3.3,462,IT Services & Consulting,Indore
Regency Hospital Ltd,4.0,462,Healthcare,Kanpur
NetApp,3.6,462,IT Services & Consulting,Bengaluru
Thrillophilia,3.6,462,Travel & Tourism,Jaipur
Mjunction Services,3.7,461,IT Services & Consulting,Kolkata
Indian Immunologicals,4.1,461,Biotechnology,Hyderabad
Corona Remedies,4.2,461,Pharma,Ahmedabad
Khadims,3.6,462,Fashion & Textile,Kolkata
ZUCOL Services,3.8,460,IT Services & Consulting,Jaipur
Tyger Capital,3.9,460,Financial Services,Mumbai
SirionLabs,3.9,460,Software Product,Gurugram
Ciena,3.9,460,Telecom,Gurugram
Tata Steel Utilities and Infrastructure Services,3.6,460,Engineering & Construction,Jamshedpur
NOON.COM,3.2,460,Internet,Gurugram
Almarai,4.2,460,Food Processing,Riyadh
Prism Cement,4.0,460,Building Material,Satna
Clean Harbors,3.3,459,Waste Management,Hyderabad
Knack RCM,3.0,459,BPO,Jaipur
TCL,4.1,459,Consumer Electronics & Appliances,Tirupati
AVAYA,3.3,458,Software Product,Pune
CMA CGM Global Business Services,4.0,458,Ports & Shipping,Chennai
Freyr Solutions,3.6,458,IT Services & Consulting,Hyderabad
Mungi Group,3.9,457,Auto Components,Pune
Tata Steel Colors,3.7,457,Iron & Steel,Pune
Intercontinental Exchange,3.2,458,Financial Services,Hyderabad
Portea Medical,3.6,457,Healthcare,Bengaluru
Deluxe Entertainment,3.4,457,Media & Entertainment,Bengaluru
Indian Political Action Committee,2.8,457,Other,Kolkata
Transasia Bio-Medicals,3.2,457,Medical Equipment,Mumbai
OLX Autos,3.9,456,Internet,Gurugram
Usha Martin,4.0,456,Iron & Steel,Ranchi
NR Switch N Radio Services,3.8,456,Telecom,Kota
Mashreq Global Services,3.1,456,Banking,Bengaluru
Flipkart Health+,3.6,456,Internet,Kolkata
Meyer Organics,3.6,457,Pharma,Mumbai
Toyota,4.2,455,Automobile,Bengaluru
Vijai Electricals,3.7,455,Power,Hyderabad
NIFTEL COMMUNICATIONS,3.6,456,BPO,Lucknow
e2open,3.4,455,Hospitality,Bengaluru
Webkul Software,3.8,454,Software Product,Noida
Fossil Group,3.8,454,Fashion & Textile,Bengaluru
Talbros,3.9,454,Auto Components,Faridabad
Cimpress,3.8,454,Printing & Publishing,Mumbai
FabHotels,3.0,455,Hospitality,Gurugram
State Street Bank,3.4,454,Banking,Bengaluru
OnePlus,3.8,453,Consumer Electronics & Appliances,Bengaluru
Ingersoll Rand,3.7,453,Industrial Machinery,Bengaluru
Bonfiglioli Transmissions Limited,3.5,453,Industrial Machinery,Chennai
Tata Steel Downstream Products,3.6,453,Iron & Steel,Jamshedpur
Adani Logistics,3.7,453,Logistics,Ahmedabad
TriGeo Technologies,3.2,452,IT Services & Consulting,Hyderabad
Orient Craft,3.8,452,Fashion & Textile,Gurugram
Premium Transmission,3.4,452,Industrial Machinery,Pune
Fitelo,3.2,452,Fitness & Wellness,Sahibzada Ajit Singh Nagar
Skillmine Technology Consulting,3.8,452,Software Product,Bengaluru
Nexteer Automotive,3.8,451,Auto Components,Bengaluru
Dee Piping System,4.1,451,Engineering & Construction,Faridabad
Kaya Skin Clinic,3.4,451,Beauty & Personal Care,Mumbai
SABIC,4.1,451,Chemicals,Bengaluru
NR Consulting,4.6,451,IT Services & Consulting,Noida
Siyaram Silk Mills,3.9,450,Fashion & Textile,Mumbai
Chettinad Cements,3.8,450,Building Material,Chennai
Spice Money,4.1,452,FinTech,Noida
Aptech,3.2,450,Education & Training,Mumbai
Citykart Retail,3.8,450,Retail,Gurugram
Shiprocket Private Limited,3.3,450,Internet,Gurugram
DB Power Limited,4.7,450,Power,Raigarh
Montecarlo Construction,4.2,449,Engineering & Construction,Ahmedabad
Vcare Trichology,3.5,449,Healthcare,Chennai
Indian Institute of Technology Gandhinagar,4.2,449,Education & Training,New Delhi
AppInventiv Technologies,3.9,449,IT Services & Consulting,Noida
Indian Institute of Technology Gandhinagar,4.2,449,Education & Training,New Delhi
Axis Finance,3.8,450,NBFC,Mumbai
Theobroma Foods,3.9,449,Hospitality,Mumbai
Flipkart Wholesale,3.9,448,Internet,Bengaluru
DesignTech Systems,3.4,448,IT Services & Consulting,Pune
National Organic Chemical Industries,3.7,448,Chemicals,Bharuch
SPAR Hypermarkets,4.0,448,Retail,Bengaluru
FM LOGISTIC,4.0,448,Logistics,Pune
Karvy Data Management,3.1,448,Hyderabad +41 other locations,
SoftwareOne,3.8,447,Software Product,Gurugram
Asian Granito India,3.6,447,Building Material,Ahmedabad
H & R Johnson,3.5,446,Building Material,Mumbai
Mahindra Lifespace Developers,4.2,446,Real Estate,Mumbai
International Automotive Components,3.9,446,Auto Components,Pune
Infosys Consulting,3.4,446,IT Services & Consulting,Bengaluru
Nidec Corporation,3.6,446,Electronics Manufacturing,Neemrana
Marksans Pharma,3.4,445,Pharma,South Goa
Rakuten Symphony,3.6,446,Telecom,Indore
GS Lab,3.6,445,IT Services & Consulting,Pune
Mintifi,3.5,445,Financial Services,Mumbai
Intelizign Lifecycle Services,3.8,444,IT Services & Consulting,Bengaluru
Calsoft,2.8,444,IT Services & Consulting,Pune
Mazagon Dock,4.2,444,Ports & Shipping,Mumbai
Orient Bell,3.4,444,Building Material,New Delhi
A. O. Smith India Water Products Private Limited,3.5,444,Consumer Electronics & Appliances,Bengaluru
Hero Housing Finance,3.7,445,NBFC,New Delhi
Paynearby Technologies,3.9,443,FinTech,Mumbai
T.v. Sundram Iyengar & Sons,4.0,443,Automobile,Chennai
FCM Travel,3.4,443,Travel & Tourism,New Delhi
Nous Infosystems,3.5,443,IT Services & Consulting,Bengaluru
Jyoti CNC Automation,3.9,443,Industrial Machinery,Rajkot
CES,3.3,443,IT Services & Consulting,Hyderabad
Lambda Therapeutic Research,3.8,443,Clinical Research,Ahmedabad
Western Union,2.8,443,FinTech,Pune
Silver Touch Technologies,2.9,443,IT Services & Consulting,New Delhi
Imarticus Learning,4.0,443,EdTech,Mumbai
Baramati Agro,3.9,443,Food Processing,Pune
NCSI Technologies Pvt Ltd,3.7,442,IT Services & Consulting,Pune
TotalEnergies,3.7,442,Oil & Gas,Mumbai
Mann And Hummel Filter,3.9,442,Industrial Machinery,Bengaluru
India Nippon Electricals,3.6,442,Electrical Equipment,Hosur
Powerweave,3.3,442,BPO,Mumbai
Lotte India Corporation,4.0,442,FMCG,Chennai
Zenex Animal Health,4.7,442,Pharma,Ahmedabad
Carrier Midea,3.4,443,Consumer Electronics & Appliances,Pune
Ami Lifesciences,3.8,442,Pharma,Vadodara
Shyam Sel & Power,3.7,442,Electronics Manufacturing,Kolkata
GTL Infrastructure,4.2,441,Hardware & Networking,Mumbai
Haldia Petrochemicals,3.7,441,Petrochemicals,Haldia
Tessolve,3.3,441,Semiconductors,Bengaluru
K D Hospital,4.5,441,Healthcare,Ahmedabad
Ind-Swift Laboratories,3.8,441,Pharma,Chandigarh
Kutchina,3.4,441,Consumer Electronics & Appliances,Kolkata
Motherhood Hospital,3.7,442,Healthcare,Bengaluru
Kothari Agritech,4.2,441,Building Material,Solapur
KLAY Preschool and Daycare,3.6,442,Education & Training,Bengaluru
ZTE Corporation,4.0,441,Telecom,Gurugram
Aker Solutions,4.0,440,Engineering & Construction,Mumbai
Tally Solutions,4.0,440,Software Product,Bengaluru
Ensono,4.0,440,IT Services & Consulting,Pune
IndusInd Capital,4.0,440,Financial Services,Mumbai
Desun Hospital & Heart Institute,3.7,440,Healthcare,Kolkata
Honeywell International India,4.0,439,Defence & Aerospace,Pune
ANR Software Private Limited,4.1,439,IT Services & Consulting,Noida
Ashiana Housing,4.0,439,Real Estate,Jaipur
360 Realtors,3.5,439,Real Estate,Pune
Learning Routes,4.5,439,EdTech,Gurugram
PULSUS HealthTech Group,3.2,438,Printing & Publishing,Visakhapatnam
Groupon,3.0,438,Internet,Chennai
ARMSOFTECH.AIR,3.2,438,IT Services & Consulting,Chennai
Eurofins It Solutions,2.7,438,IT Services & Consulting,Bengaluru
Samsung C&T,4.2,438,Engineering & Construction,Mumbai
Chambal Fertilisers And Chemicals,3.7,438,Agro Chemicals,Kota
Uniparts Group,3.7,438,Industrial Machinery,Noida
Bmm Ispat,3.9,438,Iron & Steel,Hosapete
Astra Microwave Products,3.9,438,Defence & Aerospace,Hyderabad
RSWM Limited,4.0,438,Fashion & Textile,Bhilwara
IL&FS Engineering and Construction,4.4,438,Engineering & Construction,Hyderabad
Impact Guru,3.5,438,Internet,Mumbai
Pon Pure Chemical,3.6,437,Chemicals,Chennai
IIMI Image Management Private Limited,4.0,437,BPO,Kolkata
Motilal Oswal Private Wealth Management,4.5,437,Financial Services,Mumbai
AIMLAY,4.7,436,EdTech,New Delhi
Ramada,3.8,436,Hospitality,Mumbai
IMS People,3.6,436,Recruitment,Ahmedabad
Hike Education Private Limited,4.3,436,EdTech,Gurugram
ABCI Infrastructures,3.3,436,Engineering & Construction,Bengaluru
Entrata,3.8,436,Software Product,Pune
Samsonite,4.1,436,Retail,Nashik
Europa Locks,3.8,436,Building Material,Pune
Novartis Healthcare,4.0,436,Pharma,Hyderabad
Sagar Cements,4.3,436,Building Material,Hyderabad
Nettur Technical Training Foundation,3.6,435,Education & Training,Bengaluru
Nagarjuna Fertilizers and Chemicals,4.1,435,Agro Chemicals,Kakinada
Samsung SDS,2.9,435,IT Services & Consulting,Gurugram
Systems Plus,4.2,435,IT Services & Consulting,Pune
YKK,3.7,435,Fashion & Textile,Rewari
Nowfloats Technologies,3.8,435,Software Product,Hyderabad
Le Méridien,4.1,434,Hospitality,New Delhi
Self Practice,4.4,434,Analytics & KPO,New Delhi
Mahindra Last Mile Mobility,3.7,434,Automobile,Bengaluru
Capital Foods,4.2,433,Food Processing,Mumbai
Adani Infra,3.7,433,Engineering & Construction,Ahmedabad
CWT,3.4,433,Travel & Tourism,New Delhi
Aka Logistics,3.1,433,Logistics,Kolkata
Buhler,3.8,432,Industrial Machinery,Bengaluru
Viva Composite Panel,4.5,431,Building Material,Mumbai
Prolifics Corporation,3.6,431,IT Services & Consulting,Hyderabad
Universal Corporation,3.6,432,Consumer Electronics & Appliances,Kolkata
Dorset Industries,4.4,430,Building Material,Gurugram
B.C. Jindal Group of Companies,3.9,430,Iron & Steel,New Delhi
Franchise India Brands,2.9,431,Marketing & Advertising,New Delhi
Reshamandi,3.5,430,Fashion & Textile,Bengaluru
Daimler Truck,3.6,431,Automobile,Bengaluru
Indigo Paints,3.8,430,Chemicals,Pune
TTK Healthcare,4.1,430,Medical Equipment,Chennai
Unilever Global,3.7,429,FMCG,Bengaluru
DataMetica,3.0,429,IT Services & Consulting,Pune
Copeland,3.8,430,Electronics Manufacturing,Pune
Copeland,3.8,430,Electronics Manufacturing,Pune
Oberoi Realty,4.3,429,Real Estate,Mumbai
Leixir Dental Group,4.6,429,Healthcare,Gurugram
Indiafilings,3.8,430,Internet,Chennai
Balaji Wafers,4.3,429,FMCG,Indore
Zealous Services,2.7,429,Design,Chennai
Rama Medical College Hospital & Research Centre,3.7,429,Healthcare,Kanpur
Secure Value,3.4,428,IT Services & Consulting,Mumbai
Qwik Supply Chain,3.9,429,Mumbai +144 other locations,
Roca Bathroom Products,3.7,428,Building Material,Chennai
HYT Engineering Company Pvt Ltd,3.2,428,Industrial Machinery,Pune
Bangalore International Airport,4.3,428,Aviation,Bengaluru
Ipsos,3.1,428,Analytics & KPO,Mumbai
Jubilant Biosys,3.5,428,Biotechnology,Bengaluru
Indian Overseas Bank,3.5,428,Banking,Chennai
Global Indian International School,4.2,428,Education & Training,Noida
Bonace Engineers,4.0,428,Recruitment,Mumbai
Slice,3.1,428,Banking,Bengaluru
MyMoneyMantra,3.2,427,Internet,New Delhi
Havmor Ice Cream,4.1,427,Food Processing,Ahmedabad
Starbucks,4.1,427,Hospitality,Mumbai
Owens Corning,3.6,427,Building Material,Mumbai
myGate,2.9,427,Law Enforcement & Security,Bengaluru
ITC Limited - Paperboards Specialty Papers Division,3.9,427,Packaging,Bhadrachalam
Saama Technologies,3.6,427,IT Services & Consulting,Pune
Tagros Chemicals,3.6,427,Agro Chemicals,Cuddalore
V-Xpress,3.9,427,Logistics,Mumbai
P.D. Hinduja National Hospital and Medical Research Centre,3.9,426,Healthcare,Mumbai
Enphase Energy,2.6,426,Power,Bengaluru
Medica Superspecialty Hospital,3.9,426,Healthcare,Kolkata
Educomp Solutions,3.6,426,EdTech,Gurugram
Virchow Biotech,3.3,426,Pharma,Hyderabad
Metrochem Api,3.2,426,Pharma,Hyderabad
National Bulk Handling Corporation,4.1,426,Agriculture,Mumbai
PowerSchool India,3.2,426,Software Product,Bengaluru
Fortis Escorts Hospital,4.2,425,Healthcare,New Delhi
Apex Laboratories,3.9,425,Pharma,Chennai
The Belgian Waffle co,4.4,426,Hospitality,Mumbai
Gtpl Hathway,4.0,425,Broadcasting,Ahmedabad
Gujarat Ambuja Exports,3.3,425,Agro Chemicals,Ahmedabad
CapeStart,4.6,425,IT Services & Consulting,Nagercoil
Euler Motors,3.6,427,Automobile,New Delhi
Indian Space Research Organisation,4.6,424,Defence & Aerospace,Bengaluru
Venus Remedies,4.2,424,Pharma,Baddi
Essar Group,3.8,424,Engineering & Construction,Mumbai
Raptakos Brett and Company,3.4,424,Pharma,Mumbai
Aliens Group,3.8,424,Real Estate,Hyderabad
Himatsingka Seide,3.5,424,Fashion & Textile,Bengaluru
SolarSquare Energy,3.0,425,Power,Pune
Accelya Solutions India Limited,3.4,423,IT Services & Consulting,Mumbai
Aramex,3.3,423,Logistics,Mumbai
Agro Tech Foods,4.0,423,FMCG,Hyderabad
Capital Trust,3.4,423,NBFC,New Delhi
CogentHubCX.AI,3.1,423,BPO,Kolkata
Pole To Win,3.2,422,Gaming,Bengaluru
Indus Net Technologies,2.9,422,IT Services & Consulting,Kolkata
V-bazaar Retail,3.9,422,Retail,Gurugram
Workcell Solutions,3.5,422,Pharma,Mumbai
BPTP,4.1,422,Real Estate,New Delhi
VRB Consumer Products Private Limited,4.1,424,FMCG,New Delhi
Odessa,3.5,421,Software Product,Bengaluru
Bank of Maharashtra,3.3,421,Banking,Pune
Bharat Aluminium Company (BALCO),3.9,421,Metals & Mining,Korba
Tudip Technologies,3.9,421,IT Services & Consulting,Pune
ArisGlobal,2.8,421,IT Services & Consulting,Bengaluru
Manhattan Associates,3.3,422,IT Services & Consulting,Bengaluru
SHARE Microfin,4.2,421,Financial Services,Hyderabad
Merck,4.0,421,Pharma,Bengaluru
Sarvodaya Hospital,3.9,420,Healthcare,Faridabad
Onsitego,3.6,420,Internet,Mumbai
Gold Plus Glass,3.4,420,Other,Roorkee
Kanpur Fertilizers & Chemicals,3.7,419,Agro Chemicals,Kanpur
Magus Customer Dialog,4.0,419,BPO,Hyderabad
Thyssenkrupp Industrial Solutions,4.1,419,Industrial Machinery,Mumbai
GRT Jewellers,4.1,419,Jewellery,Chennai
CGI India,4.1,419,Marketing & Advertising,Bengaluru
Core Integra Consulting Services,3.4,418,Recruitment,Mumbai
SMS India Private Limited,4.0,418,Engineering & Construction,Gurugram
Kailash Hospital,3.8,418,Healthcare,Noida
Adroit Synergies,3.1,418,BPO,Noida
Oda Class,2.8,418,EdTech,Bengaluru
RDC Concrete (India),4.0,418,Real Estate,Mumbai
S. M. Auto Engineering,3.4,418,Auto Components,Pune
Hindustan Foods,3.6,418,FMCG,Hyderabad
Win Medicare,4.1,418,Pharma,New Delhi
Invensis Technologies,3.4,418,BPO,Bengaluru
CANTABIL RETAIL INDIA,3.9,418,Fashion & Textile,New Delhi
PC Jewellers,3.8,418,Metals & Mining,New Delhi
PGP Glass,4.0,419,Packaging,Vadodara
STUDDS Accessories Limited,4.0,417,Auto Components,Faridabad
Dixit Infotech Services,3.5,418,IT Services & Consulting,Mumbai
UCAL Fuel Systems,3.8,416,Auto Components,Chennai
Evoke Technologies,3.8,416,IT Services & Consulting,Hyderabad
CEVA Logistics,3.8,416,Logistics,Chennai
SML Isuzu,4.1,416,Automobile,Chandigarh
Nyati Group,4.2,416,Real Estate,Pune
Auro Realty Private Limited,4.4,417,Real Estate,Hyderabad
Dodsal Engineering & Construction,4.5,415,Engineering & Construction,Mumbai
Schoolnet India,3.8,418,EdTech,Mumbai
Muthoot Housing Finance Company,4.1,415,NBFC,Mumbai
Air Liquide,3.4,415,Chemicals,New Delhi
Greet Technologies,2.7,415,BPO,Bengaluru
M Baazar,3.8,415,Retail,Kolkata
Muthoot Housing Finance Company,4.1,415,NBFC,Mumbai
Marelli Motherson Automotive Lighting,3.7,415,Auto Components,Pune
Piramal Swasthya,4.1,414,Hyderabad +67 other locations,
Motherson Technology Services,3.2,414,IT Services & Consulting,Noida
ICFAI University,3.6,414,Education & Training,Hyderabad
Bses Yamuna Power,3.7,413,Power,New Delhi
TVS Mobility,4.0,413,Automobile,Chennai
Thermax Babcock Wilcox Energy Solutions,4.1,414,Industrial Machinery,Pune
Munjal Showa,3.2,413,Auto Components,Gurugram
Cheil India,2.9,413,Marketing & Advertising,Gurugram
Wonderla Holidays,4.4,413,Events,Bengaluru
Etech Global Services,3.6,412,BPO,Gandhinagar
RCM,4.1,412,Retail,Bhilwara
eNoah iSolution,3.7,412,IT Services & Consulting,Chennai
The Hans Foundation,4.1,412,Non-Profit,New Delhi
MRF Vapocure Paints,4.0,412,Chemicals,Chennai
Venkateshwara Hatcheries,3.8,412,Food Processing,Pune
The Phoenix Mills,3.9,412,Real Estate,Mumbai
Hexagon Nutrition,4.0,412,Food Processing,Mumbai
Aeries Technology,3.1,412,IT Services & Consulting,Bengaluru
Recpdcl.ltd,4.1,412,Facility Management Services,New Delhi
Spoton Logistics,4.4,412,Logistics,Bengaluru
MAYORA,3.9,411,FMCG,Hyderabad
Stanley Black & Decker,3.7,411,Industrial Machinery,Pune
Broadcom,3.2,411,Semiconductors,Bengaluru
LOGISTEED India Pvt. Ltd.,4.0,411,Logistics,Chennai
Huron,3.7,411,Management Consulting,Bengaluru
Gravita,4.4,411,Metals & Mining,Jaipur
Karamtara Engineering Limited,3.6,411,Engineering & Construction,Mumbai
Uplers,3.6,411,Internet,Ahmedabad
Azentio,3.1,410,Software Product,Chennai
Writer Corporation,3.3,410,Logistics,Mumbai
Hanon Systems,3.9,410,Auto Components,Chennai
Black Knight,3.5,409,IT Services & Consulting,Hyderabad
L&T Heavy Engineering,3.7,409,Surat +27 other locations,
Call 2 Connect,2.5,409,BPO,Mumbai
Mantra Properties,4.2,409,Real Estate,Pune
American Axle & Manufacturing,4.4,409,Auto Components,Pune
Nuziveedu Seeds,3.9,409,Agriculture,Hyderabad
Acadecraft,3.6,409,EdTech,Noida
RSM US in India,3.4,409,Management Consulting,Bengaluru
Kuehne + Nagel,3.6,409,Logistics,Gurugram
ClearTax,3.1,409,IT Services & Consulting,Bengaluru
Christian Medical College,4.1,409,Education & Training,Vellore
Gps Renewables,4.0,409,Oil & Gas,Bengaluru
Al Turki Enterprises,3.6,409,Oil & Gas,Muscat
Bosch Rexroth India,3.9,408,Industrial Machinery,Ahmedabad
Sedemac Mechatronics,4.0,408,Emerging Technologies,Pune
Welspun Flooring,3.8,407,Building Material,Hyderabad
Hajee A P Bava Construction,3.8,407,Engineering & Construction,Hyderabad
Mettler-Toledo,3.5,407,Electrical Equipment,Mumbai
Roop Automotives,4.2,407,Auto Components,Gurugram
Connectwise India,3.3,407,IT Services & Consulting,Pune
GMR Hyderabad International Airport,4.1,407,Aviation,Hyderabad
ABC Consultants,3.9,407,Recruitment,Bengaluru
National Fertilizers,4.3,406,Agro Chemicals,Bathinda
GE Aerospace,4.1,406,Defence & Aerospace,Pune
VTP Realty,3.5,406,Real Estate,Pune
Federal Mogul Goetze,3.9,406,Auto Components,Bengaluru
Shree Baidyanath Ayurved Bhawan,3.8,406,Pharma,Kolkata
Dorf Ketal Chemicals,4.0,406,Oil & Gas,Mumbai
Sunstone,3.7,405,Education & Training,Gurugram
Burns & McDonnell,4.0,405,Engineering & Construction,Mumbai
Icertis,3.3,405,Software Product,Pune
Tirumala Milk Products,4.2,405,Food Processing,Chennai
Pearson Education India,3.8,405,Education & Training,Bengaluru
Smartworks,3.3,405,Real Estate,Bengaluru
Shakti Pumps,3.7,405,Industrial Machinery,Indore
Epsilon Carbon,3.9,405,Chemicals,Ballari
Omnicom Global Solutions,3.3,404,Marketing & Advertising,Bengaluru
GE Vernova T&D India,4.2,404,Power,Chennai
Cooper Corporation,4.1,404,Auto Components,Satara
Netlink Software,3.1,404,IT Services & Consulting,Bhopal
Wellness Forever Lifestyle Chemist,3.9,404,Retail,Mumbai
Indian Metals & Ferro Alloys,3.8,404,Iron & Steel,Bhubaneswar
BCH Electric,4.0,403,Electrical Equipment,Faridabad
VXI Global Solutions,3.2,404,BPO,Hyderabad
BCH Electric,4.0,403,Electrical Equipment,Faridabad
VXI Global Solutions,3.2,404,BPO,Hyderabad
Imarque Solutions,3.1,403,BPO,Chennai
Nobel Hygiene,3.9,403,Healthcare,Mumbai
Hurix Digital,3.1,403,IT Services & Consulting,Chennai
Konecranes,3.9,402,Industrial Machinery,Pune
SPRINKLR,2.9,403,Software Product,Bengaluru
Mindlance,3.6,402,Recruitment,Noida
Medline Industries India Private Limited,3.8,402,Medical Equipment,Pune
GSP Crop Science,4.0,402,Agro Chemicals,Vadodara
Parksons Packaging,4.1,402,Packaging,Mumbai
Helloverify,3.0,402,Law Enforcement & Security,Noida
Triumphant Institute of Management Education,3.7,401,Education & Training,Hyderabad
People Prime Worldwide,4.1,401,Recruitment,Hyderabad
Indifi Technologies,3.8,401,FinTech,Gurugram
Eclat Health Solutions,3.6,401,Analytics & KPO,Hyderabad
SYSTRA,3.9,402,Engineering & Construction,New Delhi
D.p. Jain & Co. Infrastructure Pvt .,3.1,401,Engineering & Construction,Nagpur
Siemens Healthcare,4.1,401,Healthcare,Bengaluru
Ambuja Neotia,3.7,401,Real Estate,Kolkata
Amartex Industries,4.5,402,Fashion & Textile,Panchkula
Examity,3.3,400,EdTech,Hyderabad
Merck Life Science,4.0,400,Pharma,Bengaluru
Neuberg Diagnostics,3.4,400,Healthcare,Chennai
ABM Knowledgeware,3.8,400,IT Services & Consulting,Mumbai
NTT Global Data Centers and Cloud Infrastructure,3.9,400,IT Services & Consulting,Mumbai
LeadSquared,2.7,400,Software Product,Bengaluru
Acme Generics LLP,3.3,400,Pharma,Baddi
Everest Spices,3.8,400,FMCG,Mumbai
Repco Home Finance,3.5,400,NBFC,Chennai
Kcc Buildcon,4.0,401,Engineering & Construction,Gurugram
Rosmerta Technologies,3.3,399,Auto Components,Gurugram
Park Hospital,3.7,399,Healthcare,Gurugram
Nissan,3.6,399,Automobile,Chennai
Alfa Laval,3.9,399,Industrial Machinery,Pune
Kennametal,3.5,399,Industrial Machinery,Bengaluru
Publicis,3.5,399,Marketing & Advertising,Gurugram
Ven Consulting,3.2,399,Recruitment,Bengaluru
AccorHotels,4.3,399,Hospitality,New Delhi
Fosroc India,4.3,399,Chemicals,Bengaluru
HL Mando,3.9,399,Auto Components,Chennai
Grey Orange,3.0,399,Software Product,Gurugram
Karvy DigiKonnect,3.2,398,Financial Services,Hyderabad
Teamspace Financial Services,4.0,398,Recruitment,Mumbai
XL Health,4.2,398,Healthcare,Bengaluru
Scientific Publishing Services,3.8,398,Analytics & KPO,Chennai
VIT University,4.0,398,Education & Training,Vellore
Navi Limited,3.1,398,FinTech,Bengaluru
Arjas Steel,3.8,398,Iron & Steel,Anantapur
Jade Global,3.4,397,IT Services & Consulting,Pune
Supertech,3.9,397,Real Estate,Noida
Columbia Petro Chem,4.1,397,Oil & Gas,Mumbai
Bharat Rasayan,3.9,397,Agro Chemicals,Bharuch
IPE Global,3.8,397,Management Consulting,New Delhi
Watertec India,3.7,397,Building Material,Coimbatore
TrueBlue,3.5,397,Recruitment,Gurugram
Jamna Auto Industries,3.9,397,Auto Components,Chennai
RNFI Services,3.2,397,FinTech,New Delhi
Krishna Group,4.0,397,Auto Components,Gurugram
Capri Global Housing Finance,3.6,398,NBFC,Mumbai
Phenom,3.3,396,Software Product,Hyderabad
Arcesium,3.3,396,IT Services & Consulting,Hyderabad
Healthcare At Home,3.8,396,Healthcare,Mumbai
SATTVA,4.2,396,Real Estate,Bengaluru
Diverse Lynx,3.4,396,IT Services & Consulting,Noida
Lloyds Metals And Energy,3.8,396,Metals & Mining,Chandrapur
Jeeves Consumer Services,3.5,396,Consumer Electronics & Appliances,Bengaluru
Sangeetha Mobile,3.6,399,Retail,Bengaluru
Accel Frontline,4.3,395,IT Services & Consulting,Chennai
Kama Jewelry,4.7,375,Jewellery,Mumbai
Coronis Health,3.3,395,Analytics & KPO,Sahibzada Ajit Singh Nagar
Servion Global Solutions,3.1,395,IT Services & Consulting,Chennai
Richa Global Export,4.0,395,Fashion & Textile,Gurugram
Computacenter,3.7,395,IT Services & Consulting,Bengaluru
Vidal Health Tpa,3.3,395,Insurance,Bengaluru
Dynacons Systems & Solutions,3.7,395,IT Services & Consulting,Mumbai
Técnicas Reunidas,3.9,395,Engineering & Construction,Bengaluru
Elentec Power India (EPI) Pvt. Ltd.,3.9,395,IT Services & Consulting,Noida
JBS Enterprises,3.2,394,Electronics Manufacturing,Mumbai
Lauritz Knudsen Electrical & Automation,4.1,394,Electronics Manufacturing,Mumbai
Sandvik Mining and Rock Technology,4.1,394,Industrial Machinery,Pune
Sumitomo Chemical,4.1,394,Chemicals,Bhavnagar
Hays Business Solutions,3.3,394,Recruitment,Noida
G. D. Foods MFG (TOPS),3.9,394,Food Processing,New Delhi
MSCI,3.6,395,Financial Services,Mumbai
US Tech Solutions,3.6,394,Recruitment,Noida
Elecon Engineering,4.2,394,Electrical Equipment,Anand
Amri Hospital,4.0,394,Healthcare,Kolkata
Qentelli,3.9,394,IT Services & Consulting,Hyderabad
The Hershey Company,3.9,394,Food Processing,Mumbai
Paragon Footwear,4.0,394,Fashion & Textile,Bengaluru
S2 Infotech,3.4,393,Recruitment,Mumbai
Intercontinental Consultants & Technocrats,4.1,393,Engineering & Construction,New Delhi
Veeda Clinical Research,3.4,393,Clinical Research,Ahmedabad
Duroshox,4.1,394,Engineering & Construction,Pune
Ryan,3.9,393,Accounting & Auditing,Hyderabad
Berkadia,3.7,393,Real Estate,Hyderabad
Bliss Gvs Pharma,4.1,393,Pharma,Mumbai
Indraprastha Gas,3.9,392,Oil & Gas,New Delhi
AgreeYa Solutions,3.1,392,IT Services & Consulting,Noida
SRM University,3.6,392,Education & Training,Chennai
Rainbow Hospital,3.7,392,Healthcare,Hyderabad
Intelliswift - An LTTS Company,3.2,392,IT Services & Consulting,Bengaluru
Expedia Group,3.6,392,Travel & Tourism,Gurugram
Polybond India,3.7,392,Auto Components,Pune
Kores,3.6,392,FMCG,Mumbai
Milkbasket,3.8,391,Internet,Gurugram
Moolchand Hospital,4.1,391,Healthcare,New Delhi
Bellsonica Auto Component,4.0,391,Auto Components,Gurugram
Agarwal Packers and Movers Limited,3.3,391,Logistics,New Delhi
Centre For Sight,3.8,391,Healthcare,New Delhi
World Vision,4.2,392,Non-Profit,Chennai
Sleek International,3.5,391,Furniture & Furnishing,Mumbai
Ultra Corpotech,4.0,391,Industrial Machinery,Pune
Mobileum,3.2,391,Software Product,Bengaluru
Grand Hyatt,4.3,391,Hospitality,Mumbai
Synokem Pharmaceuticals,3.9,391,Pharma,Haridwar
ANTOLIN,3.7,390,Auto Components,Pune
JUSTO Realfintech,4.4,391,Real Estate,Pune
Rail Vikas Nigam,3.5,390,FMCG,New Delhi
Rail Vikas Nigam,3.5,390,FMCG,New Delhi
Eisai Pharmaceuticals,4.0,390,Healthcare,Visakhapatnam
Kaddacon Systems,4.6,389,IT Services & Consulting,Pune
Methodex,3.9,389,Law Enforcement & Security,New Delhi
Sharda University,3.7,389,Education & Training,Greater Noida
Rahee Group,3.8,389,Railways,Kolkata
Alfanar,4.0,389,Electronics Manufacturing,Chennai
Brick&Bolt,3.3,389,Engineering & Construction,Bengaluru
Rubicon Research,3.3,390,Pharma,Mumbai
Runwal Group,3.9,389,Real Estate,Mumbai
Yellow Diamond,4.0,388,FMCG,Indore
Vectus Industries,4.1,388,Petrochemicals,Noida
Transact Global,4.6,389,BPO,Bengaluru
Lumino Industries,3.7,388,Electrical Equipment,Kolkata
Xdbs,2.6,387,Marketing & Advertising,Pune
Tega Industries,3.6,387,Industrial Machinery,Kolkata
Hathi Cement,4.1,387,Building Material,Porbandar
AQuity Solutions India,3.7,387,IT Services & Consulting,Hyderabad
OneSource Specialty Pharma Limited,3.8,388,Pharma,Bengaluru
Bss Microfinance,3.8,387,Financial Services,Bengaluru
Rithwik Projects,3.9,386,Engineering & Construction,Hyderabad
SRMB SRIJAN,3.5,386,Iron & Steel,Kolkata
Berar Finance,3.6,386,NBFC,Nagpur
Apmosys Technologies,3.0,386,IT Services & Consulting,Mumbai
Campus Activewear,4.1,386,Fashion & Textile,New Delhi
WPP,2.9,384,Marketing & Advertising,Mumbai
Wagh Bakri Tea Group,4.2,384,Beverage,Ahmedabad
Awign Enterprises,3.6,384,Internet,Bengaluru
Srei Equipment Finance,4.2,384,Financial Services,Kolkata
Hyperpure,3.7,391,Internet,Gurugram
Heavy Engineering Industries & Shipbuilding,3.9,384,Engineering & Construction,Kuwait City
Glaze Trading India,4.3,383,Retail,New Delhi
Apcer Life Sciences,3.5,384,Pharma,Ahmedabad
SiliconIndia,2.7,383,Printing & Publishing,Bengaluru
QUADRANT TECHNOLOGIES INDIA PRIVATE LIMITED,3.7,383,IT Services & Consulting,Hyderabad
SOTC Travel Limited,4.4,383,Travel & Tourism,Mumbai
Pranav Vikas India Private Limited,3.8,383,Automobile,Faridabad
Endava,3.4,383,IT Services & Consulting,Bengaluru
Vaibhav Global,3.4,383,Jewellery,Jaipur
MCM Telecom Equipment,3.9,382,Electronics Manufacturing,Noida
Jawahar Navodaya Vidyalaya,4.4,382,Education & Training,New Delhi
Kirloskar Toyota Textile Machinery,4.5,383,Industrial Machinery,Bengaluru
K L University,3.8,382,Education & Training,Vijayawada
Data-Core Systems,2.9,382,IT Services & Consulting,Kolkata
INOX Air Products,4.1,382,Oil & Gas,Pune
Gufic Biosciences Limited,3.2,382,Pharma,Mumbai
Civica India,3.1,382,IT Services & Consulting,Vadodara
Pharmarack Technologies,3.6,382,Pharma,Pune
Andromeda Sales ans Distribution PVT LTD,3.2,382,Internet,Mumbai
Labournet Services,4.0,382,Non-Profit,Bengaluru
A-1 Fence Products,4.0,382,Building Material,Mumbai
SBI Payment Services,3.9,382,Financial Services,Mumbai
Captain Steel India Limited,3.7,382,Iron & Steel,Kolkata
Capital Small Finance Bank,3.5,381,Banking,Jalandhar
Foundit,3.2,381,Hyderabad +15 other locations,
Concord Biotech,3.8,381,Pharma,Ahmedabad
Dimension Data,4.5,380,IT Services & Consulting,Bengaluru
Sri Aurobindo Society,3.9,381,Non-Profit,New Delhi
doodleblue innovation,4.2,380,IT Services & Consulting,Chennai
RWS Group,3.6,380,IT Services & Consulting,Indore
Sunflag Iron and Steel,3.6,380,Iron & Steel,Bhandara
Ess Kay Fincorp,4.2,380,NBFC,Jaipur
Utkarsh India,3.6,380,Iron & Steel,Kolkata
Priya Cement,4.2,380,Building Material,Kurnool
KaaShiv InfoTech Company,4.8,379,EdTech,Chennai
TRL Krosaki Refractories,3.9,379,Metals & Mining,Jharsuguda
Choice Consultancy Services,3.6,379,Management Consulting,Mumbai
Adani Electricity,3.5,379,Power,Mumbai
Wildcraft,3.6,379,Fashion & Textile,Bengaluru
Uneecops Technologies,3.7,380,IT Services & Consulting,Noida
Satyam Venture Engineering Services,3.3,378,Auto Components,Hyderabad
Evolent Health International,3.9,378,Software Product,Pune
Vedant Fashions,4.0,379,Fashion & Textile,Kolkata
Sj Contracts,4.1,378,Engineering & Construction,Pune
T&M Services consulting,3.6,378,Recruitment,Mumbai
Hilex,3.8,378,Automobile,Chennai
Toshiba Transmission & Distribution Systems,3.8,378,Electrical Equipment,Hyderabad
Associated Road Carriers,4.1,378,Logistics,Hyderabad
PropTiger.com,3.8,378,Internet,Gurugram
Cashpor Micro Credit,3.6,378,NBFC,Varanasi
Hitachi Vantara,3.6,379,IT Services & Consulting,Hyderabad
Toshiba JSW Power Systems,4.3,377,Industrial Machinery,Chennai
Kokuyo Camlin,3.8,377,FMCG,Mumbai
Mahendra’s Institute,3.1,376,Education & Training,Lucknow
Emami Paper Mills,4.1,378,Pulp & Paper,Balasore
Hygienic Research Institute,3.8,377,Beauty & Personal Care,Mumbai
Aquasub Engineering,3.8,376,Industrial Machinery,Coimbatore
Amoli Organics,3.7,376,Pharma,Vadodara
TCG Lifesciences,4.1,376,Pharma,Kolkata
SEIL Energy India,4.0,376,Power,Nellore
TMF Group,3.7,375,Financial Services,Pune
Royal Orchid Hotels,4.0,375,Hospitality,Bengaluru
RedBus,4.1,375,Internet,Bengaluru
Subway,4.1,375,Hospitality,New Delhi
Parul University,3.2,375,Education & Training,Vadodara
Jaguar Security Services,4.5,376,Law Enforcement & Security,Bengaluru
Health India Tpa Services,3.2,375,Insurance,Mumbai
Light Microfinance,3.8,375,NBFC,Ahmedabad
Zebronics,4.0,375,Consumer Electronics & Appliances,Chennai
DCM Shriram Industries,4.1,375,Chemicals,Meerut
DCM Shriram Industries,4.1,375,Chemicals,Meerut
Actalent Services,3.6,374,Engineering & Construction,Bengaluru
Mitra SK,3.8,374,Other,Kolkata
Birla Cement,4.1,374,Building Material,Satna
Offshoot Agency,3.3,374,IT Services & Consulting,New Delhi
METRO Global Solutions Center,3.5,374,IT Services & Consulting,Pune
Karvy Innotech,2.9,374,IT Services & Consulting,New Delhi
Time Technoplast,3.6,374,Petrochemicals,Mumbai
Duroflex,3.9,374,Furniture & Furnishing,Bengaluru
Zara,3.5,375,Fashion & Textile,New Delhi
New Opportunity Consultancy,4.1,374,Recruitment,Coimbatore
Trident Hotels,4.0,374,Hospitality,Mumbai
Department of Agriculture,4.3,374,Agriculture,Bengaluru
Caparo Maruti,4.2,374,Auto Components,Gurugram
Seth M R Jaipuria School,3.5,374,Education & Training,Lucknow
Planetcast,3.6,374,Media & Entertainment,Noida
Lalitha Jewellery,4.0,373,Jewellery,Chennai
Mobiloitte Technologies,3.0,373,IT Services & Consulting,New Delhi
Xpheno,3.5,373,Recruitment,Bengaluru
N Ranga Rao And Sons,3.8,373,FMCG,Mysuru
Lalitha Jewellery,4.0,373,Jewellery,Chennai
Gujarat Alkalies & Chemicals,4.6,373,Chemicals,Bharuch
Universal Mep Projects & Engineering Services,3.7,373,Engineering & Construction,Mumbai
Moser Baer,3.9,372,Consumer Electronics & Appliances,Noida
Tribhovandas Bhimji Zaveri,3.9,373,Metals & Mining,Mumbai
Treebo Hotels,3.3,372,Hospitality,Bengaluru
TCI Supply Chain Solutions,4.0,372,Logistics,Gurugram
EXEDY,3.8,372,Auto Components,Bengaluru
VST Industries,3.8,372,FMCG,Hyderabad
GIVA Jewellery,3.0,372,Jewellery,Bengaluru
Johnson Controls Hitachi Air Conditioning,3.7,372,Consumer Electronics & Appliances,Ahmedabad
Yubi,4.2,375,FinTech,Chennai
ITSource Technologies,2.9,372,IT Services & Consulting,Mumbai
GTPL-KCBPL,4.0,371,Telecom,Kolkata
Descon Engineering,4.0,371,Engineering & Construction,Mumbai
Hyundai Engineering and Construction,4.3,371,Engineering & Construction,Chennai
Tata Digital,2.3,371,IT Services & Consulting,Mumbai
MSM Unify,4.0,371,EdTech,Gurugram
Halonix Technologies,3.7,371,Electrical Equipment,Noida
Toyota Financial Services,3.6,371,Financial Services,Bengaluru
Compunnel,3.8,371,IT Services & Consulting,Noida
Autocomp Corporation Panse,3.3,371,Auto Components,Pune
Balrampur Chini Mills Limited,4.1,371,Food Processing,Lucknow
Annexmed,3.9,370,Chennai +6 other locations,
R.K.M Powergen,3.8,372,Power,Raigarh
Harjai Computers,3.2,370,Recruitment,Mumbai
Enterprise Growth Accelerator,3.5,370,Analytics & KPO,Faridabad
Eaton India Innovation Center,3.7,370,Engineering & Construction,Pune
Hitachi Hi-Rel Power Electronics,3.7,370,Electronics Manufacturing,Ahmedabad
Borosil Glass Works,3.7,370,Packaging,Jaipur
Teachnook,2.8,370,EdTech,Bengaluru
Maxxis Rubber,3.5,369,Auto Components,Ahmedabad
Vini Cosmetics,4.0,369,Beauty & Personal Care,Mumbai
SMC Corporation,3.8,369,Medical Equipment,Noida
Ryan International School,3.2,369,Education & Training,Mumbai
Elevanceskills,4.4,409,Education & Training,Bengaluru
Worldline,3.6,370,FinTech,Mumbai
Ample Technologies,3.7,369,IT Services & Consulting,Bengaluru
Versuni India Home Solutions,3.4,369,Consumer Electronics & Appliances,Chennai
6D Technologies,2.8,369,Telecom,Bengaluru
McNROE,4.0,369,FMCG,Kolkata
JSW One Platforms,2.9,370,Internet,Mumbai
VGM Consultants,3.3,368,BPO,Kolkata
Lam Research,3.7,368,Semiconductors,Bengaluru
Lobo Staffing Solutions,4.1,368,Recruitment,Mumbai
Cedcoss Technologies,3.0,368,IT Services & Consulting,Lucknow
Technocon Services,3.3,368,Engineering & Construction,Kolkata
Ace Designers,4.0,368,Industrial Machinery,Bengaluru
Avineon India,4.0,368,IT Services & Consulting,Hyderabad
Al Tasnim Enterprises,3.5,368,Engineering & Construction,Muscat
NCCCL,3.4,367,Engineering & Construction,Bengaluru
Roquette Riddhi Siddhi,3.9,367,Pharma,Rudrapur
GGS Information Services,3.9,367,IT Services & Consulting,Chennai
Syncfusion,3.3,368,Software Product,Chennai
The Park Hotels,3.9,367,Hospitality,Kolkata
Pegasystems,3.4,367,Software Product,Hyderabad
Audi,3.7,367,Automobile,New Delhi
Woodenstreet.com,3.4,367,Furniture & Furnishing,Udaipur
Ben Franklin Opticians,3.9,366,Retail,Hyderabad
Trane Technologies,3.8,366,Industrial Machinery,Bengaluru
Advanced Micro Devices,3.7,366,Semiconductors,Hyderabad
Tata Toyo Radiator,,,Auto Components,Pune
Coditas Technologies,3.7,366,Emerging Technologies,Pune
Trane Technologies,3.8,366,Industrial Machinery,Bengaluru
Godrej Infotech,3.6,366,IT Services & Consulting,Mumbai
Protiviti India Member,2.7,367,Management Consulting,Gurugram
Council of Scientific and Industrial Research,4.2,366,Government,New Delhi
Suzuki,3.8,366,Automobile,Ahmedabad
Sequel Logistics,4.0,366,Logistics,Bengaluru
B S R & Co Llp,3.1,366,Accounting & Auditing,Mumbai
Carraro,3.9,366,Industrial Machinery,Pune
RV Solutions,3.8,366,IT Services & Consulting,Noida
Rio Tinto,3.5,365,Metals & Mining,Gurugram
HBL Global,4.2,365,NBFC,New Delhi
Groww,3.7,365,FinTech,Bengaluru
Aarti Drugs,3.5,365,Pharma,Mumbai
Transguard Group,3.8,365,Law Enforcement & Security,Dubai
MSP Steel & Power,3.7,365,Iron & Steel,Raigarh
Oil India,4.2,365,Oil & Gas,Duliajan
Yamaha Motor India Sales,4.1,365,Automobile,Chennai
Wipro GE Health Care,4.0,364,IT Services & Consulting,Bengaluru
Ssipl Lifestyle,4.1,364,Retail,New Delhi
Mitsubishi Electric Automotive India,4.5,365,Automobile,Gurugram
People Group,3.4,364,Internet,Mumbai
BLS International Services,3.3,364,Travel & Tourism,New Delhi
Padmini VNA Mechatronics,3.9,364,Auto Components,Gurugram
Red Tape,3.2,364,Fashion & Textile,New Delhi
Kalkine Solutions,4.3,364,Financial Services,Noida
Nabard Financial Services,4.1,363,NBFC,Bengaluru
Netcore Pvt. Ltd.,4.1,364,Marketing & Advertising,Mumbai
Yalamanchili Software Exports,2.9,363,Software Product,Chennai
Windlas Biotech,4.0,363,Pharma,Dehradun
Hindustan Syringes & Medical Devices,4.0,363,Medical Equipment,Faridabad
Asti Electronics India,4.1,363,Auto Components,Gurugram
CityMall,3.2,363,Internet,Gurugram
Zoomcar,3.6,363,Internet,Bengaluru
Deenanath Mangeshkar Hospital,3.7,363,Healthcare,Pune
Jay Chemical Industries,4.0,363,Chemicals,Ahmedabad
Udaan India - The Original Visa Company,4.3,362,Bengaluru +79 other locations,
DotPe,3.1,362,IT Services & Consulting,Gurugram
Bal Pharma,3.2,362,Pharma,Bengaluru
Prem Motors,3.7,362,Automobile,Gwalior
Stellar Innovations,3.4,362,IT Services & Consulting,Bengaluru
Cotmac Electronics,3.7,362,Industrial Automation,Pune
Zydex Industries,3.7,361,Chemicals,Vadodara
Yara Fertilisers,3.8,361,Agro Chemicals,Gurugram
Medall Healthcare,3.6,361,Healthcare,Chennai
Kraft Heinz,3.0,361,FMCG,Ahmedabad
Moder Solutions,3.4,361,IT Services & Consulting,Bengaluru
Vatika Group,4.1,362,Hospitality,Gurugram
ACB (India),3.8,361,Oil & Gas,Korba
Lido Learning,2.1,361,EdTech,Mumbai
Shaadi.com,3.4,360,Internet,Mumbai
MapmyIndia,3.5,361,Software Product,New Delhi
Muthoot Capital Services,3.6,360,Financial Services,Kochi
Adarsh Credit Co-Operative Society,4.3,360,Investment Banking / Venture Capital / Private Equity,Ahmedabad
Fidelis Technology Services,3.5,360,IT Services & Consulting,Bengaluru
Orchid Pharma,3.6,361,Pharma,Chennai
Network 18,3.4,360,Media & Entertainment,Mumbai
Rashtriya Chemicals and Fertilizers,4.4,360,Agro Chemicals,Mumbai
Ceat Specialty Tyres,3.8,360,Auto Components,Mumbai
AVL,3.5,360,Automobile,Gurugram
Hindustan Latex Family Planning Promotion Trust,4.2,360,Healthcare,Noida
Control Print,4.1,360,Industrial Machinery,Mumbai
UNext,3.0,360,EdTech,Bengaluru
Stefanini,2.7,360,IT Services & Consulting,Noida
Savista Global Solutions,4.1,360,Analytics & KPO,Chennai
EPIQ Systems,3.4,360,Legal,Hyderabad
Adglobal360,3.3,360,Gurugram +11 other locations,
Adient,3.9,360,Auto Components,Pune
Vascon Engineers,3.8,361,Real Estate,Pune
Sekisui Dljm Molding,3.9,360,Auto Components,Chennai
Jumio,3.9,360,Emerging Technologies,Jaipur
SOPAN,4.0,360,Industrial Machinery,Pune
Kpmg Resource Centre,3.5,365,Accounting & Auditing,Gurugram
Accel IT Services,3.5,359,IT Services & Consulting,Chennai
Escon Elevators,3.5,359,Industrial Machinery,Mumbai
Akumentis Healthcare,3.5,359,Healthcare,Mumbai
Vee Healthtek,3.8,359,BPO,Chennai
Satin Finserv,4.0,359,NBFC,Gurugram
Anaptyss,4.0,359,IT Services & Consulting,Noida
Vijay Nirman Company,3.7,358,Engineering & Construction,Hyderabad
Aegis Logistics,3.6,358,Oil & Gas,Mumbai
MUFG Bank,3.5,359,Banking,Bengaluru
Allegis Global Solutions,3.3,358,Recruitment,Bengaluru
TestingXperts,3.6,358,IT Services & Consulting,Chandigarh
Holcim,3.5,358,Building Material,Mumbai
Ventura Securities,4.1,358,Financial Services,Mumbai
Kimberly-Clark,3.9,358,Beauty & Personal Care,Bengaluru
Multiplier Brand Solutions,3.7,358,Marketing & Advertising,New Delhi
Paperchase Accountancy,2.9,359,Accounting & Auditing,Ahmedabad
Zf Wind Power,4.0,358,Coimbatore +8 other locations,
Avantor,3.6,358,Pharma,Coimbatore
DEN Networks,3.9,357,Broadcasting,New Delhi
L&T Defence,3.8,357,Defence & Aerospace,Pune
e-Zest,3.9,357,IT Services & Consulting,Pune
Shah Technical Consultants,3.6,357,Telecom,Mumbai
Festo,3.7,357,Industrial Automation,Bengaluru
Motilal Oswal Asset Management Company,4.3,357,Financial Services,Mumbai
Mahindra Insurance Brokers,3.3,356,Insurance,Mumbai
Infocepts Technologies,3.6,358,IT Services & Consulting,Nagpur
Sarvagram Fincare,3.9,359,NBFC,Pune
MYCPE ONE,3.8,357,Ahmedabad +24 other locations,
Bain & Company,3.7,356,Management Consulting,Gurugram
Cygnet Infotech,3.4,356,IT Services & Consulting,Ahmedabad
TMEIC,3.8,356,Industrial Automation,Bengaluru
Newt Global,4.3,356,IT Services & Consulting,Chennai
Oceaneering International,4.0,357,Engineering & Construction,Chandigarh
Clarus Rcm Infotech,2.7,356,BPO,Hyderabad
National Highways Authority of India,3.9,356,Engineering & Construction,New Delhi
Kushal's Fashion Jewellery,4.3,356,Jewellery,Bengaluru
NXP Semiconductors,3.5,356,Semiconductors,Bengaluru
Zee Laboratories,3.7,356,Pharma,Karnal
Schaeffer & Sam,3.3,355,Accounting & Auditing,Mumbai
Debtcare Enterprises,4.3,355,Investment Banking / Venture Capital / Private Equity,Hyderabad
Modern V.R. Security Force,4.0,355,Law Enforcement & Security,Mumbai
Satguru Travels and Tour Services,2.8,355,Travel & Tourism,Pune
Valvoline Cummins,4.0,355,Auto Components,Gurugram
Dentsu Aegis Network,3.2,355,Marketing & Advertising,Bengaluru
Aditya Birla Memorial Hospital,4.5,355,Healthcare,Pune
VIKRAN Engineering & Exim,4.1,355,Engineering & Construction,Mumbai
Globtier Infotech Limited,3.2,355,IT Services & Consulting,Noida
MJ Biopharm,3.4,354,Pharma,Pune
Clariant Chemicals,4.2,354,Chemicals,Mumbai
Can Fin Homes,2.7,354,NBFC,Bengaluru
Adama,4.1,354,Agro Chemicals,Hyderabad
MAHLE Behr India,3.6,354,Auto Components,Pune
Zuari Cement,4.3,355,Building Material,Y.S.R. Kadapa
Red Health,3.5,354,Healthcare,Hyderabad
Telstra,3.9,354,Telecom,Bengaluru
International Game Technology,3.3,354,Gaming,Gurugram
Kyndal India,3.6,354,Beverage,Bengaluru
Hical Technologies,3.6,354,Auto Components,Bengaluru
Park Plus,2.7,354,Internet,Gurugram
Fluper,3.8,353,IT Services & Consulting,Noida
Shiash Info Solutions,3.0,353,IT Services & Consulting,Chennai
Gupta Power Infrastructure,3.0,353,Power,Bhubaneswar
Inventys Research,4.3,353,Chemicals,Nagpur
Lion Engineering Consultants,3.3,353,Engineering & Construction,Bhopal
Polyhose,3.8,353,Industrial Machinery,Chennai
Cognizant Solutions Corp,3.7,353,IT Services & Consulting,Hyderabad
Theme Engineering Services,3.7,353,Engineering & Construction,Jaipur
Gyproc,3.9,353,Mumbai +40 other locations,
Pharmed,4.7,353,Pharma,Bengaluru
M K Agrotech Private Limited,4.5,353,Food Processing,Mysuru
Listenlights,3.8,353,Engineering & Construction,Mumbai
DSV - Global Transport and Logistics,3.7,353,Logistics,Mumbai
Hindustan Urvarak & Rasayan,3.3,356,Agro Chemicals,Gorakhpur
NU Vista,4.1,352,Building Material,Kolkata
Coding Ninjas,3.8,352,EdTech,Gurugram
Vem Technologies,3.6,353,Defence & Aerospace,Hyderabad
Ircon International,3.9,353,Engineering & Construction,New Delhi
Taco Bell,4.1,352,Hospitality,New Delhi
CESC,3.8,352,Power,Kolkata
Volvo Trucks,4.1,352,Automobile,Bengaluru
Bluechip Corporate Investment Centre,3.8,352,Accounting & Auditing,Mumbai
Mars,3.7,352,Food Processing,Gurugram
eMudhra,3.4,352,Software Product,Bengaluru
Synergies Castings,3.8,352,Auto Components,Visakhapatnam
Mahindra Teqo,4.0,352,Software Product,Mumbai
Irclass Systems And Solutions,4.2,351,Ports & Shipping,Mumbai
Unique Identification Authority of India,3.6,351,IT Services & Consulting,New Delhi
Sata Vikas India,3.6,351,Auto Components,Palwal
Indchemie Health Specialities,3.8,351,Pharma,Mumbai
Pitaara,4.1,350,Food Processing,Pune
Sri Sri Tattva,3.5,351,FMCG,Bengaluru
Zopper,3.1,350,FinTech,Noida
Halliburton,3.6,350,Engineering & Construction,Bengaluru
NIKE,3.9,350,Retail,Bengaluru
Aptean,3.0,351,Software Product,Bengaluru
Khimji Ramdas,3.8,350,Retail,Ahmedabad
CKA Birla Group,4.0,350,Building Material,Hyderabad
Sakthi Auto Components,3.2,350,Auto Components,Erode
AceMicromatic Group,4.3,349,Industrial Machinery,Bengaluru
Merit Data and Technology,3.8,349,Analytics & KPO,Chennai
ICRA Analytics,3.0,349,Analytics & KPO,Kolkata
KLJ GROUP,3.4,349,Petrochemicals,Bharuch
AVASOFT,2.5,350,Software Product,Chennai
Gtpl Broadband,3.9,349,Telecom,Ahmedabad
Aloha Technology,2.6,349,IT Services & Consulting,Pune
Recipharm Pharmaservices,3.8,349,Pharma,Bengaluru
Rainbow Childrens Hospital,3.8,349,Healthcare,Hyderabad
ATLBattery Technology (India) Private Limited,3.7,351,Electrical Equipment,Bawal
63 Moons Technologies,3.7,348,IT Services & Consulting,Mumbai
Aarti Steels,3.7,349,Iron & Steel,Cuttack
Zet Town,3.4,348,Electronics Manufacturing,Noida
Urban Ladder,3.7,348,Furniture & Furnishing,Bengaluru
Kalyani Motors,3.3,348,Automobile,Bengaluru
Praxis Services,3.3,348,Management Consulting,Gurugram
Rushil Decor,4.1,348,Building Material,Ahmedabad
L&T Valves,3.7,348,Industrial Machinery,Coimbatore
ESAB,4.0,348,Industrial Machinery,Chennai
Springer Nature in India,4.0,348,Printing & Publishing,Pune
Plasser India,4.0,348,Industrial Machinery,Vadodara
Somic ZF Components,4.2,348,Auto Components,Gurugram
Senvion,4.0,347,Power,Bengaluru
ShopKirana,3.9,347,Software Product,Indore
Jaypee Cement,4.0,348,Building Material,Rewa
Teleysia Networks,3.4,347,Telecom,Ahmedabad
CR3 Group,3.8,349,Facility Management Services,Jamnagar
o9 Solutions,3.4,347,Software Product,Bengaluru
Essilor,4.0,347,Medical Equipment,Bengaluru
Walplast Products Pvt Ltd,4.0,347,Building Material,Mumbai
Darwinbox,3.3,347,Software Product,Hyderabad
ADNOC,4.3,347,Oil & Gas,Abu Dhabi
Patil Group,3.6,347,Railways,Hyderabad
InfodriveIndia,4.0,346,Other,New Delhi
Arabian Industries,3.9,346,Oil & Gas,Chennai
Brawn Group,3.6,346,Pharma,Faridabad
Integrated Wireless Solutions,3.9,346,Telecom,Bengaluru
Jms Mining Services,3.9,346,Metals & Mining,Kolkata
EXO Edge,3.6,345,BPO,Sahibzada Ajit Singh Nagar
DISYS,3.1,345,IT Services & Consulting,Chennai
ESAF CO-OPERATIVE,3.5,346,Financial Services,Thrissur
EqualizeRCM Services,3.7,345,Analytics & KPO,Mysuru
Furukawa Minda Electric,4.0,345,Auto Components,Bawal
Path Infotech,3.3,345,IT Services & Consulting,Noida
Himadri Speciality Chemical Limited,3.5,345,Chemicals,Kolkata
Bristol-Myers Squibb,3.4,345,Pharma,Hyderabad
V2Solutions,3.4,345,IT Services & Consulting,Mumbai
V2Solutions,3.4,345,IT Services & Consulting,Mumbai
Awfis,4.4,356,Real Estate,New Delhi
Aurigene Pharmaceutical Services,4.0,345,Pharma,Hyderabad
Nava Limited,3.9,344,Metals & Mining,Hyderabad
Jasper Colin,3.5,345,Analytics & KPO,Noida
Aeronautical Development Agency,4.2,344,Defence & Aerospace,Bengaluru
SNVA Group,3.4,344,IT Services & Consulting,Noida
Signode,3.7,344,Industrial Machinery,Hyderabad
Global Aluminium,3.8,344,Metals & Mining,Hyderabad
Selec Controls,3.5,344,Electronics Manufacturing,Mumbai
Country Holidays Inn & Suites,4.2,343,Travel & Tourism,Noida
JUNIPER GREEN ENERGY,4.6,345,Power,Gurugram
Han Digital,2.7,343,Recruitment,Bengaluru
E-Solutions,3.4,343,Recruitment,Noida
Lucas Indian Service,4.1,344,Auto Components,Chennai
Silverlink Technologies,3.9,343,IT Services & Consulting,Mumbai
Entab Infotech,3.1,343,EdTech,New Delhi
Lloyd Insulations,3.4,343,Industrial Machinery,New Delhi
IIT Bombay,4.4,344,Education & Training,Mumbai
Kerala State Electricity Board,4.2,343,Power,Palakkad
Kerala State Electricity Board,4.2,343,Power,Palakkad
Technosoft Engineering Projects Limited,3.7,343,Industrial Automation,Mumbai
Gi Group,3.7,343,Recruitment,New Delhi
Hyundai Construction Equipment,4.2,342,Industrial Machinery,Pune
Maharashtra Hybrid Seed Company,4.1,342,Agriculture,Chhatrapati Sambhajinagar
"Ministry Of Health, New Delhi",3.9,342,Healthcare,New Delhi
Technicolor,3.5,342,Animation & VFX,Bengaluru
TP Central Odisha Distribution,3.7,342,Power,Bhubaneswar
Outpace Consulting Services,4.6,344,Lucknow +18 other locations,
Evelyn Learning Systems,3.9,342,EdTech,New Delhi
Banco Products,3.4,342,Auto Components,Vadodara
Groz Engineering Tools,4.2,342,Industrial Machinery,Gurugram
Shree Renuka Sugars,4.1,342,Food Processing,Belagavi
Futurense Technologies,3.9,343,EdTech,Bengaluru
RHI Magnesita,3.8,342,Building Material,Gurugram
Tumbledry Solutions,4.4,342,Other,Noida
Jtekt Sona Automotive India,4.3,342,Auto Components,Gurugram
Labcorp,4.0,342,Clinical Research,Bengaluru
Dinshaws,3.9,341,Food Processing,Nagpur
Softcell Technologies,3.7,341,IT Services & Consulting,Mumbai
Delhi Metro Rail Corporation,4.2,341,Logistics,New Delhi
Abbott Nutrition International,4.0,341,Pharma,Mumbai
Aabasoft,4.0,341,IT Services & Consulting,Kochi
Pricol Precision Products,3.9,341,Auto Components,Hosur
Hindustan Wellness,3.2,341,Healthcare,Gurugram
Minda Kosei Aluminum Wheel,4.1,340,Auto Components,Ahmedabad
L&T–MHI Power Boilers,4.1,341,Industrial Machinery,Surat
Cadence Design Systems,3.8,341,Semiconductors,Noida
Corizo,3.6,340,Education & Training,Bengaluru
Indus Valley Partners,2.9,340,IT Services & Consulting,Noida
Sahayog Multistate Credit Co-operative Society,3.5,340,Banking,Nagpur
Tamilnad Mercantile Bank,2.5,340,Banking,Chennai
Turing,3.0,340,Analytics & KPO,Bengaluru
Himedia Laboratories,4.1,340,Biotechnology,Mumbai
Mahindra Truck and Bus,3.6,340,Automobile,Pune
Nutricia,3.5,339,Fitness & Wellness,Mumbai
MNC Group,4.2,339,Investment Banking / Venture Capital / Private Equity,Bengaluru
Pfizer Products India,3.9,340,Pharma,Visakhapatnam
R&R Limousine And Bus,4.0,339,Chennai +11 other locations,
UCO Bank,3.7,339,Banking,Kolkata
GITAM University,3.6,339,Education & Training,Visakhapatnam
IIC Technologies,3.5,339,IT Services & Consulting,Hyderabad
Scaleneworks,3.6,339,Recruitment,Bengaluru
Veolia Water Technologies,4.2,339,Waste Management,Bengaluru
Machino Plastics,3.6,339,Auto Components,Gurugram
ILJIN ELECTRONICS,3.8,338,Semiconductors,Noida
Avanse Financial Services,3.7,338,Financial Services,Mumbai
Decimal Point Analytics,2.7,338,Analytics & KPO,Nashik
Sub-K IMPACT Solutions,4.1,338,Financial Services,Hyderabad
Vashi Integrated Solutions Limited,3.9,338,Industrial Machinery,Mumbai
Cohizon Life Sciences Limited,3.5,338,Chemicals,Ankleshwar
Holisol Logistics,3.8,338,Logistics,New Delhi
Savex Technologies,4.0,338,Other,Mumbai
Biz 2 Credit Info Services,3.4,337,Financial Services,Noida
Vasan Eye Care Hospitals,3.8,337,Healthcare,Bengaluru
DCDC Kidney Care,4.0,338,Healthcare,New Delhi
Cardinal Health,4.3,337,Pharma,Bengaluru
Indovance Inc,4.3,337,Design,Pune
Harsha Engineers,3.9,337,Auto Components,Ahmedabad
Inventia Healthcare,3.9,337,Pharma,Mumbai
Harsha Engineers,3.9,337,Auto Components,Ahmedabad
Oriental Aromatics,3.9,337,Chemicals,Vadodara
Girmiti Software,4.1,337,IT Services & Consulting,Bengaluru
Hitech Digital Solutions,3.7,337,IT Services & Consulting,Ahmedabad
Tata Play Fiber,3.9,336,Telecom,Mumbai
Renewsys India,3.8,337,Power,Hyderabad
IndusInd Securities,3.7,336,Financial Services,Mumbai
Global Calcium,3.4,336,Pharma,Hosur
Rajsriya Automotive Industries,3.2,336,Auto Components,Hosur
AAJ Supply Chain Management,4.0,336,Logistics,Sonipat
Opkey,4.6,336,Software Product,Noida
Jaiprakash Power Ventures,4.1,336,Power,Singrauli
Sphinx Worldbiz,3.5,336,Engineering & Construction,Pune
Louis Philippe,4.4,336,Fashion & Textile,Bengaluru
Luxor Writing Instruments,3.5,335,Other,Noida
MobileComm Technologies India,3.8,336,Telecom,Gurugram
Nitco,3.9,335,Building Material,Mumbai
Greentech Industries,3.7,335,Industrial Machinery,Nellore
Lincoln Pharmaceuticals,3.4,335,Pharma,Ahmedabad
Sundaram Motors,3.9,335,Automobile,Chennai
MIOT INTERNATIONAL,3.4,335,Healthcare,Chennai
Sundaram Motors,3.9,335,Automobile,Chennai
Novel Office,4.0,335,Real Estate,Bengaluru
Techolution,3.8,335,IT Services & Consulting,Hyderabad
Boehringer-Ingelheim,4.0,334,Pharma,Mumbai
Ratnamani Metals and Tubes,4.2,334,Iron & Steel,Ahmedabad
Myk Schomburg,3.8,334,Chemicals,Hyderabad
AXIS MY INDIA,3.6,334,Analytics & KPO,Mumbai
Agility,4.0,335,Logistics,Chennai
Ck Birla Hospitals,4.0,334,Healthcare,Kolkata
Mit World Peace University,3.9,339,Education & Training,Pune
ESIC HOSPITAL,4.0,335,Healthcare,New Delhi
Aristocrat,3.5,334,Gaming,Noida
CareEdge Ratings,3.0,334,Financial Services,Mumbai
OneBanc Technologies,4.9,334,FinTech,Gurugram
You Broadband,3.7,334,Telecom,Pune
Dosti Realty,4.2,334,Real Estate,Mumbai
KJS Cement,3.6,334,Building Material,Maihar
IQ BackOffice,3.6,334,Financial Services,Chennai
Centre for Good Governance,4.1,334,Government,Hyderabad
Chubb,3.3,334,Insurance,Hyderabad
Fluentgrid,3.5,334,IT Services & Consulting,Visakhapatnam
Kent plc,4.0,334,Oil & Gas,Mumbai
Rao IIT Academy,3.5,333,Education & Training,Mumbai
MTR Foods,3.9,334,Hospitality,Bengaluru
Tenon Facility Management,3.6,333,Facility Management Services,Gurugram
Sureti Insurance Marketing,3.2,333,Insurance,Coimbatore
Hartek Group,4.1,333,Engineering & Construction,Sahibzada Ajit Singh Nagar
Kusum Healthcare,4.0,333,Pharma,Bhiwadi
Peregrine Guarding,3.9,333,Law Enforcement & Security,Gurugram
Easy Home Finance,4.5,333,FinTech,Mumbai
Genisys Group,3.5,332,IT Services & Consulting,Bengaluru
Cox & Kings,3.4,332,Travel & Tourism,Mumbai
Ubisoft Entertainment,3.5,332,Gaming,Pune
BIC Cello,4.0,332,Other,Mumbai
VSoft Technologies,3.1,332,FinTech,Hyderabad
Ms Agarwal Foundries,4.1,332,Iron & Steel,Hyderabad
Honda India Power Products,4.1,332,Industrial Machinery,Greater Noida
Kubota Agricultural Machinery India,4.2,332,Agriculture,Chennai
Navneet Education,4.0,331,Printing & Publishing,Mumbai
Victora Tool Engineers,3.8,331,Auto Components,Faridabad
"Nitor Infotech, an Ascendion company",3.9,331,Software Product,Pune
SPML Infra,4.1,331,Engineering & Construction,Kolkata
Swastika Investmart,3.6,331,Investment Banking / Venture Capital / Private Equity,Indore
Bombay Intelligence Security,4.1,331,Law Enforcement & Security,Mumbai
MARK EXHAUST SYSTEMS,4.2,330,Auto Components,Gurugram
The Sleep Company,4.3,330,Furniture & Furnishing,Mumbai
Telecom Network Solutions,4.1,330,Telecom,Noida
Laser Power & Infra,3.5,329,Electrical Equipment,Kolkata
SVC Co-Operative Bank,3.8,329,Banking,Mumbai
Sheraton Hotels and Resorts,3.9,329,Hospitality,Bengaluru
Adani Energy Solutions,3.6,335,Power,Ahmedabad
Arya Omnitalk,3.5,329,Electronics Manufacturing,Pune
AI Variant,4.2,329,IT Services & Consulting,Bengaluru
TAJSATS AIR CATERING,4.0,329,Hospitality,Mumbai
Sigmoid,3.7,329,Analytics & KPO,Bengaluru
Zydus Hospital,4.2,329,Healthcare,Ahmedabad
Aksentt Tech Services,4.4,330,IT Services & Consulting,Mumbai
Manba Finance Limited,3.9,329,NBFC,Mumbai
Glorious Insight,3.4,329,IT Services & Consulting,Noida
Robosoft Technologies,3.4,329,IT Services & Consulting,Bengaluru
DEC Infra,3.8,329,Real Estate,Hyderabad
Renom Energy Services,4.2,329,Engineering & Construction,Pune
Cactus Communications,3.4,329,Software Product,Mumbai
Alkyl Amines,4.0,328,Chemicals,Pune
Arzooo.com,2.7,328,Travel & Tourism,Bengaluru
Narula Infrastructure,3.6,328,Engineering & Construction,Kolkata
Radiant Cash Management Services,3.3,328,Financial Services,Chennai
BOLD Technology Systems,3.0,330,Software Product,Noida
Infiniti Software Solutions,4.4,328,Software Product,Chennai
TIBCO Software,3.7,328,Software Product,Pune
Gleneagles Hospital,3.7,328,Chennai +12 other locations,
SAR Group,3.8,328,Consumer Electronics & Appliances,Gurugram
Sakon,2.8,328,Software Product,Pune
ZIM Laboratories,2.9,328,Pharma,Nagpur
Alicon Castalloy,3.5,328,Auto Components,Pune
Mirza International,3.4,328,Fashion & Textile,New Delhi
VKC Group,3.7,327,Fashion & Textile,Kozhikode
Kuwait National Petroleum Company,4.2,327,Oil & Gas,Kuwait City
ClaySys,3.7,327,IT Services & Consulting,Kochi
Siti Networks,3.9,327,Media & Entertainment,Noida
ITM Group of Institutions,3.3,327,Education & Training,Mumbai
VML,3.5,327,Marketing & Advertising,Noida
Creamy foods,4.1,327,Food Processing,Bulandshahr
Silverskills,3.4,327,BPO,Gurugram
Ozone Pharmaceuticals,3.7,327,Pharma,New Delhi
Laxmi Civil Engineering Services,4.1,327,Engineering & Construction,Kolhapur
Zeta,3.1,327,Emerging Technologies,Bengaluru
Deepak Phenolics,4.4,326,Chemicals,Bharuch
ProConnect Integrated Logistics,3.7,326,Logistics,Chennai
Highway Industries,4.0,326,Engineering & Construction,Ludhiana
CQRA,4.3,326,Engineering & Construction,Hyderabad
Stellantis Avtec Powertrain,3.6,326,Hosur +11 other locations,
JSW Steel Coated Products,3.9,326,Mumbai +31 other locations,
Piramal Foundation,4.2,325,Non-Profit,New Delhi
Frigorifico Allana,4.0,326,Food Processing,Chhatrapati Sambhajinagar
Aujas Cybersecurity-NuSummit company,3.7,325,IT Services & Consulting,Bengaluru
TCPL Packaging,3.9,325,Packaging,Dadra & Nagar Haveli
Taal Tech India,3.9,325,IT Services & Consulting,Bengaluru
East African (I) Overseas Dehradun,4.1,325,Pharma,Dehradun
Lapiz Digital Services,4.1,325,BPO,Chennai
Elico Healthcare Services,3.1,325,Analytics & KPO,Hyderabad
Jodas Expoim,3.3,324,Pharma,Hyderabad
SGT University,3.5,324,Education & Training,Gurugram
LCC Projects,4.3,323,Engineering & Construction,Ahmedabad
Hindustan Times,3.0,324,Media & Entertainment,New Delhi
Walsons Facility Solutions,3.9,324,Recruitment,Gurugram
LANXESS India Private Limited,4.2,324,Chemicals,Mumbai
Innover Digital,4.3,324,IT Services & Consulting,Kolkata
Bharat Wire Ropes,3.6,324,Iron & Steel,Mumbai
Stellar Value Chain Solutions,3.7,323,Logistics,Mumbai
CG Foods,3.5,323,Food Processing,Guwahati
Creative Hands HR Consultancy,4.2,323,Recruitment,Chennai
ArcGate,2.7,323,IT Services & Consulting,Udaipur
ETA Engineering,3.3,323,Engineering & Construction,New Delhi
Altera Digital Health,2.9,323,Software Product,Pune
K R Mangalam University,4.5,323,Education & Training,Gurugram
Bnp Paribas Securities,3.8,323,Financial Services,Chennai
Internshala,3.6,323,EdTech,Gurugram
Jaguar Land Rover,3.9,323,Automobile,Pune
ITC ABD,3.7,324,Agriculture,Guntur
Military Engineer Services,4.6,323,Engineering & Construction,New Delhi
Moody's Analytics,4.0,323,Analytics & KPO,Bengaluru
The Indian Hume Pipe Co.,3.8,323,Building Material,Mumbai
Peel-works,3.5,322,Software Product,Bengaluru
Iconic,4.0,322,Retail,Gurugram
UNITILE,4.5,322,Building Material,Mumbai
ARDEM Incorporated,3.9,322,BPO,Lucknow
Molecular Connections,3.1,322,IT Services & Consulting,Bengaluru
Ninestars Information Technologies Pvt. Ltd,3.2,322,Software Product,Bengaluru
IFFCO Kisan Sanchar,3.7,322,Agro Chemicals,New Delhi
DRA Homes,4.5,322,Real Estate,Chennai
DynPro,3.7,322,IT Services & Consulting,Bengaluru
NatWest Markets,3.8,322,Banking,Gurugram
Mirafra Technologies,3.6,322,Semiconductors,Bengaluru
Jorie Healthcare,3.9,322,Healthcare,Sahibzada Ajit Singh Nagar
Rooman Technologies,3.6,323,Education & Training,Bengaluru
Cliantha Research,3.9,322,Clinical Research,Ahmedabad
Vilas Javdekar Developers,3.8,322,Real Estate,Pune
T R Chadha & Co Llp,3.4,322,Accounting & Auditing,Mumbai
Kshema General Insurance,4.2,323,Insurance,Hyderabad
Pulse Pharmaceuticals,3.4,321,Pharma,Hyderabad
Resurgent India,3.9,321,Investment Banking / Venture Capital / Private Equity,Gurugram
Bharat IT Services,3.3,321,IT Services & Consulting,New Delhi
Cameo Corporate Services,3.2,321,BPO,Chennai
Nimbus Harbor Facilities Management,4.2,321,Facility Management Services,Gurugram
Danone Foods Beverages,3.5,322,Food Processing,Mumbai
Embee Software,3.7,321,Software Product,Kolkata
Indo Farm Equipment,3.1,321,Industrial Machinery,Baddi
Massmutual Global Business Services,3.9,322,IT Services & Consulting,Hyderabad
Apisero,4.3,320,IT Services & Consulting,Bengaluru
SAVIC Technologies,3.1,320,IT Services & Consulting,Mumbai
Dyninno India,4.0,320,IT Services & Consulting,Gurugram
LatentView Analytics,3.4,320,IT Services & Consulting,Chennai
Omax Autos,3.8,320,Auto Components,Gurugram
Dainik Jagran,3.3,320,Printing & Publishing,New Delhi
SEABIRD LOGISOLUTIONS,3.9,320,Logistics,Pune
Lernx,3.7,320,Jaipur +18 other locations,
Netsmartz Infotech,3.6,320,IT Services & Consulting,Chandigarh
Transworld Systems,3.0,320,Financial Services,Bengaluru
Amrutanjan Health Care,3.9,320,Pharma,Chennai
convergys india services,3.5,320,Gurugram +11 other locations,
GMR Energy,3.8,319,Power,New Delhi
NACL Industries,4.0,319,Agro Chemicals,Hyderabad
Electrical Research & Development Association,3.7,319,Electrical Equipment,Vadodara
Ruby Hall Clinic,4.0,319,Healthcare,Pune
Mindteck,3.0,319,IT Services & Consulting,Bengaluru
ABI Showatech,3.5,319,Auto Components,Chennai
Ordnance Factory,4.2,319,Government,Hyderabad
MSD Pharmaceuticals,3.7,319,Pharma,Hyderabad
H&R Block,4.2,319,Accounting & Auditing,Thiruvananthapuram
Manipal Technologies,3.9,319,Printing & Publishing,Bengaluru
Publicis Resources,3.4,319,Marketing & Advertising,Gurugram
MDC Group of Companies,4.8,319,Pharma,Mumbai
Van Heusen,4.0,319,Fashion & Textile,New Delhi
TIDC India,3.7,319,Industrial Machinery,Chennai
Gaja Engineering,4.2,319,Engineering & Construction,Hyderabad
SquadStack,3.3,319,IT Services & Consulting,Noida
ATMECS Global,3.2,319,IT Services & Consulting,Hyderabad
ZF India Technology Center,3.6,318,Auto Components,Hyderabad
Prepca Eduserv,4.0,318,EdTech,Pune
Angelique International,4.5,318,Engineering & Construction,Noida
Aspiro Pharma,3.7,318,Pharma,Hyderabad
Ahresty India,3.8,318,Auto Components,Rewari
Equinox Labs,3.9,318,Clinical Research,Mumbai
Telesonic Networks,3.9,317,Telecom,Chennai
Danske IT,3.6,317,IT Services & Consulting,Bengaluru
Sabre,3.9,317,Software Product,Bengaluru
Princess Cruises,4.0,317,Travel & Tourism,Mumbai
Paragon Digital Services,3.2,317,Marketing & Advertising,Chennai
Western Digital,3.4,317,Consumer Electronics & Appliances,Bengaluru
Gawar Construction,4.1,317,Engineering & Construction,New Delhi
EnFuse Solutions,3.9,317,IT Services & Consulting,Mumbai
Guiltfree Industries,3.5,317,FMCG,Kolkata
AGI Glaspac,3.7,317,Packaging,Hyderabad
SBS,2.5,317,IT Services & Consulting,Noida
Micro Plastics Private Limited,3.6,317,Bengaluru +12 other locations,
Emmvee Photovoltaic Power,3.5,317,Power,Bengaluru
360 Degree Cloud Technologies,4.0,317,IT Services & Consulting,Noida
State Bank Operations Support Services,3.4,317,IT Services & Consulting,New Delhi
Doha Petroleum Construction Company,3.9,317,Oil & Gas,Doha
Segula Technologies,3.4,317,Engineering & Construction,Chennai
Vinati Organics,3.8,317,Chemicals,Chiplun
FCI CCM,4.4,317,Software Product,Noida
Money View,4.1,318,FinTech,Bengaluru
AltezzaSys,3.8,317,IT Services & Consulting,Noida
Fino Paytech,3.2,316,FinTech,Mumbai
Nuclear Power Corporation of India,4.2,317,Power,Mumbai
Competent Software,3.2,316,IT Services & Consulting,New Delhi
Alf Engineering,3.9,316,Auto Components,Nashik
HungerBox,3.5,316,Internet,Bengaluru
Koenig Solutions,3.3,316,Education & Training,New Delhi
Rucha Engineers,3.8,316,Industrial Machinery,Chhatrapati Sambhajinagar
Themis Medicare,3.8,316,Pharma,Mumbai
Automotive Robotics (India),3.4,316,Industrial Automation,Chennai
Goldmedal Electricals,3.6,316,Electrical Equipment,Mumbai
InsanelyGood,4.0,315,Internet,Bengaluru
SSF PLASTICS,3.5,315,Petrochemicals,Hosur
Tata Marcopolo Motors,3.8,315,Auto Components,Dharwad
Smaaash Entertainment,4.1,315,Events,Mumbai
Goldmedal Electricals,3.6,316,Electrical Equipment,Mumbai
Smaaash Entertainment,4.1,315,Events,Mumbai
Signutra (Health & Nutrition Division of Win - Medicare Pvt Ltd),4.3,315,Pharma,New Delhi
Edureka,3.7,315,EdTech,Bengaluru
Arabian Construction Company,3.1,316,Engineering & Construction,Kolkata
Lee Pharma,3.3,315,Pharma,Hyderabad
Roki Minda Co,4.5,315,Auto Components,Chennai
Hinduja Finance,3.9,315,NBFC,Chennai
Miles Education,3.3,316,Education & Training,Bengaluru
KEPCO Plant Service & Engineering,3.7,315,Engineering & Construction,Bhavnagar
Azure Power,4.0,315,Power,New Delhi
Cyber Infrastructure,3.4,315,IT Services & Consulting,Indore
Markelytics Solutions,4.5,314,Analytics & KPO,Bengaluru
Airtel DTH Services,4.0,314,Telecom,Gurugram
Gammon Engineers And Contractors,4.0,314,Engineering & Construction,Mumbai
Futwork,3.7,315,Internet,Mumbai
VVF,3.8,314,Chemicals,Mumbai
Airbnb,3.6,314,Travel & Tourism,Gurugram
Amcor Flexibles India,3.7,314,Packaging,Bharuch
Innoviti Technologies Private Limited,2.9,314,FinTech,Bengaluru
Cure foods,3.4,314,Fitness & Wellness,Bengaluru
Innoviti Technologies Private Limited,2.9,314,FinTech,Bengaluru
Titan Laboratories,3.4,314,Pharma,Mumbai
Unibic Foods,3.6,313,Food Processing,Bengaluru
Checkmate Services,4.0,314,Facility Management Services,Vadodara
SR Fast Connect Staffing,4.5,318,Noida +9 other locations,
Brinton Pharmaceuticals,4.5,313,Pharma,Pune
Bird Worldwide Flight Services,3.4,313,Aviation,New Delhi
Iscon Balaji Foods,3.9,313,Food Processing,Ahmedabad
Ratnadeep Retail,4.1,313,Retail,Hyderabad
SS Supply Chain Solutions,3.5,313,IT Services & Consulting,Gurugram
R L Fine Chem,3.7,313,Pharma,Bengaluru
Domino Printech India LLP,4.3,313,Industrial Automation,Gurugram
Orix Auto Infrastructure Services,4.0,313,Travel & Tourism,Mumbai
GSH Group,4.2,313,Facility Management Services,Chennai
ANZ Operations & Technology,3.7,313,Financial Services,Bengaluru
Xylem Water Solutions,3.7,313,Waste Management,Vadodara
Pitney Bowes,3.8,312,IT Services & Consulting,Pune
Thirumalai Chemicals,3.8,312,Chemicals,Ranipet
ecare India,3.8,312,Analytics & KPO,Chennai
Madina Group,4.5,312,Oil & Gas,Doha
TATWA Technologies,3.3,311,IT Services & Consulting,Bhubaneswar
Namdev Finvest,3.7,311,Financial Services,Jaipur
LetsTransport,3.7,311,Logistics,Bengaluru
Wirtgen India,4.2,311,Industrial Machinery,Pune
RNF Technologies,2.9,311,IT Services & Consulting,Noida
Bhandari Automobiles,3.6,311,Automobile,Kolkata
Gemini Solutions,3.4,312,IT Services & Consulting,Gurugram
Stelmec,3.2,311,Power,Mumbai
MN Dastur & Company,3.8,311,Metals & Mining,Kolkata
IndianOil Adani Ventures,3.8,311,Oil & Gas,Paradip
Spm Autocomp,3.7,315,Auto Components,Pune
Nippon Audiotronix,3.4,311,Automobile,Gurugram
THE GUARDIANS Real Estate Advisory,3.6,310,Real Estate,Mumbai
Meinhardt Group,3.4,311,Engineering & Construction,Bengaluru
Yum!,4.0,310,Hospitality,Gurugram
HyFun Foods,4.2,310,Food Processing,Ahmedabad
Rheinmetall Automotive,3.9,310,Auto Components,Pune
Fleetx.io,3.2,310,Logistics,Gurugram
Inlead Electronics,3.9,310,Consumer Electronics & Appliances,Mumbai
Tradebulls,2.8,310,Financial Services,Ahmedabad
Karvy Financial Services,3.9,310,Financial Services,Hyderabad
QDegrees,3.3,310,Management Consulting,Jaipur
FUJIFILM,4.0,310,Animation & VFX,Gurugram
Junglee Games,4.1,310,Gaming,Gurugram
Garware Technical Fibres,3.6,310,Fashion & Textile,Pune
Quintessence Business Solutions & Services,3.8,309,Analytics & KPO,Coimbatore
Business Integrity Services,4.2,309,BPO,Chennai
Arena Animation,3.5,309,Education & Training,New Delhi
GlobalStep,2.2,309,IT Services & Consulting,Pune
Asort Company,3.9,309,Internet,Gurugram
Merino Laminates,3.9,309,Consumer Electronics & Appliances,New Delhi
ICRA,3.2,309,Financial Services,Mumbai
ANI INTEGRATED SERVICES,3.4,309,Engineering & Construction,Mumbai
NVH India Auto Parts,3.3,309,Auto Components,Chennai
Tata ClassEdge,3.4,309,EdTech,Mumbai
BYJU'S Exam Prep,3.7,308,EdTech,Noida
Munjal Kiriu Industries,3.8,309,Auto Components,Gurugram
KnowledgeHut,4.4,308,EdTech,Bengaluru
ISMT,3.8,308,Iron & Steel,Pune
Cavisson Systems,2.3,308,IT Services & Consulting,Noida
BMW,4.1,308,Automobile,Chennai
Efftronics Systems,2.9,308,Electronics Manufacturing,Vijayawada
Urbanrise,3.8,310,Real Estate,Hyderabad
Chakr Innovation,3.6,308,Industrial Machinery,Gurugram
Incture Technologies,2.7,308,IT Services & Consulting,Bengaluru
SHV Energy,3.9,309,Power,Hyderabad
Integra Global Solutions,3.6,308,Financial Services,Coimbatore
IT By Design,3.0,308,IT Services & Consulting,Chandigarh
Can-Pack,4.2,308,Packaging,Chhatrapati Sambhajinagar
British Biologicals,3.0,308,Fitness & Wellness,Bengaluru
Slr Metaliks,4.0,308,Iron & Steel,Hosapete
POSCO MAHARASHTRA STEEL,4.3,308,Iron & Steel,Pune
Tata Memorial Centre,4.1,309,Healthcare,Mumbai
Smart Value Products And Services,4.1,308,FMCG,Gurugram
Ang India,3.5,307,Consumer Electronics & Appliances,Noida
Woodland,3.2,308,Fashion & Textile,New Delhi
Shreya Life Sciences,3.8,307,Pharma,Chhatrapati Sambhajinagar
Thomson Digital,3.9,307,Printing & Publishing,Noida
BCT Consulting Private Limited,3.8,308,IT Services & Consulting,Chennai
Munjal Auto Industries,3.5,307,Auto Components,Vadodara
McAfee,3.6,307,Software Product,Bengaluru
Highbar Technocrat,4.0,307,IT Services & Consulting,Mumbai
TJSB Sahakari Bank,3.7,307,Banking,Mumbai
IM Gears,3.5,306,Auto Components,Chennai
KHY ELECTRONIC,3.9,306,Noida +12 other locations,
ARCADIS,4.2,306,IT Services & Consulting,Bengaluru
Katerra,3.5,306,Engineering & Construction,Bengaluru
Diya Systems,3.2,306,BPO,Mangaluru
Nissin Brake,4.3,306,Auto Components,Neemrana
Peter England,4.2,306,Fashion & Textile,Bengaluru
Murugappa Group,3.9,306,Agro Chemicals,Chennai
Hardcastle Restaurants,3.7,306,Hospitality,Mumbai
The Fern Residency,3.9,305,Hospitality,Mumbai
Hudson's Bay Company,3.9,305,Retail,Bengaluru
Perkins,4.3,306,Engineering & Construction,Chhatrapati Sambhajinagar
Soma Enterprises,4.6,305,Engineering & Construction,Hyderabad
Allanasons,3.8,305,Food Processing,Mumbai
Trackon Courier,3.5,305,Logistics,New Delhi
Trigyn Technologies,3.7,305,IT Services & Consulting,Mumbai
Della Adventure Resort,4.2,305,Hospitality,Pune
InnovationM,3.8,305,IT Services & Consulting,Noida
Mukand Limited,3.7,305,Iron & Steel,Mumbai
Automotive Axles,3.9,305,Auto Components,Mysuru
Wika Instruments India,4.0,306,Industrial Machinery,Pune
MSPL,4.2,305,Metals & Mining,Hosapete
Trelleborg,3.7,305,Industrial Machinery,Bengaluru
Ciron Drugs & Pharmaceuticals,3.2,305,Healthcare,Mumbai
Siegwerk,3.9,305,Chemicals,Bhiwadi
Propel Industries,3.6,305,Industrial Machinery,Coimbatore
Home Centre,3.9,304,Furniture & Furnishing,Bengaluru
Balajee Group,3.6,304,Engineering & Construction,Mumbai
Suburban Diagnostics,3.9,304,Healthcare,Mumbai
Global Opportunities,4.1,304,EdTech,New Delhi
Virtusa Software Services,3.6,306,IT Services & Consulting,Hyderabad
Hamleys,3.8,304,Retail,Mumbai
Autodesk,3.9,304,Software Product,Bengaluru
Impelsys,3.0,304,IT Services & Consulting,Bengaluru
Aurigene Oncology Limited,4.1,304,Biotechnology,Bengaluru
Manappuram Home Finance,3.9,304,Financial Services,Mumbai
NAFFCO,3.1,304,Law Enforcement & Security,Chennai
Aurigene Oncology Limited,4.1,304,Biotechnology,Bengaluru
Interface Microsystems,3.8,304,Electronics Manufacturing,Gurugram
Crescent Foundry,3.8,304,Industrial Machinery,Kolkata
Advance India Projects,4.3,304,Real Estate,Gurugram
Bajaj Energy,4.3,304,Power,Lalitpur
Manappuram Home Finance,3.9,304,Financial Services,Mumbai
Knowledge Splice Services pvt ltd.,3.0,304,BPO,Bengaluru
Ummeed Housing Finance,4.0,304,Financial Services,Gurugram
Saregama India,4.0,303,Media & Entertainment,Mumbai
Sakata Inx,3.9,303,Chemicals,Bhiwadi
Online Legal India,4.4,303,Other,Kolkata
Sv Creditline,3.7,303,NBFC,Gurugram
Karuna Management Services,3.5,303,Retail,Kolkata
ScoreMe Solutions,3.3,303,Software Product,Gurugram
Bharat Dynamics,4.5,303,Defence & Aerospace,Hyderabad
National Institute for Smart Government,3.7,303,Management Consulting,New Delhi
Onida,3.5,303,Consumer Electronics & Appliances,Mumbai
Softtek,3.9,303,IT Services & Consulting,Bengaluru
Zota Health Care,3.9,303,Pharma,Surat
Indo Amines,3.4,303,Chemicals,Mumbai
Nilons Enterprises,3.9,303,Food Processing,Jalgaon
STYLAM Industries,3.4,303,Engineering & Construction,Chandigarh
Total Environment Building Systems,4.0,303,Real Estate,Bengaluru
Dahua Technology India Pvt.Ltd.,3.5,303,IT Services & Consulting,Gurugram
Emerald Jewel Industry India,3.7,303,Jewellery,Coimbatore
FOX Solutions,3.7,303,Industrial Machinery,Nashik
HostBooks,3.0,303,Software Product,Gurugram
Indira Gandhi International Airport,3.9,302,Urban Transport,New Delhi
Metric Stream Infotech,3.2,302,Internet,Bengaluru
Bandhan KOnnagar,3.3,302,Non-Profit,Kolkata
OneAssist Consumer Solutions,3.9,302,Financial Services,Mumbai
Dee Vee Projects,3.7,302,Engineering & Construction,Raipur
Danfoss Power Solutions,3.9,302,Power,Pune
Fujitec,3.8,302,Industrial Machinery,Chennai
SpeedLabs,4.3,302,EdTech,Mumbai
Citrix,3.1,302,Software Product,Bengaluru
1K Networks,3.3,302,Retail,Gurugram
Solartis Technology Services,3.5,302,IT Services & Consulting,Madurai
Verse Innovation,3.4,302,Internet,Bengaluru
Bony Polymers,3.5,302,Auto Components,Faridabad
Amnex Infotechnologies,3.9,302,IT Services & Consulting,Ahmedabad
Eye-Q Super Speciality Eye Hospitals,3.4,302,Healthcare,Gurugram
Rupa,3.7,302,Fashion & Textile,Kolkata
Sam India Built Well,3.3,302,Engineering & Construction,New Delhi
Konica Minolta Business Solutions India Pvt. Ltd.,4.2,302,Printing & Publishing,Gurugram
Presto Infosolutions,2.7,302,Hardware & Networking,New Delhi
Rochem Separation Systems,3.6,302,Industrial Machinery,Mumbai
CPM India Sales & Marketing,4.1,302,Marketing & Advertising,New Delhi
ABP Group,3.4,301,Printing & Publishing,Kolkata
Pepe Jeans,3.9,301,Fashion & Textile,Mumbai
Nexval Infotech,2.7,301,IT Services & Consulting,Kolkata
Lanco Infratech,4.2,301,Engineering & Construction,Gurugram
Tommy Hilfiger,3.8,301,Fashion & Textile,Bengaluru
Blenheim Chalcot,2.7,301,IT Services & Consulting,Mumbai
Black Box Limited,2.8,301,IT Services & Consulting,Bengaluru
Bacancy Technology,3.9,301,IT Services & Consulting,Ahmedabad
Banswara Syntex,3.7,301,Fashion & Textile,Banswara
Msi Services,3.9,300,IT Services & Consulting,Bengaluru
Tata Green Batteries,,,Auto Components,Pune
Ketto,4.3,300,Internet,Mumbai
Joyson Safety Systems,4.1,300,Auto Components,Chennai
Wartsila,4.0,300,Ports & Shipping,Mumbai
Dotsquares,2.6,300,IT Services & Consulting,Jaipur
Embitel Technologies,3.9,300,IT Services & Consulting,Bengaluru
Wallace Pharmaceuticals,3.7,300,Pharma,Mumbai
Ador Welding,3.9,300,Industrial Machinery,Pune
AIS Glass Solutions,3.6,300,Building Material,Chennai
Shyam Indus Power Solutions,3.8,300,Power,New Delhi
Mas Callnet,2.8,300,BPO,Noida
Orient Paper Mill,4.5,300,Pulp & Paper,Shahdol
Apollo Diagnostics,4.0,300,Healthcare,Kolkata
Annora Pharma,3.8,300,Pharma,Hyderabad
Vserv Infosystems,3.4,300,IT Services & Consulting,New Delhi
Altruist Customer Management India,4.0,299,BPO,Chennai
First Flight Couriers,4.6,299,Logistics,Mumbai
Anand Rathi Share and Stock Brokers Ltd,3.5,299,Financial Services,Mumbai
HyScaler,4.3,299,IT Services & Consulting,Bhubaneswar
Gautam Solar,3.9,300,Power,New Delhi
Milky Mist Dairy Food,3.9,299,Food Processing,Erode
Milky Mist Dairy Food,3.9,299,Food Processing,Erode
Suntory Global Spirits India,4.0,299,Beverage,Gurugram
Utthunga Technologies,2.8,299,Industrial Automation,Bengaluru
MTAR Technologies,3.9,300,Industrial Machinery,Hyderabad
Atul Auto,3.7,299,Automobile,Ahmedabad
Nature's Basket,3.7,299,Internet,Mumbai
Hughes Systique Corporation,3.7,299,Emerging Technologies,Gurugram
Servotech Renewable Power System Ltd.,3.6,299,Power,New Delhi
Ocrolus East,3.3,299,FinTech,Gurugram
Hero Vired,4.5,298,Education & Training,New Delhi
Delhi Duty Free Services,3.7,298,Retail,New Delhi
Kalinga Commercial Corporation,3.7,302,Metals & Mining,Bhubaneswar
Samarth LifeSciences,3.5,298,Pharma,Mumbai
Worldline Global Services,3.7,298,IT Services & Consulting,Pune
JMR Infotech,4.1,298,IT Services & Consulting,Bengaluru
OSB India,3.5,298,Financial Services,Bengaluru
Amrita Institute of Medical Sciences and Research,3.9,298,Healthcare,Kochi
Gap,3.6,298,Retail,Hyderabad
Eastern Software Solutions Pvt. Ltd,4.0,298,IT Services & Consulting,Noida
Jayashree Polymers,3.7,298,Auto Components,Pune
Dover India,3.8,298,Industrial Machinery,Bengaluru
Techno Electric & Engineering Company,3.9,298,Engineering & Construction,Kolkata
Shriram Chits,3.7,298,Financial Services,Chennai
Jayashree Polymers,3.7,298,Auto Components,Pune
Jbm Auto Components,3.8,298,Auto Components,Chennai
Fexprime Finance,4.5,298,Financial Services,New Delhi
Cogito Tech,2.6,298,IT Services & Consulting,Noida
Doubtnut,3.4,297,EdTech,Gurugram
Kelly Services,4.0,297,Recruitment,Bengaluru
Veer-O-- Metals,4.2,297,Industrial Machinery,Bengaluru
ICICI Direct,4.0,297,Financial Services,Mumbai
Busibud,3.6,297,Emerging Technologies,Chandigarh
Property Solutions,3.8,297,Real Estate,Mumbai
Ambey Mining,3.3,297,Metals & Mining,Durgapur
Velnik India,3.1,297,Beauty & Personal Care,Indore
Freelancer.com,4.1,297,Bengaluru +41 other locations,
Infineon Technologies,3.6,297,Electronics Manufacturing,Bengaluru
Varmora Granito,4.0,297,Building Material,Ahmedabad
Star Wire India,4.0,297,Industrial Machinery,Faridabad
ERA Group,3.7,296,Power,New Delhi
HM Group,4.6,296,Real Estate,Bengaluru
Calpion Software Technologies,3.4,297,IT Services & Consulting,Bengaluru
Pitambari Products,4.2,296,FMCG,Mumbai
kipi.ai,3.7,297,IT Services & Consulting,Bengaluru
Unicorn Infosolutions,3.1,296,Retail,Mumbai
Vision Rx Lab,3.9,296,Medical Equipment,Gurugram
Levelshift,3.3,296,IT Services & Consulting,Chennai
Diamondpick,3.9,296,Recruitment,Chennai
Vanderlande Industries,3.9,296,Industrial Automation,Pune
Bonn Group,3.8,297,Food Processing,Ludhiana
I P Integrated Services,3.8,296,Telecom,Gurugram
Popular Vehicles and Services,3.9,296,Automobile,Chennai
J.M Baxi & Co,3.8,296,Ports & Shipping,Mumbai
Cholamandalam MS Risk Services,3.6,296,Management Consulting,Chennai
Liugong India,3.3,296,Engineering & Construction,Indore
Avanze Technologies,3.5,296,IT Services & Consulting,Bengaluru
Bhash Software Labs,4.5,295,Software Product,Bengaluru
Yatharth Hospital,3.8,296,Healthcare,Noida
Healthium Medtech,3.4,295,Medical Equipment,Bengaluru
Nippon Express,3.8,295,Logistics,Bengaluru
Calsonic Kansei Motherson Auto Products,4.0,295,Auto Components,Rewari
INDIABULLS PHARMACEUTICALS,3.0,295,Pharma,Mumbai
Phoenix Contact,4.0,295,Electronics Manufacturing,Faridabad
Keihin Fie,4.4,294,Auto Components,Bengaluru
NTF Group,4.0,296,Auto Components,Gurugram
Aurangabad Electricals,3.8,294,Auto Components,Chhatrapati Sambhajinagar
Hema Engineering Industries,4.0,294,Auto Components,Gurugram
TourTravelWorld.Com,4.9,294,Internet,New Delhi
NOVO Medisciences,4.1,294,Pharma,Mumbai
Uniqlo,2.7,294,Fashion & Textile,New Delhi
Clifford Chance,3.6,294,Legal,Gurugram
ICFAI Business School,3.4,294,Education & Training,Hyderabad
SMR Automotive Systems India,3.7,294,Auto Components,Chennai
American Express Global Business Travel,4.0,294,Travel & Tourism,Gurugram
Essae Teraoka,3.6,294,Electronics Manufacturing,Bengaluru
Boston Scientific,3.9,294,Healthcare,Gurugram
Drydocks World Dubai,3.9,294,Ports & Shipping,Dubai
Meghalaya Cements,4.1,294,Building Material,Guwahati
Kd Logistics,3.7,294,Logistics,Mumbai
Southern Petrochemical Industries Corporation,3.6,294,Agro Chemicals,Thoothukudi
Kd Logistics,3.7,294,Logistics,Mumbai
Kaleesuwari Refinery,3.9,294,Food Processing,Chennai
Infrastructure Leasing & Financial Services,4.0,293,Engineering & Construction,Mumbai
Imperative Business Ventures,3.7,295,IT Services & Consulting,Pune
Lloyds Technology Centre,3.5,295,IT Services & Consulting,Hyderabad
Arrow Electronics,4.2,293,Electronics Manufacturing,Bengaluru
DataTrained,3.4,293,EdTech,Noida
SasMos HET Technologies,3.5,293,Electrical Equipment,Bengaluru
Locuz Enterprise Solutions,3.7,293,IT Services & Consulting,Hyderabad
Adani Realty,3.7,293,Real Estate,Mumbai
Shaily Engineering Plastics Ltd,4.0,293,Industrial Machinery,Vadodara
Sanghvi Movers,4.4,293,Industrial Machinery,Pune
Microsense,3.5,292,IT Services & Consulting,Chennai
Sonata Finance,4.0,292,Financial Services,Lucknow
Fourrts,4.2,292,Pharma,Chennai
Borgwarner Emission System,3.7,292,Auto Components,Bengaluru
INDIAN PUBLIC SCHOOL,3.9,292,Education & Training,Chennai
Consolidated Construction Consortium,4.2,292,Engineering & Construction,Chennai
Personiv,3.8,292,BPO,Coimbatore
Lumax Auto Technologies Ltd,4.3,292,Auto Components,Pune
LM Wind Power,4.0,292,Power,Bengaluru
AirAsia,3.4,292,Aviation,Bengaluru
Chain-Sys,3.0,292,IT Services & Consulting,Chennai
IDP IELTS,3.3,292,Education & Training,Chennai
Baoiam Innovations,4.6,291,EdTech,New Delhi
Vcs Quality Services,3.7,291,Oil & Gas,Noida
Stashfin,4.5,296,FinTech,New Delhi
Keka Technologies,3.1,291,Software Product,Hyderabad
Think Future Technologies,4.4,291,IT Services & Consulting,Gurugram
Mindfire Solutions,3.9,291,IT Services & Consulting,Bhubaneswar
Kangaro Industries,3.6,291,Retail,Ludhiana
Sanmarg Projects,3.9,291,Oil & Gas,Noida
Teachmint,4.1,291,EdTech,Bengaluru
PurpleTalk,3.7,291,IT Services & Consulting,Hyderabad
International Flavors & Fragrances,3.7,291,Chemicals,Hyderabad
EGIS,4.0,291,Power,Bengaluru
Rimjhim Ispat,3.3,291,Iron & Steel,Angul
MetroTelworks,3.7,291,Telecom,Ahmedabad
Malladi Drugs & Pharmaceuticals,3.6,291,Pharma,Chennai
HYUNDAI TRANSYS INDIA,3.8,291,Auto Components,Anantapur
Ahana Systems & Solutions,3.7,291,IT Services & Consulting,Bengaluru
Gupshup,2.8,291,IT Services & Consulting,Mumbai
Bihar Rural Livelihoods Promotion Society,3.8,291,Non-Profit,Patna
Pfizer Healthcare india pvt lit,3.9,290,Pharma,Visakhapatnam
Ribbon Communication,3.8,290,Hardware & Networking,Bengaluru
TowerVision India,4.3,290,Telecom,Gurugram
OnProcess Technology,3.8,290,Software Product,Kolkata
Zee Media Corporation,3.3,291,Broadcasting,Noida
MosChip Technologies,3.8,290,Semiconductors,Hyderabad
Cremica Food Industries,3.8,290,Food Processing,New Delhi
Asian Heart Institute,4.2,290,Healthcare,Mumbai
Superhouse,3.3,290,Leather,Kanpur
Polyplex,4.0,290,Packaging,Noida
Centific,3.5,290,IT Services & Consulting,Hyderabad
Kirloskar Electric Company,3.8,290,Electrical Equipment,Bengaluru
Four Points By Sheraton,4.1,290,Hospitality,Pune
Cholamandalam Securities,3.5,290,Financial Services,Chennai
Nestaway,3.2,289,Internet,Bengaluru
Weblink In,4.2,289,IT Services & Consulting,New Delhi
Olyv,4.2,289,FinTech,Bengaluru
Olyv,4.2,289,FinTech,Bengaluru
Nestaway,3.2,289,Internet,Bengaluru
AvenData GmbH,3.8,289,IT Services & Consulting,Mumbai
Credit Saison India,3.7,289,NBFC,Bengaluru
SHL,3.3,290,Software Product,Gurugram
Confederation of Indian Industry,3.3,289,Non-Profit,New Delhi
Apparel Group India Private Limited,3.5,289,Retail,Bengaluru
Eastman Chemical Company,3.9,289,Chemicals,Hyderabad
Qualys,3.4,289,IT Services & Consulting,Pune
Shriram Properties,4.1,289,Real Estate,Bengaluru
BHIVE Workspace,4.6,289,Real Estate,Bengaluru
Anupam Rasayan India,3.6,289,Chemicals,Surat
Bajaj Finserv Health,3.5,289,Internet,Pune
Elcamino Software,3.2,288,BPO,Bengaluru
Gionee,4.4,288,Consumer Electronics & Appliances,New Delhi
Origo Commodities,3.5,288,Agriculture,Gurugram
Rays Power Infra,4.1,289,Power,Jaipur
Indian Institute of Science,4.1,288,Education & Training,Bengaluru
SKETS Studio,4.0,288,Architecture & Interior Design,New Delhi
Naandi Foundation,3.7,288,Non-Profit,Hyderabad
NEC Software Solutions,3.9,289,IT Services & Consulting,Mumbai
Everest Fleet,3.0,288,Urban Transport,Mumbai
Meenakshi Polymers,3.6,288,Auto Components,Gurugram
FICO,3.3,288,Software Product,Bengaluru
Sun TV Network,3.7,288,Media & Entertainment,Chennai
ARCIS e Services,3.6,288,BPO,Gurugram
Indian Molasses Company,3.8,288,Ports & Shipping,Chennai
Madhu Jayanti International,3.6,288,FMCG,Kolkata
Isc Projects,3.8,288,Engineering & Construction,Pune
Government of Maharashtra,4.1,288,Government,Mumbai
Protean eGov Technologies,3.3,288,IT Services & Consulting,Mumbai
Quantzig,4.5,287,Analytics & KPO,Bengaluru
Hetero Biopharma,3.8,288,Pharma,Hyderabad
RACL Geartech,4.2,290,Auto Components,Noida
ONPASSIVE,2.5,287,IT Services & Consulting,Hyderabad
Muthoot Pappachan Group,4.1,287,Financial Services,Thiruvananthapuram
Walchandnagar Industries,3.3,287,Industrial Machinery,Pune
PaySquare Consultancy,3.7,287,Recruitment,Pune
Shivalaya Construction,4.2,287,Engineering & Construction,New Delhi
Venkateshwar Hospital,3.5,287,Healthcare,New Delhi
Indo Count Industries,3.6,287,Fashion & Textile,Mumbai
Toyota Material Handling,3.7,287,Industrial Machinery,Gurugram
Radium Creation,3.8,287,Jewellery,Mumbai
Roche Diagnostics,3.8,286,Pharma,Mumbai
Asia-Pacific Institute of Management,3.6,286,Education & Training,New Delhi
Omkar Realtors & Developers,3.7,286,Real Estate,Mumbai
RM Education Solutions,3.1,286,IT Services & Consulting,Thiruvananthapuram
Classplus,3.7,286,Software Product,Noida
National Institute of Technology,4.3,286,Education & Training,Mangaluru
Powerica,3.7,286,Industrial Machinery,Mumbai
HDFC Credila Financial Services,3.7,286,Financial Services,Mumbai
Centillion Networks,3.6,286,Telecom,Hyderabad
MMC Infotech Services,3.5,286,IT Services & Consulting,Chennai
Faber India,4.3,286,Consumer Electronics & Appliances,Pune
Century Pulp & Paper,3.7,286,Pulp & Paper,Lalkuan
Tatva Chintan Pharma Chem,3.5,284,Pharma,Bharuch
Interocean Group,4.3,285,Ports & Shipping,New Delhi
Smart Chip,4.0,285,Electronics Manufacturing,Noida
SMS Limited,4.2,285,Engineering & Construction,Nagpur
Adani Solar,3.6,285,Power,Mundra
Immacule Life Sciences,3.2,285,Pharma,Nalagarh
RentoMojo,3.8,285,Internet,Bengaluru
Nalco water,3.6,285,Waste Management,Pune
ISS SDB Security Services,4.1,285,Facility Management Services,Chennai
Enzene Biosciences,3.8,285,Biotechnology,Pune
UBI Services,3.7,285,Banking,Hyderabad
Spectraforce Technologies,2.9,285,Recruitment,Hyderabad
Sunteck Realty,3.4,285,Real Estate,Mumbai
Sigachi Industries,3.8,285,Pharma,Bharuch
Shakambhari Ispat & Power,3.6,284,Power,Kolkata
Ajio Business,3.7,285,Fashion & Textile,Bengaluru
Reliance resQ,3.9,285,Other,Mumbai
Manipal University,3.9,284,Education & Training,Jaipur
MM Forgings,3.3,284,Iron & Steel,Chennai
TimesPro,3.3,284,Education & Training,Mumbai
Vitesco Technologies,4.4,284,Auto Components,Bengaluru
Mantra Technologies,3.6,284,IT Services & Consulting,Hyderabad
Bajaj Hindusthan,4.2,284,Food Processing,Lucknow
Arun Excello,4.3,284,Engineering & Construction,Chennai
MindCraft Software,3.5,284,IT Services & Consulting,Mumbai
Kosamattam Finance,3.8,284,NBFC,Kottayam
Apna,3.1,284,Recruitment,Bengaluru
Butterfly Gandhimathi Appliances,3.9,284,Consumer Electronics & Appliances,Chennai
Decorpot,2.8,284,Architecture & Interior Design,Bengaluru
GyanSys Inc,3.1,284,IT Services & Consulting,Bengaluru
Concentrix Catalyst,3.1,284,IT Services & Consulting,Hyderabad
Essel Mining & Industries,4.1,283,Metals & Mining,Kolkata
Aqualite India,3.7,284,Fashion & Textile,New Delhi
The Louis Berger Group,4.4,283,Engineering & Construction,Mumbai
Hitachi Astemo Rajasthan Brake Systems,4.3,284,Auto Components,Neemrana
CloudFoundation,4.8,283,Hyderabad +10 other locations,
Tata nexarc,3.0,283,Software Product,Mumbai
Trivium Education Services,3.6,283,EdTech,New Delhi
Olam Group,3.7,283,FMCG,Chennai
Electronic Arts,3.8,283,Gaming,Hyderabad
BARC,4.4,283,Defence & Aerospace,Mumbai
Alchem International,3.7,283,Pharma,Faridabad
STT Global Data Centres India,4.0,283,IT Services & Consulting,Mumbai
MAN Truck & Bus,2.7,283,Automobile,Pune
Grauer & Weil (i),3.2,283,Chemicals,Mumbai
SUN Mobility,3.8,283,Automobile,Bengaluru
Mouser,3.5,282,Semiconductors,Bengaluru
EVRY India,4.4,282,IT Services & Consulting,Bengaluru
Technique Control Facility Management,3.7,283,Facility Management Services,Bengaluru
Star Hospitals,4.0,282,Healthcare,Hyderabad
Terex,3.9,282,Industrial Machinery,Bengaluru
IPROCESS BUSINESS SOLUTIONS,3.8,282,EdTech,Hyderabad
Befree Business Resourceing,3.2,283,Accounting & Auditing,Bengaluru
Operational Energy Group India,3.9,282,Power,Chennai
Sir Ganga Ram Hospital,4.0,283,Healthcare,New Delhi
Augmont Goldtech,4.7,282,Financial Services,Mumbai
Goldstone Cements,3.3,282,Building Material,Guwahati
Sumadhura Infracon,4.1,282,Real Estate,Bengaluru
Himalaya Opticals,4.4,282,Retail,Kolkata
Profectus Capital,4.2,281,NBFC,Mumbai
JM Financial Home Loans,4.0,282,NBFC,Mumbai
Armstrong Robotics & Technologies Private Limited,3.9,284,Industrial Automation,Nashik
Apex CoVantage,3.1,281,IT Services & Consulting,Hyderabad
99acres,3.6,281,Internet,Noida
InKnowTech,3.1,281,IT Services & Consulting,Bengaluru
Agappe Diagnostics,4.2,281,Medical Equipment,Kochi
InKnowTech,3.1,281,IT Services & Consulting,Bengaluru
Brink's,4.0,281,Logistics,Mumbai
CGM ARIA Health Services,3.6,281,Software Product,Noida
Century Enka,4.0,281,Fashion & Textile,Pune
Noida Power Company,4.3,281,Power,Greater Noida
Suresh Surana & Associates,3.2,281,Accounting & Auditing,Mumbai
Siddha Group,3.9,280,Real Estate,Kolkata
Girlscript Foundation,4.9,280,Bengaluru +21 other locations,
MITA,3.9,280,Industrial Machinery,Ghaziabad
Puzzolana Machinery Fabricators,4.2,281,Industrial Machinery,Hyderabad
Wishfin,3.2,280,Financial Services,Noida
Policyboss.com,3.1,280,Insurance,Mumbai
Ginesys,3.6,280,Software Product,Kolkata
WeRize,3.5,280,Financial Services,Bengaluru
Schneider Electric Infrastructure,4.2,280,Electrical Equipment,Vadodara
Naaptol Online Shopping,3.2,280,Internet,Mumbai
Enpro Industries,4.3,280,Industrial Machinery,Pune
ACN Health care,3.2,280,BPO,Bengaluru
Synergy Maritime,4.0,280,Ports & Shipping,Chennai
Reliable Autotech,4.2,280,Auto Components,Pune
Ginesys,3.6,280,Software Product,Kolkata
Escalon Business Services,3.8,280,Accounting & Auditing,Sahibzada Ajit Singh Nagar
Forbes & Company,3.7,279,Engineering & Construction,Chhatrapati Sambhajinagar
Seven Hills Hospital,3.8,279,Healthcare,Mumbai
Royal Research,2.0,280,Analytics & KPO,Kolkata
Videocon Industries Ltd.,3.9,279,Consumer Electronics & Appliances,Chhatrapati Sambhajinagar
Terralogic Software Solutions,2.8,279,IT Services & Consulting,Bengaluru
Intech Organics,3.0,279,Agro Chemicals,Gurugram
Battery Smart,3.4,279,Auto Components,Gurugram
Bacardi,3.7,280,Beverage,Gurugram
Taggd,3.8,279,Recruitment,Gurugram
Azad Engineering,3.7,279,Engineering & Construction,Hyderabad
Cargo Service Center India,3.8,279,Logistics,New Delhi
Kisna Diamonds - HK Jewels,3.4,281,Jewellery,Mumbai
Jeena Sikho Lifecare,3.7,279,Healthcare,Chandigarh
Sentiss Pharma,3.6,279,Pharma,Gurugram
Nandan Petrochem,3.7,279,Petrochemicals,Mumbai
Vialto Partners,2.8,279,Management Consulting,Bengaluru
Kanwar Enterprises,3.4,279,Engineering & Construction,Noida
Riddhi Corporate Services,3.8,280,IT Services & Consulting,Ahmedabad
Numerator,3.9,278,Marketing & Advertising,Vadodara
Niine,3.7,278,Beauty & Personal Care,Gorakhpur
iServeU,4.1,281,FinTech,Bhubaneswar
greytHR,3.5,278,Software Product,Bengaluru
indiagold,4.5,278,FinTech,Gurugram
Al-Yamama Group,3.6,278,Engineering & Construction,Dammam
Adonmo,4.4,278,Marketing & Advertising,Hyderabad
Tata Sikorsky Aerospace,3.7,278,Defence & Aerospace,Hyderabad
Any Brand,4.1,278,Fashion & Textile,New Delhi
Sgs Tekniks Manufacturing,4.0,278,Electronics Manufacturing,Gurugram
StudyIn,3.9,278,EdTech,New Delhi
Alivira Animal Health,4.0,278,Pharma,Visakhapatnam
Pinkerton,3.6,278,Law Enforcement & Security,Gurugram
Accurex Biomedical,4.4,280,Medical Equipment,Mumbai
Jspiders,3.6,277,Education & Training,Bengaluru
Arihant Superstructures,4.1,278,Real Estate,Navi Mumbai
Insecticides India,4.0,277,Agro Chemicals,Bharuch
Riviera Infraprojects,4.2,278,Engineering & Construction,Ahmedabad
Oriflame India,4.1,277,Beauty & Personal Care,New Delhi
Flipspaces,3.9,277,Architecture & Interior Design,Mumbai
British Airways,2.9,277,Aviation,New Delhi
Vesuvius,3.7,277,Industrial Machinery,Visakhapatnam
Netafim Irrigation India,4.0,277,Industrial Machinery,Vadodara
Gallantt Ispat,3.7,277,Iron & Steel,Gorakhpur
Ambica Steels,3.5,276,Metals & Mining,New Delhi
HiyaMee Private Limited,2.9,276,Recruitment,Bengaluru
Perfios Software Solutions,3.4,276,FinTech,Bengaluru
Caplin Point Laboratories,3.3,276,Pharma,Chennai
Strada,3.6,276,Financial Services,Hyderabad
Walking Tree,3.2,276,IT Services & Consulting,Hyderabad
Niit Foundation,4.0,276,Education & Training,New Delhi
Big C,3.7,276,Retail,Hyderabad
Normet,3.9,277,Industrial Machinery,Jaipur
Kunal Structure,3.8,276,Real Estate,Ahmedabad
Tata Strive Skill Development Centre,3.9,276,Education & Training,Mumbai
Steel Infra Solutions,3.5,276,Bhilai Nagar +19 other locations,
Stellar Information Technology,3.5,276,Software Product,Gurugram
Vistra Corporate Services,3.5,276,Power,Mumbai
BuildAHome,4.5,275,Engineering & Construction,Bengaluru
Mitsuba Sical,4.0,275,Auto Components,Gurugram
ICICI Foundation for Inclusive Growth,3.6,275,Non-Profit,Mumbai
S G Encon,3.4,275,Engineering & Construction,New Delhi
East India Udyog,3.9,275,Electrical Equipment,Noida
Vantive,4.5,289,Healthcare,Bengaluru
Vayam Info Solutions,4.0,275,Recruitment,New Delhi
JRG Automotive india,3.1,276,Auto Components,Bawal
Shyam Steel Manufacturing,3.5,275,Kolkata +44 other locations,
Rakon,3.7,275,Electronics Manufacturing,Bengaluru
Applus IDIADA,4.0,275,Auto Components,Pune
Amantya Technologies,3.9,275,IT Services & Consulting,Gurugram
Winjit Technologies,3.5,276,IT Services & Consulting,Nashik
Birla Open Minds Education Private Limited,3.1,275,Education & Training,Hyderabad
Don Bosco School,3.4,275,Education & Training,Mumbai
Piramal Realty,4.2,275,Real Estate,Mumbai
Data Marshall,3.2,275,Analytics & KPO,Hyderabad
Utkarsh Classes,4.1,275,EdTech,Jodhpur
Forvia,3.5,276,Auto Components,Pune
Latinem,3.7,275,Real Estate,Hyderabad
Shriram Group,4.0,274,Financial Services,Chennai
Shriram Group,4.0,274,Financial Services,Chennai
Latinem,3.7,275,Real Estate,Hyderabad
Arrow,4.5,274,Fashion & Textile,Bengaluru
L&T Realty,3.6,274,Real Estate,Mumbai
Gujarat State Fertilizers & Chemicals,4.2,274,Agro Chemicals,Vadodara
CohnReznick,3.8,274,Accounting & Auditing,Chennai
Karnataka Bank,3.6,274,Banking,Bengaluru
Kutch Chemical Industries,3.9,274,Chemicals,Gandhidham
JP Infra,3.7,274,Real Estate,Mumbai
Durian Industries,3.7,274,Retail,Mumbai
Valmet,4.0,274,Oil & Gas,Pune
Kovai Medical Center and Hospital,4.2,274,Healthcare,Coimbatore
Sakra World Hospital,4.0,274,Healthcare,Bengaluru
Sparsh Hospital,3.7,274,Healthcare,Bengaluru
Hero Electric,4.1,273,Automobile,Ludhiana
Sundaram Business Services,3.7,274,BPO,Chennai
Sonalika Group of Companies,3.7,273,Automobile,Hoshiarpur
PG Electroplast,4.0,273,Consumer Electronics & Appliances,Noida
Toshiba Software India,3.4,273,IT Services & Consulting,Bengaluru
Eastern Condiments,3.8,273,FMCG,Kochi
P&O Cruises,3.5,274,Travel & Tourism,Mumbai
Anthology,3.5,273,EdTech,Bengaluru
OmniActive Health Technologies,3.3,273,Fitness & Wellness,Pune
Roha Dyechem,3.5,273,Food Processing,Mumbai
Shivani Locks,3.7,273,Industrial Machinery,Faridabad
Tata Boeing Aerospace,3.6,273,Defence & Aerospace,Hyderabad
Vacmet India,4.1,273,Packaging,Indore
Regalo Kitchens,3.8,273,Architecture & Interior Design,New Delhi
Expertise Contracting Company,3.5,272,Industrial Machinery,Al Jubail
AAFT,4.0,272,EdTech,Noida
Nalco,4.2,273,Metals & Mining,Bhubaneswar
Snowman Logistics,4.1,272,Logistics,Bengaluru
Sahajanand Medical Technologies,3.4,272,Medical Equipment,Surat
Fresenius Medical Care,3.8,272,Healthcare,Gurugram
Evonith Value Steels,4.3,272,Iron & Steel,Wardha
Central Institute of Mining and Fuel Research,3.9,272,Education & Training,Dhanbad
Appasamy Associates,3.6,272,Medical Equipment,Chennai
GGS Engineering Services,3.2,272,Engineering & Construction,Chennai
Belstar Investment and Finance,4.1,271,Investment Banking / Venture Capital / Private Equity,Chennai
PEARCE SERVICES,3.1,273,Telecom,Sahibzada Ajit Singh Nagar
Belstar Investment and Finance,4.1,271,Investment Banking / Venture Capital / Private Equity,Chennai
Sony India Software Centre,3.8,272,Consumer Electronics & Appliances,Bengaluru
Bhilai Engineering Corporation,3.7,271,Industrial Machinery,Bhilai Nagar
PEARCE SERVICES,3.1,273,Telecom,Sahibzada Ajit Singh Nagar
Dynamatic Technologies,3.7,272,Auto Components,Bengaluru
Rossell Techsys,4.1,271,Defence & Aerospace,Bengaluru
Amazon Distributors,3.8,271,New Delhi +38 other locations,
Dnata,3.2,271,Aviation,Bengaluru
O P Jindal Global University,3.6,271,Education & Training,Sonipat
Gujarat Gas,3.8,271,Oil & Gas,Ahmedabad
Danieli,3.5,271,Industrial Machinery,Chennai
AISECT,3.8,271,Education & Training,Bhopal
Nilkamal Homes,3.8,271,Mumbai +67 other locations,
Mitsubishi Elevators,4.0,271,Industrial Machinery,Bengaluru
Pahal Financial Services,4.1,272,NBFC,Ahmedabad
Dbs Mintek,3.3,270,Financial Services,Pune
Credgenics,4.0,270,FinTech,Noida
Calderys India Refractories,4.2,270,Metals & Mining,Nagpur
Objectways Technologies,3.0,270,IT Services & Consulting,Karur
Fashion TV,3.0,270,Retail,Mumbai
UNICEF,3.9,270,Non-Profit,New Delhi
Rostfrei Steels,3.7,270,Industrial Machinery,New Delhi
LIXIL,3.9,270,Building Material,Gurugram
Epigral,4.0,270,Chemicals,Bharuch
Cochin Shipyard,4.2,270,Ports & Shipping,Kochi
Liberty Shoes,3.9,270,Fashion & Textile,Karnal
Unison Pharmaceuticals,3.9,270,Pharma,Ahmedabad
Corsearch,3.9,270,IT Services & Consulting,Mumbai
Modi Mundi Pharma,3.9,269,Pharma,New Delhi
Wilo Mather and Platt Pumps,3.9,269,Industrial Machinery,Pune
KiwiTech,3.7,269,IT Services & Consulting,Noida
The KCP,4.0,269,Building Material,Chennai
Leap Finance,3.1,269,FinTech,Bengaluru
ZIGRAM,3.3,269,Software Product,Gurugram
JWIL,4.1,269,Waste Management,New Delhi
Leeford Healthcare,4.1,269,Pharma,Ludhiana
Allengers Medical Systems,3.7,270,Medical Equipment,Chandigarh
Amity Software Limited,3.8,269,Software Product,Noida
Honasa Consumer,3.6,269,Beauty & Personal Care,Gurugram
General Energy Management Systems,3.8,269,Industrial Machinery,Noida
Etisalat,3.3,268,Telecom,Dubai
Tata Autocomp Gotion Green Energy Solutions,,,Auto Components,Pune
Hawkins Cookers,3.6,268,Consumer Electronics & Appliances,Mumbai
Apollo 247,3.3,268,Healthcare,Hyderabad
Diffusion Engineers,4.0,268,Industrial Machinery,Nagpur
SCM Garments,3.5,268,Fashion & Textile,Tiruppur
Ujala Cygnus,3.6,268,Healthcare,New Delhi
Kinetic Engineering,3.4,269,Auto Components,Ahilyanagar
Tricon Infra Buildtech pvt.Ltd,3.9,268,Engineering & Construction,Pune
Trimble,3.8,268,IT Services & Consulting,Chennai
British Paints,3.7,268,Chemicals,New Delhi
Novonesis,3.8,268,Biotechnology,Bengaluru
Hill International,4.3,268,Engineering & Construction,Mumbai
Rajiv Gandhi Cancer Institute & Research Centre,3.8,268,Healthcare,New Delhi
Adani Airport Holdings,3.0,268,Aviation,Ahmedabad
Unitech,3.7,267,Real Estate,Gurugram
Binary Semantics,3.1,267,IT Services & Consulting,Gurugram
Globus Infocom,4.2,267,EdTech,Noida
JGC Corporation,4.4,268,Engineering & Construction,Chennai
Shriram Value Services,3.9,267,IT Services & Consulting,Chennai
Vinove Software & Services,3.4,267,IT Services & Consulting,Noida
Ruloans,3.5,267,Financial Services,Mumbai
OneCard,3.3,267,FinTech,Pune
IndustryBuying.com,3.5,267,Internet,New Delhi
Saurav Chemicals,3.5,267,Agro Chemicals,Chandigarh
The Professional Couriers,3.4,267,Logistics,New Delhi
Teleindia Networks,3.7,267,Telecom,Bengaluru
Indian Railway Catering and Tourism,3.7,267,Travel & Tourism,New Delhi
Niwas Housing Finance,4.1,267,Financial Services,Mumbai
i-exceed technology solutions,3.4,266,FinTech,Bengaluru
Fingent,3.8,266,Software Product,Kochi
SRM Institute of Science and Technology,3.7,266,Education & Training,Chennai
Zeetech Management And Marketing,3.8,266,Ranchi +34 other locations,
Bombardier Transportation,4.4,266,Urban Transport,Vadodara
Government of Andhra Pradesh,3.6,266,Government,Hyderabad
Reliance Cement Company,4.1,267,Building Material,Maihar
Vamani Overseas Pvt Ltd,3.4,267,Fashion & Textile,Faridabad
Hindware Home Innovation,3.6,268,Consumer Electronics & Appliances,Gurugram
Mahagun India,2.9,266,Real Estate,Noida
Singareni Collieries Company,4.5,266,Metals & Mining,Hyderabad
Indian Oil- Adani Gas,3.8,266,Oil & Gas,Noida
PhyCARE Solutions,3.6,266,Healthcare,Hyderabad
Business for Social Responsibility,3.1,266,Accounting & Auditing,Mumbai
Foundation To Educate Girls Globally,4.0,266,Education & Training,Mumbai
Maharishi Vidya Mandir,4.0,266,Education & Training,Chennai
Madhucon Projects,3.6,266,Engineering & Construction,Hyderabad
Eaton Power Quality,4.0,266,Electronics Manufacturing,Puducherry
Mamaearth,3.8,267,Beauty & Personal Care,Gurugram
Catch Foods,4.1,265,Food Processing,Noida
Burckhardt Compression,3.9,265,Industrial Machinery,Pune
Health Total,3.7,265,Fitness & Wellness,Mumbai
MEDOPHARM,3.8,266,Pharma,Chennai
Mogli labs,3.5,265,Internet,Noida
Reliance Fresh,4.3,265,Retail,New Delhi
Rosenberger Electronic,3.9,265,Electronics Manufacturing,Gurugram
Venus Industrial Corporation,4.0,265,Industrial Machinery,Faridabad
Integra Micro Systems,3.9,265,Software Product,Bengaluru
Birla Tyres,3.7,265,Auto Components,Balasore
Agilysys Technologies India,3.2,265,Software Product,Chennai
Super Auto Forge,4.0,265,Industrial Machinery,Chennai
Apothecon Pharmaceuticals,4.4,266,Pharma,Vadodara
Mahindra Susten,4.5,265,Engineering & Construction,Mumbai
Bajaj Healthcare,3.3,266,Pharma,Vadodara
Emversity,4.1,265,Education & Training,Bengaluru
Galgotias University,3.6,265,Education & Training,Greater Noida
PMT Machines,3.2,265,Industrial Machinery,Pune
Dataflow Group,2.9,265,Law Enforcement & Security,Noida
Searce Cosourcing Services,3.0,265,IT Services & Consulting,Pune
Meghmani Industries,3.5,264,Agro Chemicals,Bharuch
Supermax Personal Care,3.5,264,Beauty & Personal Care,Mumbai
ION Group,2.3,264,Software Product,Noida
Rishabh Software,3.6,264,IT Services & Consulting,Vadodara
Rehau Polymers,3.3,264,Engineering & Construction,Vadodara
GfK MODE,3.3,264,Analytics & KPO,Gurugram
AceCloud by RTDS,4.1,264,IT Services & Consulting,Gurugram
Mangalam Cement,3.9,265,Building Material,Kota
MBD GROUP,3.2,264,Printing & Publishing,New Delhi
Tractor Junction,4.1,264,Internet,Alwar
Cargo Motors,4.0,264,Automobile,New Delhi
Metacube Software,3.9,264,IT Services & Consulting,Jaipur
Mercurius Advisory Services,4.4,263,Accounting & Auditing,New Delhi
InvestoXpert,4.3,263,Internet,Noida
Wheels Emi,3.8,263,Auto Components,Pune
MRO,2.9,263,Clinical Research,Pune
Zee Learn,3.5,263,Education & Training,Mumbai
Varite,3.4,263,IT Services & Consulting,Bengaluru
Lafarge,4.6,263,Building Material,Mumbai
LOTS Wholesale Solutions,3.9,263,Food Processing,New Delhi
L. V. Prasad Eye Institute,4.1,263,Healthcare,Hyderabad
J. C. Penney,3.9,263,Retail,Bengaluru
Codeyoung,4.0,263,Bengaluru +7 other locations,
Nesma & Partners,4.2,263,Engineering & Construction,Mumbai
JSG Group,3.6,263,Auto Components,New Delhi
Omega Healthcare Solutions,3.6,263,Healthcare,Chennai
CLR Facility Services,3.7,263,Facility Management Services,Pune
Central Tool Room & Training Centre,4.0,262,Industrial Machinery,Bhubaneswar
Shivaami Cloud Services,4.1,262,IT Services & Consulting,Mumbai
Smith+Nephew,4.1,262,Medical Equipment,Pune
Saint Gobain Sekurit India,3.8,262,Auto Components,Chennai
Sophos Technologies,3.7,262,Software Product,Bengaluru
Sophos Technologies,3.7,262,Software Product,Bengaluru
Arrise Bpo Solutions,3.6,262,BPO,Mumbai
KGK Group,3.2,262,Jewellery,Mumbai
KPC Projects,4.0,262,Engineering & Construction,Hyderabad
Toyotetsu India Auto Parts,3.8,262,Auto Components,Bengaluru
Oriental Carbon & Chemicals,4.3,262,Chemicals,Mundra
Aditya Infotech,4.3,262,IT Services & Consulting,Noida
ITCONS e-Solutions,3.5,262,IT Services & Consulting,Noida
Aarti Pharmalabs,3.7,261,Pharma,Mumbai
Media.net Software Services (India),3.1,262,Marketing & Advertising,Mumbai
Quality Council of India,3.4,261,New Delhi +25 other locations,
Avance Consulting Services,3.7,261,Recruitment,Hyderabad
Bright Life Care,4.0,261,Fitness & Wellness,Gurugram
Wavin,4.1,262,Noida +51 other locations,
Gatewaypark Business,4.6,261,Software Product,Bengaluru
Motorola,4.3,262,Consumer Electronics & Appliances,Bengaluru
Matter Motor Works,2.9,263,Automobile,Ahmedabad
Malabar Group Of Companies,3.7,261,Jewellery,Kozhikode
KTL Automobile,3.9,261,Automobile,Lucknow
Virgo Laminates,4.1,261,Building Material,New Delhi
Costa Cruise Lines,4.1,261,Travel & Tourism,Mumbai
Mayfair Hotels & Resorts,4.3,261,Hospitality,Bhubaneswar
Infocus Technologies,3.9,261,IT Services & Consulting,Kolkata
RG Stone Urology & Laparoscopy Hospital,3.8,261,Healthcare,New Delhi
Muthoot Money,3.9,261,NBFC,Hyderabad
Shalina Healthcare,3.4,261,Pharma,Pune
Sila Solutions,3.8,261,Facility Management Services,Mumbai
KANINI Software Solutions,3.9,260,IT Services & Consulting,Chennai
Weddingz.in,2.8,260,Internet,Mumbai
Triveni Turbines,3.6,260,Electrical Equipment,Bengaluru
ReachLocal Services,3.6,260,Marketing & Advertising,Mumbai
Rittal,3.8,260,Industrial Machinery,Bengaluru
Algonomy,3.8,260,Software Product,Bengaluru
Oncquest Laboratories,3.3,260,Healthcare,New Delhi
Experion Developers,4.7,260,Real Estate,Gurugram
L&T Heavy Civil Infrastructure,4.2,260,Engineering & Construction,Chennai
TP Western Odisha Distribution,3.4,260,Power,Sambalpur
Royal Infraconstru,3.5,260,Engineering & Construction,Kolkata
Promea Therapeutics,4.0,259,Medical Equipment,Hyderabad
MARG ERP,3.5,259,Accounting & Auditing,New Delhi
MARG ERP,3.5,259,Accounting & Auditing,New Delhi
Jakson Green,4.3,261,Noida +42 other locations,
New Allenberry Works,3.4,259,Power,Faridabad
Bombay Stock Exchange,3.5,259,Financial Services,Mumbai
PERSOLKELLY,3.4,259,Recruitment,Bengaluru
Oswaal Books and Learning Private Limited,4.0,259,Printing & Publishing,Agra
Health Prime Services (India),3.4,259,Medical Equipment,Mumbai
Grassroots BPO,3.3,259,BPO,Bengaluru
Millennium Engineers & Contractors,4.1,259,Engineering & Construction,Pune
Itvedant Education,3.9,259,Education & Training,Mumbai
Crest Data Systems,4.0,259,IT Services & Consulting,Ahmedabad
Sudhir Power,3.5,259,Power,Gurugram
Futurz Staffing Solutions,3.9,259,Recruitment,Mumbai
Goodluck,3.8,259,Iron & Steel,Ghaziabad
Antara Senior Care,3.0,258,Gurugram +13 other locations,
Inland World Logistics,3.6,258,Logistics,Mumbai
Welspun Global Brands,3.8,258,Fashion & Textile,Mumbai
Dhruv Research,2.9,259,Management Consulting,Gurugram
AGIO Pharmaceuticals,3.6,258,Pharma,Pune
Vserve Ebusiness Solutions,4.3,258,IT Services & Consulting,Coimbatore
Six Phrase,3.8,266,Coimbatore +15 other locations,
Newgen Knowledge Works,3.4,258,Printing & Publishing,Chennai
Ecolab,3.3,258,Waste Management,Pune
Jain University,3.3,258,Education & Training,Bengaluru
Canam Consultants,3.3,258,Education & Training,Chandigarh
Leayan Global,3.9,258,Fashion & Textile,Kanpur
Xeam Ventures,3.4,258,Recruitment,New Delhi
Shri Bajrang Power & Ispat,3.9,258,Power,Raipur
Ivy Mobility Solutions,2.6,258,Software Product,Chennai
Simpolo Vitrified,4.0,258,Building Material,Ahmedabad
Madras Radiators and Pressings Limited,3.5,257,Auto Components,Chennai
Captain Fresh,3.9,257,Food Processing,Bengaluru
GS Engineering & Construction,3.9,257,Engineering & Construction,Mumbai
ITW India,3.8,257,Automobile,Pune
Sterling and Wilson Renewable Energy,4.2,258,Power,New Delhi
Ventra Health,3.2,259,Analytics & KPO,Chennai
Health Insurance TPA of India,3.8,257,Insurance,Noida
ProcMart,3.7,258,IT Services & Consulting,Pune
Mahindra Defence Systems,3.9,258,Defence & Aerospace,Pune
Tangoe,3.7,257,IT Services & Consulting,Bengaluru
Mahindra Defence Systems,3.9,258,Defence & Aerospace,Pune
Turner Construction,4.0,257,Engineering & Construction,Mumbai
Lucy Electric,3.9,257,Electrical Equipment,Nashik
GMM Pfaudler,3.8,257,Industrial Machinery,Anand
Godrej Capital,3.5,257,Financial Services,Mumbai
El Seif Engineering Contracting,4.3,257,Engineering & Construction,Riyadh
UPS Supply Chain Solutions,3.7,258,Logistics,Pune
Cordova Publication,3.4,257,Printing & Publishing,Noida
Godawari Power & Ispat,4.2,257,Iron & Steel,Raipur
Paul Merchants,3.8,257,NBFC,Chandigarh
PMEA Solar Tech Solutions,3.9,257,Automobile,Nashik
CoLive,4.1,256,Real Estate,Bengaluru
Virohan,3.8,257,Education & Training,Gurugram
Chandigarh Group of Colleges,3.7,257,Education & Training,Chandigarh
Plada Infotech Services,3.5,256,IT Services & Consulting,Mumbai
Innova Captab,4.0,256,Pharma,Baddi
Valueonshore Advisors,4.0,257,Management Consulting,Gurugram
Lenexis Foodworks,3.6,256,Hospitality,Mumbai
Diamond Beverages,3.1,256,Beverage,Kolkata
Keller Ground Engineering,4.0,256,Engineering & Construction,Chennai
Moveinsync Technology Solutions,3.1,256,Software Product,Bengaluru
Yodlee,3.9,256,Software Product,Bengaluru
Sangam India,3.7,256,Fashion & Textile,Bhilwara
Zamil Steel Buildings India,4.0,256,Engineering & Construction,Pune
Stanley Lifestyles,3.8,256,Furniture & Furnishing,Bengaluru
Diamond Beverages,3.1,256,Beverage,Kolkata
Apollo Pipes,3.9,256,Building Material,Noida
GeeksForGeeks,2.8,256,Education & Training,Noida
Simpson,3.5,256,Auto Components,Chennai
Keller Ground Engineering,4.0,256,Engineering & Construction,Chennai
Sequential Technology International,4.1,255,BPO,Gurugram
Richfeel Health & Beauty,3.3,255,Beauty & Personal Care,Mumbai
Meneta Automotive Components,3.8,255,Auto Components,Sonipat
House of Hiranandani,4.6,255,Real Estate,Mumbai
Electropneumatics & Hydraulics (I),4.1,256,Industrial Machinery,Pune
Hewlett Packard Globalsoft,3.5,255,Bengaluru +7 other locations,
ATC Telecom Infrastructure,4.3,255,Telecom,Gurugram
WorkIndia,3.1,255,IT Services & Consulting,Bengaluru
Betsol,3.5,255,IT Services & Consulting,Bengaluru
National Securities Depository,3.5,255,Financial Services,Mumbai
Enviri,3.9,255,Waste Management,Hyderabad
Maruti Ispat And Pipes,3.7,255,Iron & Steel,Hyderabad
The Institute Of Chartered Accountants,3.3,255,Education & Training,New Delhi
RineX,4.0,255,Bengaluru +16 other locations,
SA Infrastructure Consultants,3.6,255,Engineering & Construction,Noida
Navata Road Transport,3.6,255,Logistics,Vijayawada
Raj Petro Specialities,3.8,255,Oil & Gas,Chennai
Kotak Mahindra General Insurance,3.7,255,Insurance,Mumbai
Archirodon,4.2,255,Engineering & Construction,Mumbai
DAZN,2.7,255,Media & Entertainment,Hyderabad
Everllence,3.7,255,Industrial Machinery,Chhatrapati Sambhajinagar
Exusia,3.2,254,IT Services & Consulting,Pune
Naga Limited,3.6,255,Food Processing,Dindigul
Gen,3.6,254,Software Product,Pune
Reliance Smart Bazaar,4.0,256,Retail,New Delhi
HAL Offshore,4.2,254,Oil & Gas,Mumbai
Sraco,3.7,254,Engineering & Construction,Dammam
Bizcrum Infotech,3.5,254,Internet,New Delhi
Metro Brands,3.8,255,Fashion & Textile,Mumbai
Turtle,3.2,254,Fashion & Textile,Kolkata
Trantor,3.6,254,IT Services & Consulting,Chandigarh
Gen,3.6,254,Software Product,Pune
ASUS,4.3,254,Consumer Electronics & Appliances,Mumbai
Sika,3.8,255,Chemicals,Mumbai
Sona Koyo Steering Systems,4.4,255,Auto Components,Gurugram
Suminter India Organics,3.8,254,FMCG,Mumbai
Credera,3.0,254,IT Services & Consulting,Hyderabad
Essar Power,4.0,253,Power,Jamnagar
YES SECURITIES,3.5,253,Investment Banking / Venture Capital / Private Equity,Mumbai
Vision Express,4.0,253,Retail,Bengaluru
GE Aviation,4.0,253,Aviation,Pune
Madras Engineering Industries,3.8,254,Auto Components,Chennai
Kroll,3.5,254,Financial Services,Mumbai
HyperCITY,4.8,253,Retail,Mumbai
Pacific Cyber Technology,3.7,253,Electronics Manufacturing,Daman & Diu
Sami-Sabinsa Group,3.5,253,Pharma,Bengaluru
NextGen Healthcare,3.7,253,Software Product,Bengaluru
Nineleaps Technology Solutions,4.3,253,IT Services & Consulting,Bengaluru
Sai Service,3.8,253,Automobile,Mumbai
Starmark Software,3.4,252,IT Services & Consulting,Bengaluru
WizKlub,2.9,252,EdTech,Bengaluru
Kaveri Seed Company,4.0,252,Agriculture,Hyderabad
Adfactors PR,3.2,252,Marketing & Advertising,Mumbai
Sedin Technologies,4.5,252,IT Services & Consulting,Chennai
Sai Service,3.8,253,Automobile,Mumbai
Acorn Universal Consultancy LLP,4.3,252,BPO,Anand
Botree Software International,3.4,252,Software Product,Chennai
Tatvasoft,3.3,252,IT Services & Consulting,Ahmedabad
Zeelab Pharmacy,3.4,252,Pharma,New Delhi
Dev Information Technology,3.4,252,IT Services & Consulting,Ahmedabad
Som Autotech,3.9,252,Auto Components,Chhatrapati Sambhajinagar
Star Engineers India,3.5,252,Auto Components,Pune
Clearpack,4.0,252,Industrial Machinery,Greater Noida
Invertis University,4.7,251,Education & Training,Bareilly
Pinnacle Industries,3.4,251,Auto Components,Indore
Interarch Building Product,3.9,251,Engineering & Construction,Noida
Edward Food Research and Analysis Centre,3.7,251,Analytics & KPO,Kolkata
KhataBook,3.6,252,FinTech,Bengaluru
Capillary Technologies,3.2,251,Software Product,Bengaluru
RGBSI,3.4,252,Software Product,Bengaluru
Barista Coffee Company,4.3,251,Hospitality,New Delhi
Anand Rathi Global Finance,3.3,251,NBFC,Mumbai
IIT Madras,3.9,251,Education & Training,Chennai
Little Nap Recliners,4.7,251,Furniture & Furnishing,New Delhi
Cross Country Infotech,4.0,251,IT Services & Consulting,Pune
Finnable Technologies,4.1,251,FinTech,Bengaluru
Skylark Infra Engineering Private Limited,3.8,251,Engineering & Construction,Gurugram
Terrier Security Services,4.2,252,Law Enforcement & Security,Bengaluru
Zifo RnD Solutions,3.7,251,IT Services & Consulting,Chennai
CP Plus,3.9,251,Law Enforcement & Security,Y.S.R. Kadapa
Simar Infrastructures,3.6,251,Engineering & Construction,Panipat
Easyday Club,4.6,250,Retail,New Delhi
Huntsman International,4.1,250,Chemicals,Mumbai
Akkodis,3.2,250,IT Services & Consulting,Bengaluru
Xtancia Technosoft,4.0,250,Software Product,Chennai
Randstad Global Capability Center,3.5,250,Recruitment,Hyderabad
Intersoft Data Labs,3.6,250,IT Services & Consulting,Gurugram
Xylem Learning,4.2,250,EdTech,Kozhikode
Jindal India Thermal Power,3.8,250,Power,Angul
Hindustan Pencils,4.1,250,FMCG,Mumbai
Greenway Health,2.9,250,IT Services & Consulting,Bengaluru
Intersoft Data Labs,3.6,250,IT Services & Consulting,Gurugram
Hindustan Pencils,4.1,250,FMCG,Mumbai
Randstad Global Capability Center,3.5,250,Recruitment,Hyderabad
Organic India,4.2,250,FMCG,Lucknow
CTM India Limited,3.6,250,Industrial Machinery,Chennai
Nordex India,3.8,249,Internet,Chennai
Identifyplus Delivery Services,3.2,249,Logistics,Gurugram
VSynergize Outsourcing,3.0,249,Marketing & Advertising,Pune
Ricoh,4.1,249,IT Services & Consulting,New Delhi
Arkade Group,3.9,250,Real Estate,Mumbai
Bajel Projects,4.2,250,Engineering & Construction,Mumbai
The Smart Cube,3.5,249,Management Consulting,Noida
Safran Engineering Services India,3.2,249,Aviation,Bengaluru
VERITY GLOBAL SOLUTIONS,3.6,249,Investment Banking / Venture Capital / Private Equity,Bengaluru
Entero Healthcare Solutions,4.1,249,Pharma,Mumbai
C. L. GUPTA EXPORTS,4.2,249,Import & Export,Moradabad
Puranik Builders,4.1,249,Real Estate,Mumbai
Kapture CX,3.2,249,Software Product,Bengaluru
Lentra AI,2.7,249,Financial Services,Pune
L&T Water & Effluent Treatment,3.9,249,Engineering & Construction,Chennai
Bhavani Industries,3.6,249,Rajkot +18 other locations,
Envestnet Asset Management,4.0,249,Financial Services,Thiruvananthapuram
Weikfield Foods,3.4,249,Food Processing,Pune
Securens System,3.9,248,Law Enforcement & Security,Mumbai
Health & Glow,3.7,248,Beauty & Personal Care,Bengaluru
Montra Electric,3.8,248,Automobile,Chennai
Bekaert Industries,3.9,248,Electrical Equipment,Pune
IIFL Securities,3.9,248,Financial Services,Mumbai
Mfar Constructions,3.8,248,Engineering & Construction,Bengaluru
Dalmia Bharat Sugar & Industries,4.1,248,Food Processing,Kolhapur
Tirupati Group,4.1,248,Pharma,Paonta Sahib
Pittie Group,3.0,248,Real Estate,Mumbai
Bread Financial,3.8,248,FinTech,Bengaluru
FoodPanda,3.9,248,Internet,Gurugram
Upwork,4.3,248,Internet,Bengaluru
e-Procurement Technologies,3.3,248,IT Services & Consulting,Ahmedabad
Grazitti Interactive,2.9,248,IT Services & Consulting,Chandigarh
La Renon Healthcare,4.2,248,Pharma,Ahmedabad
Q Way Technologies,2.9,248,Healthcare,Chennai
Annova Solutions,3.6,248,Pharma,Indore
Netenrich Technologies,3.2,248,Software Product,Hyderabad
EVIO,3.8,248,Power,Mumbai
BoAt,4.3,248,Consumer Electronics & Appliances,Mumbai
National Contracting Company,3.9,247,Engineering & Construction,Chennai
SRM Technologies Pvt.Ltd,3.2,248,IT Services & Consulting,Chennai
DM Consultants,1.4,247,Abu Dhabi +16 other locations,
Coolberg Beverages,3.2,247,Hospitality,Mumbai
AONE OUTSOURCING SOLUTIONS,4.6,247,Financial Services,Ghaziabad
Radnik Exports,4.1,247,Fashion & Textile,Noida
Bull Machines,3.6,247,Engineering & Construction,Coimbatore
Ileads Auxiliary Services,3.0,248,BPO,Dehradun
Spectrum Consultants,2.4,247,Recruitment,Pune
Onkar Infotech,4.0,247,BPO,Gurugram
Formidium Corp,2.8,247,Financial Services,Jaipur
Cryoviva Biotech,3.3,247,Biotechnology,Gurugram
Microchip Technology,3.7,247,Semiconductors,Bengaluru
Dish Infra Services,3.1,247,Telecom,New Delhi
Tokai Rubber Auto Parts India,3.4,247,Industrial Machinery,Neemrana
Chennai Petroleum Corporation,4.6,246,Oil & Gas,Chennai
iVenus,4.1,246,Retail,Surat
Oasis Partners Asia,3.8,246,Recruitment,Mumbai
NKC Projects,4.0,246,Engineering & Construction,Gurugram
Alp Consulting,3.8,246,Recruitment,Bengaluru
Optiemus Electronics,3.6,246,Electronics Manufacturing,Noida
Ratna Sagar,3.6,246,Printing & Publishing,New Delhi
Genzeon (India) Private Limited,3.9,246,IT Services & Consulting,Hyderabad
Epicor Software Corporation,2.9,246,IT Services & Consulting,Bengaluru
VISA Steel,3.1,246,Iron & Steel,Jajpur
Corecard Software,3.8,246,FinTech,Bhopal
Klaus IT Solutions,3.4,246,IT Services & Consulting,Bengaluru
Indutch Composites Technology,3.7,246,Industrial Machinery,Chennai
Webtel Electrosoft,3.6,246,IT Services & Consulting,New Delhi
Ajay Industrial Corporation,3.3,246,Industrial Machinery,New Delhi
Caliber Technologies,3.1,247,IT Services & Consulting,Hyderabad
Kuwait Oil Company,4.3,246,Oil & Gas,Chennai
Agrim,3.3,246,Agriculture,Gurugram
NMDC Steels,3.9,246,Iron & Steel,Jagdalpur
SEO Discovery,4.8,246,Financial Services,Sahibzada Ajit Singh Nagar
Tide - Business Management Platform,3.6,246,FinTech,Hyderabad
Collman Services,3.7,246,BPO,Chennai
Tide - Business Management Platform,3.6,246,FinTech,Hyderabad
Renata Precision Components,3.5,245,Industrial Machinery,Pune
Galpha Laboratories,3.7,246,Pharma,Baddi
Vasta Global,3.8,245,Clinical Research,Mumbai
Kapston Services,4.0,246,Recruitment,Hyderabad
Q3 Technologies,3.4,245,IT Services & Consulting,Gurugram
Allianz,4.4,245,Insurance,Thiruvananthapuram
Learning Links Foundation,4.1,245,Non-Profit,New Delhi
Narmada Bio Chem,4.8,245,Agro Chemicals,Ahmedabad
GlobusSoft,3.5,245,IT Services & Consulting,Bengaluru
SevenMentor,4.3,245,Education & Training,Pune
Kamineni Hospitals,4.1,245,Healthcare,Hyderabad
Sales India,4.1,245,Retail,Ahmedabad
CyberSWIFT Infotech,3.6,245,IT Services & Consulting,Kolkata
Covalent Laboratories,3.4,245,Pharma,Hyderabad
Eversana,3.2,244,Software Product,Pune
Rustomjee Group,4.0,244,Real Estate,Mumbai
Deen Dayal Upadhyaya Grameen Kaushalya Yojana,3.8,244,Government,Hyderabad
Sterling Hospitals,4.0,244,Healthcare,Ahmedabad
HMSHost,3.8,244,FMCG,Bengaluru
Pearl Global Industries,3.8,244,Fashion & Textile,Gurugram
NBCC,3.8,244,Real Estate,New Delhi
Eversana,3.2,244,Software Product,Pune
SK E&C,4.4,244,Engineering & Construction,Mumbai
Toshiba,4.1,243,Industrial Machinery,Bengaluru
NIELIT,4.1,245,Education & Training,New Delhi
Bravura Solutions,3.8,244,Software Product,Gurugram
Sanjeev Auto Parts Manufacturers,4.0,244,Auto Components,Chhatrapati Sambhajinagar
Barmalt Malting,3.9,244,Food Processing,Gurugram
Shalimar Corp,4.2,245,Real Estate,Lucknow
ICICI Merchant Service,3.5,244,Banking,Mumbai
Sewa Grih Rin,3.4,244,NBFC,New Delhi
Allen Solly,3.8,244,Fashion & Textile,Bengaluru
WPIL,3.4,244,Building Material,Kolkata
QualiZeal,4.0,244,IT Services & Consulting,Hyderabad
PIX Transmissions,3.7,244,Petrochemicals,Nagpur
Miraj Cinemas,3.7,244,Media & Entertainment,Mumbai
Placementindia.com,4.9,244,Recruitment,New Delhi
Chai Point,3.7,244,Hospitality,Bengaluru
Victora Industries,3.7,244,Auto Components,Faridabad
Galva Decoparts,3.4,244,Chemicals,Vapi
Vakilsearch,3.1,244,Legal,Chennai
Casio India Company,3.2,244,Consumer Electronics & Appliances,New Delhi
Jitm Skills,3.1,243,Education & Training,New Delhi
The New India Assurance Co.,4.3,243,Insurance,Mumbai
Scc Infrastructure,3.8,243,Engineering & Construction,Ahmedabad
Nova IVI Fertility,3.9,243,Healthcare,Bengaluru
Avontix,3.3,243,IT Services & Consulting,Hyderabad
The BIM Engineers,4.2,243,Engineering & Construction,Gurugram
Texas Review,3.9,243,Education & Training,Hyderabad
Reliance Consumer Products,3.7,253,Bengaluru +68 other locations,
University of Petroleum & Energy Studies,3.7,243,Education & Training,Dehradun
Ga Digital Web Word,3.7,243,IT Services & Consulting,New Delhi
OASYS Cybernetics,3.0,243,IT Services & Consulting,Chennai
Sarda Energy & Minerals,4.0,243,Iron & Steel,Raipur
ILS Hospitals,3.5,243,Healthcare,Kolkata
Ajmera Realty & Infra India,4.6,243,Real Estate,Mumbai
American Oncology Institute,4.1,243,Healthcare,Hyderabad
Smc Insurance Brokers,3.4,243,Insurance,New Delhi
Neon Laboratories,4.0,243,Pharma,Mumbai
Prabhat Dairy,3.7,243,FMCG,Mumbai
Filatex India,3.6,243,Fashion & Textile,Bharuch
Selectsys,3.4,243,Software Product,Hyderabad
FEV,3.5,243,Auto Components,Pune
Geetanjali Medical College and Hospital,4.1,244,Healthcare,Udaipur
Grb Dairy Foods,3.5,243,Food Processing,Hosur
Boston Institute of Analytics,4.3,243,Education & Training,Mumbai
Shankaranarayana Constructions,3.8,243,Engineering & Construction,Bengaluru
Pharmaceutical job,4.1,242,Pharma,Mumbai
Radius Global Solutions,2.8,242,BPO,Mumbai
NCL BUILDTEK,3.5,242,Building Material,Hyderabad
Housejoy,4.2,242,Facility Management Services,Bengaluru
Aziro,3.5,243,IT Services & Consulting,Chennai
Vaidik Eduservices,3.3,242,EdTech,Noida
VGN Projects Estates,3.7,242,Real Estate,Chennai
Orange Mantra,3.8,242,IT Services & Consulting,Gurugram
BillDesk,3.1,242,FinTech,Mumbai
Bihar Foundry and Castings Limited,4.4,242,Industrial Machinery,Ramngarh
Live Connections,3.8,242,Recruitment,Chennai
Ammann Apollo,4.1,242,Industrial Machinery,Ahmedabad
Zones Corporate Solutions,3.3,242,IT Services & Consulting,Bengaluru
Kobelco Construction Equipment India,4.3,242,Industrial Machinery,Chennai
Copart,3.1,242,Automobile,Hyderabad
Income Tax Department India,4.4,242,Government,New Delhi
Kwality Pharmaceuticals,3.9,242,Pharma,Amritsar
Azim Premji Foundation,3.8,242,Non-Profit,Bengaluru
11:11 Systems,3.3,242,IT Services & Consulting,Pune
Med Manor Organics,3.7,244,Pharma,Hyderabad
Innoval Digital Solutions,4.7,241,Software Product,Thiruvananthapuram
Chandan Steel,3.4,241,Metals & Mining,Umbergaon
Amara Raja Power Systems,4.3,241,Auto Components,Tirupati
Nagata India,3.8,241,Metals & Mining,Gurugram
S Chand Group,3.5,241,Printing & Publishing,New Delhi
VRC Constructions India,3.8,241,Engineering & Construction,New Delhi
Bonito Designs,3.5,241,Architecture & Interior Design,Bengaluru
inMorphis Services,3.9,241,IT Services & Consulting,Noida
SMS Pharmaceuticals,3.0,241,Pharma,Hyderabad
Infosearch BPO Services,4.1,241,BPO,Chennai
Fortune Park Hotels,3.9,241,Hospitality,Ahmedabad
Indo German Tool Room,4.0,241,Government,Chhatrapati Sambhajinagar
United Alliance Technology,4.9,241,IT Services & Consulting,Pune
EY-Parthenon,2.9,241,Bengaluru +14 other locations,
Bonito Designs,3.5,241,Architecture & Interior Design,Bengaluru
Unthinkable Solutions,3.2,241,IT Services & Consulting,Gurugram
Javi Systems,3.6,241,IT Services & Consulting,Gurugram
Airtel Africa,2.9,241,Telecom,Gurugram
Linfox Logistics,4.1,241,Urban Transport,Chennai
JAY JAY MILLS,4.0,241,Fashion & Textile,Erode
Kanpur Plastipack,3.6,241,Packaging,Kanpur
Sanoh,4.2,240,Auto Components,Gurugram
SLAP,3.9,243,Management Consulting,Anantapur
Svatantra Micro Housing Finance Corporation Limited,3.9,244,Financial Services,Mumbai
Accentuate Business Solutions,3.6,240,IT Services & Consulting,Bengaluru
RSH Global,4.1,241,FMCG,Kolkata
Freedom Employability Academy,4.1,241,Education & Training,New Delhi
Alembic,3.9,240,Pharma,Vadodara
Kumaran Systems,3.4,240,IT Services & Consulting,Chennai
Crown Solutions,3.7,240,IT Services & Consulting,Chennai
Excellon Software,4.4,240,Software Product,Pune
Government of West Bengal,3.6,240,Government,Kolkata
Impact Analytics,3.9,240,IT Services & Consulting,Bengaluru
Airblack,4.0,240,EdTech,Gurugram
St. John's Medical College Hospital,4.1,240,Healthcare,Bengaluru
Manubhai Jewellers,4.7,239,Jewellery,Mumbai
Naprod Life Sciences,3.4,240,Pharma,Mumbai
National Petroleum Construction Company,4.4,239,Oil & Gas,Abu Dhabi
Shaw Toyota,4.9,239,Automobile,Pune
MASAI School,4.1,240,EdTech,Bengaluru
MQSYS Technologies,3.6,239,IT Services & Consulting,Chennai
Expertrons,3.5,239,Education & Training,Mumbai
National Insurance Company,4.6,239,Insurance,Kolkata
Hofincons Infotech & Industrial Services,4.0,239,Industrial Machinery,Chennai
Cube Highways,4.3,239,Engineering & Construction,Noida
Garware Hi-Tech Films,4.0,239,Packaging,Chhatrapati Sambhajinagar
Lubi Industries Llp,4.1,239,Industrial Machinery,Ahmedabad
Radio Mirchi,3.3,239,Broadcasting,Mumbai
Skechers,4.1,239,Retail,Mumbai
Kharafi National,4.3,239,Engineering & Construction,Chennai
Infoesearch Ites,3.2,239,Media & Entertainment,Hyderabad
Infoesearch Ites,3.2,239,Media & Entertainment,Hyderabad
Rajan Technocast,4.7,239,Industrial Machinery,Rajkot
Carnival Cinemas,3.7,238,Media & Entertainment,Mumbai
bebo Technologies,3.4,238,IT Services & Consulting,Chandigarh
CPM International,3.9,238,Recruitment,New Delhi
Albert David,3.4,238,Pharma,Kolkata
AGILE AIRPORT SERVICES,3.9,238,Aviation,New Delhi
Sneha Farms,3.9,238,Agriculture,Hyderabad
Arkray Healthcare,3.4,238,Healthcare,Surat
Shorthills AI,3.5,239,Emerging Technologies,Gurugram
Harita Techserv,3.3,238,Recruitment,Bengaluru
The Sparks Foundation,4.3,238,Education & Training,Mumbai
Karanwal Capital,4.6,238,Investment Banking / Venture Capital / Private Equity,Mumbai
Balasore Alloys,3.1,238,Metals & Mining,Balasore
Agiliad,3.3,238,Engineering & Construction,Pune
Model N,4.5,238,Software Product,Hyderabad
Flowmore,4.1,238,Industrial Machinery,Ghaziabad
Franco-Indian Pharmaceuticals,3.2,238,Pharma,Mumbai
Sears IT & Management Services India,3.2,238,IT Services & Consulting,Pune
Bsr Infratech India,3.9,238,Engineering & Construction,Bengaluru
Premier Indoplast,4.1,238,Faridabad +20 other locations,
Bondada Engineering,3.4,238,Engineering & Construction,Hyderabad
Intuit,3.3,238,IT Services & Consulting,Bengaluru
Linc,3.5,239,FMCG,Kolkata
SkillRecruit,4.4,238,Recruitment,Hyderabad
Sugam Parivahan,4.2,238,Logistics,Noida
Dr B Lal Clinical Laboratory,4.4,238,Healthcare,Jaipur
Cyrix Health Care,4.3,238,Medical Equipment,Lucknow
Groupe SEB,3.4,238,Consumer Electronics & Appliances,New Delhi
National Small Industries Corporation,4.0,237,Government,New Delhi
Paychex IT Solutions India,3.3,239,Software Product,Bengaluru
Neudesic Technologies,4.1,237,IT Services & Consulting,Bengaluru
Omprime Technology Private Limited,4.0,237,IT Services & Consulting,Gurugram
"Sanjay Ghodawat International School, Kolhapur",3.5,237,Education & Training,Kolhapur
Vara United,3.7,237,IT Services & Consulting,Hyderabad
S&IB Services,3.9,237,Facility Management Services,Kolkata
Rajasthan Patrika,3.2,237,Broadcasting,Jaipur
Tesseract Imaging,4.0,237,Navi Mumbai +5 other locations,
Box8,3.5,237,Hospitality,Bengaluru
AABSyS IT,3.2,237,IT Services & Consulting,Bhubaneswar
20Cube Logistics,3.7,237,Logistics,Chennai
Aditya Birla Money,3.9,237,Chennai +46 other locations,
Autometers Alliance,4.2,237,Electronics Manufacturing,Noida
RegisterKaro,3.4,237,Internet,Gurugram
Atibir Industries,3.1,237,Iron & Steel,Giridih
APM Terminals,4.3,237,Ports & Shipping,Mumbai
RASI SEEDS,4.1,237,Agriculture,Hyderabad
Veltris,3.6,237,IT Services & Consulting,Hyderabad
Pearl Precision Products,3.8,237,Building Material,Noida
Marathon Realty,3.9,237,Real Estate,Mumbai
MaRS Planning & Engineering Services,3.7,237,Engineering & Construction,Ahmedabad
Prompt Personnel,3.9,237,Recruitment,Mumbai
Magnasoft Consulting India,3.2,237,IT Services & Consulting,Bengaluru
Linux Laboratories,4.0,236,Pharma,Chennai
American Tower Corporation,4.0,236,Telecom,Gurugram
Indiabulls Real Estate,4.4,237,Real Estate,Mumbai
ABEC,4.2,236,Events,Mumbai
Koyo Bearings India,3.9,236,Auto Components,Rewari
Focus Energy,3.4,236,Oil & Gas,Jaisalmer
The Indian Express,3.9,236,Printing & Publishing,Noida
Veolia,3.9,236,Waste Management,Bengaluru
Pontika Aerotech,3.7,236,Pharma,Paonta Sahib
WEG,4.1,237,Electronics Manufacturing,Hosur
iD Fresh Food,4.0,236,FMCG,Bengaluru
BPL Medical Technologies,3.4,236,Medical Equipment,Bengaluru
LUX Industries,3.3,236,Fashion & Textile,Kolkata
Ginger Hotels,3.9,236,Hospitality,Mumbai
ATS Homekraft,4.2,236,Real Estate,Noida
JPM Group,3.8,236,Industrial Machinery,Gurugram
Jaipur National University,3.0,236,Education & Training,Jaipur
Aachi Foods,4.0,236,FMCG,Chennai
Asian Institute of Medical Sciences,3.9,236,Faridabad +12 other locations,
HEG,3.8,236,Semiconductors,Bhopal
Paradise Food Court,3.7,236,Hospitality,Hyderabad
Parle Elizabeth Tools,3.9,236,Industrial Machinery,Ahmedabad
Little Millennium,3.7,236,EdTech,Pune
Shiva Pharmachem,3.8,236,Pharma,Vadodara
Consilio,3.5,236,Legal,Bengaluru
Finorchem Limited,3.7,236,Petrochemicals,Ankleshwar
Arvato,3.7,236,IT Services & Consulting,Gurugram
LawSikho,3.7,236,New Delhi +9 other locations,
Ganit Inc,4.0,235,IT Services & Consulting,Chennai
Parason Machinery,3.3,235,Industrial Machinery,Chhatrapati Sambhajinagar
Man Industries,3.6,237,Iron & Steel,Mumbai
Student Life,4.0,235,Non-Profit,Kolkata
Raheja Developers,3.2,235,Real Estate,Gurugram
Mvs Acmei Technologies,3.9,237,Industrial Machinery,Hyderabad
Sears Holdings,3.0,235,Retail,Pune
Red Bull,4.1,235,Beverage,Mumbai
Rasna,3.3,235,Food Processing,Ahmedabad
GLA University,3.5,235,Education & Training,Mathura
Kalyani Maxion Wheels,4.1,235,Auto Components,Pune
Oxyzo Financial Services,3.4,235,Financial Services,Gurugram
Echs Polyclinic,4.1,235,Healthcare,New Delhi
Zinnov Management Consulting,3.2,235,Management Consulting,Bengaluru
Impressico Business Solutions,4.4,235,IT Services & Consulting,Noida
ADARSH DEVELOPERS,4.2,235,Real Estate,Bengaluru
Tecnotree Convergence,3.1,235,IT Services & Consulting,Bengaluru
Neolite Zkw Lightings,3.8,235,Auto Components,Bahadurgarh
Essae Digitronics,4.1,235,Electronics Manufacturing,Bengaluru
Valenta AI Private Limited,4.3,235,Emerging Technologies,Bengaluru
Flex Technologies,3.9,235,Chennai +10 other locations,
Sun Vacuum Formers,3.8,235,Auto Components,Gurugram
Precision Group,3.5,235,Industrial Machinery,Chennai
Fusion,3.1,235,IT Services & Consulting,Kolkata
Chaitanya Projects Consultancy,4.0,234,Engineering & Construction,Noida
Advantum Health,2.9,234,Healthcare,Hyderabad
M.J Global,3.8,234,Packaging,Noida
Xchanging,4.1,234,IT Services & Consulting,Bengaluru
Brij Gopal Construction Company,3.9,234,Engineering & Construction,New Delhi
Balaji Enterprises,4.4,234,Real Estate,New Delhi
United India Insurance Company,4.5,234,Insurance,Chennai
Blue Cross Laboratories,3.9,234,Pharma,Mumbai
Schott Poonawalla,3.7,234,Packaging,Vadodara
LinkedIn,3.9,234,Internet,Bengaluru
Maral Overseas,3.7,234,Fashion & Textile,Noida
Uniinfo Telecom Services,3.4,234,Telecom,Indore
Marine Electricals,3.5,234,Industrial Automation,Mumbai
IMSI,3.1,234,Recruitment,Mumbai
Mining Engineering Services,3.7,234,Metals & Mining,Vadodara
Army Ordnance Corps,4.8,234,Defence & Aerospace,New Delhi
Mining Engineering Services,3.7,234,Metals & Mining,Vadodara
Sand Martin Consultants,2.9,234,BPO,New Delhi
Pure & Cure Healthcare,4.1,234,Pharma,Haridwar
John Crane Sealing Systems India,3.3,237,Industrial Machinery,Bengaluru
Verzeo,2.7,233,EdTech,Bengaluru
Government Medical College,4.2,233,Education & Training,Srinagar
Save the Children,4.3,233,Non-Profit,Gurugram
NuSummit,3.3,234,IT Services & Consulting,Mumbai
Changepond Technologies,2.9,233,IT Services & Consulting,Chennai
Advids,4.4,233,Marketing & Advertising,Pune
Andhra Paper,3.5,233,Pulp & Paper,Rajamahendravaram
Verifone,3.1,233,FinTech,Bengaluru
SIAC SKH India Cabs Manufacturing,3.8,233,Industrial Machinery,Faridabad
Zydus Hospira Oncology,4.2,233,Pharma,Ahmedabad
Arihant Publications,3.6,233,Printing & Publishing,New Delhi
Touchstone Educationals,3.2,233,Education & Training,Chandigarh
Ami Polymer,3.7,233,Medical Equipment,Dadra & Nagar Haveli
Umedica Laboratories,3.6,233,Pharma,Vapi
Aia Engineering,4.2,233,Industrial Machinery,Ahmedabad
Qi Spine Clinic,3.7,233,Healthcare,Mumbai
Bombay Rayon Fashions,3.3,233,Fashion & Textile,Mumbai
Touchstone Educationals,3.2,233,Education & Training,Chandigarh
Aia Engineering,4.2,233,Industrial Machinery,Ahmedabad
Steelman Telecom,3.7,232,Telecom,Kolkata
Scyo Decision Services,4.5,232,Analytics & KPO,Chennai
Teachers Insurance and Annuity Association of America,3.9,232,Financial Services,Pune
Sonovision-Aetos,3.4,232,IT Services & Consulting,Bengaluru
TravelTriangle,3.6,232,Travel & Tourism,Gurugram
Ankura Hospital,3.8,232,Healthcare,Hyderabad
MUNDRA SOLAR TECHNOPARK,3.7,232,Industrial Machinery,Mundra
SunMax Auto Engineering,3.5,233,Auto Components,Gurugram
Excelra Knowledge Solutions,3.4,233,Analytics & KPO,Hyderabad
IVTL Infoview Technologies,3.5,232,IT Services & Consulting,Chennai
Jaypee Hotels,3.8,232,Hospitality,New Delhi
ICPA Health Products,3.2,232,Healthcare,Mumbai
Coffee Day,3.0,232,Hospitality,Bengaluru
Centillion Solutions and Services,3.9,232,IT Services & Consulting,Bengaluru
First Citizens India,4.0,232,Financial Services,Bengaluru
ContinuServe Softech India,3.2,233,BPO,Bengaluru
Matix Fertilisers & Chemicals,3.6,232,Agro Chemicals,Durgapur
Flash Viven Machining Technologies,3.6,232,Auto Components,Pune
Integrated Personnel Services Limited,4.0,232,Recruitment,Mumbai
Teerthanker Mahaveer University,3.4,232,Education & Training,Moradabad
Knest Manufacturers,3.5,232,Metals & Mining,Pune
KNR Constructions,4.0,231,Engineering & Construction,Hyderabad
Reserve Bank Information Technology,3.2,233,IT Services & Consulting,Mumbai
ARB Bearings,3.6,231,Auto Components,New Delhi
ONLEI Technologies,4.8,231,Bengaluru +22 other locations,
Keertana Finserv,3.2,231,NBFC,Hyderabad
Games24x7,3.9,231,Gaming,Bengaluru
Helmerich & Payne,3.7,231,Oil & Gas,Bengaluru
Link Group,3.7,231,Financial Services,Mumbai
VHS Consulting,3.8,231,IT Services & Consulting,Bengaluru
AbbVie Inc.,3.6,231,Pharma,Bengaluru
Matrix ComSec,3.5,231,Law Enforcement & Security,Vadodara
Augtech Nextwealth,3.7,231,IT Services & Consulting,Bhilai Nagar
Fresher Than Fresh,4.0,231,Retail,Hyderabad
Marquardt,3.7,231,Auto Components,Pune
Vensa Infrastructure,4.1,231,Real Estate,Hyderabad
Optimus Drugs,4.1,231,Pharma,Hyderabad
Z1 Tech,4.1,231,Internet,Gurugram
Kriti Industries,3.6,231,Building Material,Indore
HTL,3.6,231,Telecom,Chennai
Forest Essentials,4.1,231,Retail,New Delhi
SkilloVilla,4.2,231,Education & Training,Bengaluru
REI Systems,4.0,231,IT Services & Consulting,Pune
Patton International,3.6,231,Iron & Steel,Kolkata
Gem Engserv,4.0,231,Engineering & Construction,Mumbai
Lizmontagens India,4.1,232,Engineering & Construction,Mumbai
ASSA ABLOY,3.6,231,Real Estate,Chennai
Stratosphere IT Services,3.0,231,Recruitment,Hyderabad
Bikaji Foods,4.0,231,Hospitality,Bikaner
Shri Mahavir Ferro Alloys,3.5,231,Iron & Steel,Rourkela
Relevantz Technology Services,3.6,231,IT Services & Consulting,Chennai
B4S Solutions,4.0,230,Law Enforcement & Security,Pune
Mayur Uniquoters,3.9,230,Leather,Jaipur
ExpertCallers,3.4,230,BPO,Bengaluru
Sankey Solutions,3.8,230,IT Services & Consulting,Mumbai
PrepLadder,2.6,230,EdTech,Chandigarh
Centaur Billing,3.8,231,Analytics & KPO,Chennai
The Mission Hospital,3.8,231,Healthcare,Durgapur
Reecomps Teleservices,3.7,230,Telecom,Mumbai
FarEye,3.3,230,IT Services & Consulting,Noida
Pattern Technologies,4.2,230,Software Product,Pune
MKCL,3.7,230,Education & Training,Pune
Chiripal Poly Films,4.0,231,Packaging,Ahmedabad
ZingHR,3.0,230,IT Services & Consulting,Mumbai
Innoplexus,4.3,230,IT Services & Consulting,Pune
Google Pay,3.8,230,FinTech,Bengaluru
Ishan Technologies,3.7,230,Internet,Ahmedabad
Zinnia,3.1,230,New Delhi +11 other locations,
TRF,3.5,230,Auto Components,Jamshedpur
Trivitron Healthcare,3.3,230,Medical Equipment,Chennai
Jagsonpal Pharmaceuticals,3.5,230,Pharma,New Delhi
Kinetic Green Energy And Power Solutions,3.1,230,Power,Pune
Lifelong India,3.9,230,Petrochemicals,Gurugram
Algoworks,3.0,230,IT Services & Consulting,Noida
Elevate Services,3.2,230,Software Product,Gurugram
Nyx-medical Solutions,3.6,230,Analytics & KPO,Bengaluru
Lifelong India,3.9,230,Petrochemicals,Gurugram
Jagsonpal Pharmaceuticals,3.5,230,Pharma,New Delhi
Elevate Services,3.2,230,Software Product,Gurugram
Northern Arc Capital,3.7,230,NBFC,Chennai
Neogen Chemicals,4.0,231,Chemicals,Bharuch
Wave Infratech,4.0,230,Real Estate,Noida
Savita Oil Technologies,4.1,230,Oil & Gas,Mumbai
Charak Pharma,3.5,230,Pharma,Mumbai
Rossari Biotech,3.7,230,Chemicals,Mumbai
Megafine Pharma,3.8,229,Pharma,Nashik
BluSmart,3.8,229,Urban Transport,Gurugram
Anand CY Myutec Automotive,3.7,229,Auto Components,Gurugram
Fortis Memorial Research Institute,4.0,229,Travel & Tourism,Gurugram
Ncc Urban Infrastructure,4.1,229,Engineering & Construction,Hyderabad
Broker Network,2.4,230,Internet,Mumbai
Mantri Developers,3.4,230,Real Estate,Bengaluru
Biotique,3.1,229,Beauty & Personal Care,Noida
VisionTek,3.5,229,Telecom,Hyderabad
SAVA Healthcare,3.7,229,Pharma,Pune
Garden Silk Mills,3.6,229,Fashion & Textile,Surat
TLC DigiTech Private Limited,3.3,229,Hospitality,New Delhi
Reliance Home Finance,4.0,229,NBFC,Mumbai
MyCaptain by Imarticus Learning,3.7,229,EdTech,Bengaluru
Reliance Money,4.3,229,Financial Services,Mumbai
Olympus,3.8,229,Medical Equipment,Gurugram
Travelex,3.3,229,Financial Services,Mumbai
Busy Infotech,4.1,229,Software Product,New Delhi
Beumer Group,3.8,229,Industrial Machinery,Gurugram
Verifacts Services,3.1,229,Recruitment,Bengaluru
Meditab Software,3.2,229,Software Product,Ahmedabad
DelaPlex Software,4.2,229,IT Services & Consulting,Nagpur
SGB By BrandSafway,3.9,229,Engineering & Construction,Hyderabad
EFKON INDIA,3.8,229,IT Services & Consulting,Gurugram
Colourtex,3.8,229,Chemicals,Surat
SRR Projects,4.0,229,Engineering & Construction,Hyderabad
ZeMoSo Technologies,3.0,228,IT Services & Consulting,Hyderabad
Bo International,4.1,228,Beauty & Personal Care,New Delhi
Navitas Life Sciences,3.6,229,Clinical Research,Chennai
Drools,3.5,229,FMCG,Bengaluru
Om Innovation Call Services,3.6,228,BPO,New Delhi
ZeMoSo Technologies,3.0,228,IT Services & Consulting,Hyderabad
Bo International,4.1,228,Beauty & Personal Care,New Delhi
Om Innovation Call Services,3.6,228,BPO,New Delhi
WovVTech,4.3,228,Software Product,Vadodara
Qdigi Services,3.5,230,Recruitment,Noida
STMicroelectronics,3.9,228,Semiconductors,Noida
MT Educare,2.4,228,EdTech,Mumbai
Drools,3.5,229,FMCG,Bengaluru
LNV Technology,3.9,228,Industrial Machinery,Chennai
Texas Instruments,3.7,228,Semiconductors,Bengaluru
RAXA,4.2,228,Law Enforcement & Security,New Delhi
La-Gajjar Machineries,4.1,228,Electronics Manufacturing,Ahmedabad
Mordor Intelligence,2.6,228,Analytics & KPO,Hyderabad
Steril Gene Life Sciences,3.8,228,Pharma,Puducherry
Cotecna Inspection India,3.6,228,Analytics & KPO,Mumbai
Atidiv,2.6,228,IT Services & Consulting,Pune
Affluent Global Services,2.9,227,IT Services & Consulting,Hyderabad
Vcare Call Center,3.3,227,BPO,Noida
Abante Integrated Management Services,4.2,227,Management Consulting,Gurugram
Bosch Power Tools,4.3,228,Industrial Machinery,Chennai
Successive Technologies,3.8,228,IT Services & Consulting,Noida
BeatO,3.3,227,Fitness & Wellness,New Delhi
BMW Industries,3.5,227,Iron & Steel,Kolkata
Flexituff Ventures International,3.4,227,Packaging,Indore
TP Southern Odisha Distribution,3.5,227,Berhampur +25 other locations,
ORISSA METALIKS,3.9,227,Industrial Machinery,Kharagpur
AYM Syntex,3.4,227,Fashion & Textile,Mumbai
RAKS Pharma,4.0,227,Pharma,Visakhapatnam
Decimal Technologies,2.6,227,Software Product,Gurugram
Dunnhumby,3.7,227,Analytics & KPO,Gurugram
Ramky Group,4.3,227,Engineering & Construction,Hyderabad
Futurism Technologies,3.8,227,IT Services & Consulting,Pune
Analytix Business Solutions,3.1,227,Analytics & KPO,Ahmedabad
Amrita Vishwa Vidyapeetham,3.6,227,Education & Training,Coimbatore
OPG Mobility,3.0,227,Automobile,New Delhi
Oasis Fertility,4.0,227,Healthcare,Hyderabad
Rubamin,4.0,227,Pharma,Vadodara
IPCS GLOBAL SOLUTIONS PVT LTD,4.3,226,Education & Training,Kochi
Gold's Gym,4.0,226,Fitness & Wellness,Mumbai
Ivy Hospital,3.7,226,Healthcare,Chandigarh
Nahars Engineering India,3.2,226,Auto Components,Bengaluru
Moreish Food,3.4,226,Food Processing,Kolkata
Coastal Marine Construction & Engineering,4.2,226,Engineering & Construction,Mumbai
Graviti Pharmaceuticals,3.1,226,Pharma,Hyderabad
Maxinfra,4.0,226,Real Estate,Hyderabad
Information Services Group,3.6,226,IT Services & Consulting,Bengaluru
ExcelSoft Technologies,3.4,226,IT Services & Consulting,Mysuru
MINISO,3.8,226,Retail,New Delhi
Kanoria Chemicals & Industries,3.8,226,Chemicals,Ankleshwar
Techahead Software,3.7,226,IT Services & Consulting,Noida
AEREN IT Solutions,4.1,226,Analytics & KPO,Chandigarh
Vishnu Chemicals,3.8,226,Chemicals,Visakhapatnam
Prozo,3.4,226,Logistics,Gurugram
Bank Muscat,4.1,226,Banking,Mumbai
Connectwell Industries,3.6,226,Electronics Manufacturing,Mumbai
Ritz-Carlton,4.0,226,Hospitality,Bengaluru
Ebixcash World Money,3.5,226,FinTech,Mumbai
VISTRA INTERNATIONAL EXPANSION,3.4,225,Management Consulting,Mumbai
Mark's,4.0,226,Telecom,Gurugram
Petrofac Engineering India,4.6,225,Petrochemicals,Mumbai
Petrofac Engineering India,4.6,225,Petrochemicals,Mumbai
Mark's,4.0,226,Telecom,Gurugram
Archwell Operations,3.4,225,IT Services & Consulting,Bengaluru
State Street Global Advisors,3.6,225,Bengaluru +6 other locations,
Jyoti Structures,3.9,225,Power,Mumbai
All India Radio,4.3,225,Government,New Delhi
SPRAY ENGINEERING DEVICES,4.2,225,Industrial Machinery,Sahibzada Ajit Singh Nagar
Verticurl,3.0,225,Coimbatore +6 other locations,
KPR Mill,3.8,225,Fashion & Textile,Coimbatore
Lauren Information Technologies,3.5,225,IT Services & Consulting,Mumbai
IntelliSmart Infrastructure,3.7,225,Power,Gurugram
INFOSEC VENTURES,3.2,225,IT Services & Consulting,Gurugram
SrinSoft Technologies,3.8,225,IT Services & Consulting,Chennai
Walter Bushnell,3.0,225,Pharma,Gurugram
South Eastern Coalfields,4.3,225,Metals & Mining,Bilaspur
Laxmi India Finleasecap,3.9,225,Financial Services,Jaipur
King George's Medical University,4.2,225,Education & Training,Lucknow
Prakash Industries,3.8,226,Metals & Mining,Champa
Essel Group,3.7,225,Media & Entertainment,Mumbai
Chrysalis High,4.0,225,Bengaluru +3 other locations,
Eternis Fine Chemicals,3.4,225,Chemicals,Pune
Pran Beverages India,3.8,225,Beverage,Kolkata
Enser Communications,2.5,225,IT Services & Consulting,Gurugram
Merkle,3.4,225,Mumbai +12 other locations,
Hippo Homes,3.4,225,Retail,New Delhi
Travel Boutique Online,3.2,224,Travel & Tourism,Gurugram
Nuance Communications,4.2,225,Software Product,Pune
Eazy ERP Technologies,3.7,224,IT Services & Consulting,Gurugram
Religare Finvest,4.3,224,Financial Services,New Delhi
TEOCO Software,3.9,224,IT Services & Consulting,Kolkata
Providence Global Center,3.6,225,IT Services & Consulting,Hyderabad
Furlenco,3.2,224,Internet,Bengaluru
Marsh,4.0,224,Insurance,Mumbai
Sutlej Textiles and Industries,3.8,224,Fashion & Textile,Mumbai
Absolute Barbecues,4.0,224,Hospitality,Hyderabad
Spacewood,3.4,224,Furniture & Furnishing,Nagpur
Emami Frank Ross,3.8,224,Retail,Kolkata
Hindustan PowerProjects,3.6,224,Power,New Delhi
Informatica Business Solutions,3.9,224,Software Product,Bengaluru
Rolta India,3.6,223,IT Services & Consulting,Mumbai
American InfoSource,3.7,223,BPO,Vadodara
Flair Writing Instruments,3.6,223,Other,Mumbai
Microlink Solutions,3.6,223,IT Services & Consulting,Ahmedabad
Programming.Com,3.4,224,IT Services & Consulting,Gurugram
Deutsche Telekom Digital Labs,3.4,223,Software Product,Gurugram
ABCD,4.0,223,Education & Training,Bengaluru
MYND Intergrated Solutions,3.3,223,BPO,Gurugram
Droom,3.2,223,Internet,Gurugram
MEDICO Healthcare Services & Technologies,3.1,223,Healthcare,Hyderabad
RateGain,3.7,223,IT Services & Consulting,Noida
CompuGroup Medical,3.3,223,Software Product,Noida
M Swasth Solutions,3.3,223,Gurugram +47 other locations,
Blazeclan Technologies,3.7,223,IT Services & Consulting,Pune
Artech,3.1,223,Architecture & Interior Design,Bengaluru
Magicrete Building Solutions,3.8,223,Building Material,Surat
Torque Pharmaceuticals,3.9,223,Pharma,Chandigarh
Manipal Business Solutions,3.9,223,Gurugram +56 other locations,
Pha India,4.0,223,Auto Components,Chennai
Truemeds,3.4,223,Pharma,Mumbai
Hicare Services,3.9,222,Facility Management Services,Mumbai
Mitsui O.S.K. Lines,4.0,222,Ports & Shipping,Mumbai
OSI Digital,3.5,222,IT Services & Consulting,Hyderabad
Soothe Healthcare,3.1,223,Healthcare,Noida
Uni Cards,3.8,222,FinTech,Bengaluru
Yaantra,3.6,223,Internet,New Delhi
Commerce Pundit,4.4,223,IT Services & Consulting,Ahmedabad
Nuberg Engineering,3.6,223,Industrial Machinery,Noida
Laxmi-Agni Components and Forging,4.1,222,Industrial Machinery,Chhatrapati Sambhajinagar
Ibis,4.4,222,Hospitality,Mumbai
Shree Vasu Logistics Limited,3.3,222,Logistics,Raipur
E2logy Software Solutions,4.7,222,IT Services & Consulting,Noida
FedServ,3.6,222,Banking,Visakhapatnam
Toshiba Water Solutions,3.8,222,Waste Management,Gurugram
Synthite Industries,4.0,223,Food Processing,Kochi
InMobi,3.0,222,Marketing & Advertising,Bengaluru
Galaxy Weblinks,3.8,222,IT Services & Consulting,Indore
Innovapptive,4.3,222,Software Product,Hyderabad
Kalyani Forge,3.6,222,Iron & Steel,Pune
MMTC-PAMP,3.8,222,Metals & Mining,Gurugram
Indo Rama Synthetics (i),3.6,222,Fashion & Textile,Nagpur
UGC Supply Chain Solutions,3.1,222,Logistics,Pune
Dr Oetker,4.0,223,Food Processing,New Delhi
TPI Composites,4.3,222,Industrial Machinery,Chennai
Indo Nissin Foods,3.8,222,Food Processing,Bengaluru
Purnartha Investment Advisors,4.1,222,Financial Services,Pune
Simform,3.6,222,IT Services & Consulting,Ahmedabad
Globus Stores,3.5,221,Retail,Mumbai
ARKA Fincap,4.1,221,NBFC,Mumbai
Polestar Consulting,4.5,221,IT Services & Consulting,Pune
Mehin,4.0,221,Software Product,Mumbai
Hinduja Group,3.8,221,Automobile,Chennai
Putzmeister Concrete Machines,3.5,223,Industrial Machinery,Pune
Vivifi India Finance,3.4,221,NBFC,Hyderabad
Preethi Kitchen Appliances,3.9,221,Electronics Manufacturing,Chennai
TP Northern Odisha Distribution,3.6,221,Power,Balasore
Anri Solutions HR Services,4.0,221,Recruitment,New Delhi
XenonStack,3.1,221,Emerging Technologies,Sahibzada Ajit Singh Nagar
Corrival Corporate Services,4.3,221,Recruitment,Hyderabad
Inchcape Shipping Services,3.3,221,Ports & Shipping,Chennai
AWC Software,3.6,221,IT Services & Consulting,Noida
Pathfinder Business Analysis,3.5,221,Management Consulting,Coimbatore
SITA,3.7,221,IT Services & Consulting,Gurugram
Root Industries,4.0,221,Auto Components,Coimbatore
Milan Laboratories India Private Limited,3.7,221,Pharma,Mumbai
Tata Power Renewable Energy,4.0,221,Power,Bengaluru
Fibe,3.7,221,FinTech,Pune
Rapid Care Transcription,4.4,221,Analytics & KPO,Chennai
Cleartrip,3.1,221,Travel & Tourism,Bengaluru
Rotostat Services,3.9,221,Industrial Machinery,Mumbai
Aneja Associates,3.4,221,Accounting & Auditing,Mumbai
Bajaj Markets,3.0,221,FinTech,Pune
Gleeds Consulting (India) Pvt. Ltd,4.2,221,Real Estate,Bengaluru
Texspin Bearings,4.0,221,Auto Components,Ahmedabad
SmartWorld Developers,3.9,221,Real Estate,Gurugram
Exponentia.ai,3.9,221,Emerging Technologies,Mumbai
UL Solutions,3.9,221,"Testing, Inspection and Certification (TIC)",Bengaluru
SAMCO Securities,3.9,221,Financial Services,Mumbai
Counsel India,4.3,220,EdTech,Noida
Bilt Graphic Paper Products,3.8,220,Pulp & Paper,Pune
TATA MEDICAL CENTER,3.8,220,Healthcare,Kolkata
Ubique Systems,4.1,220,Recruitment,Kolkata
Bilt Graphic Paper Products,3.8,220,Pulp & Paper,Pune
Elin Electronics,3.8,220,Ghaziabad +11 other locations,
Modern Automotives,4.2,220,Auto Components,Gurugram
Counsel India,4.3,220,EdTech,Noida
Jindal Worldwide,3.5,221,Fashion & Textile,Ahmedabad
Anlage Infotech,3.2,220,IT Services & Consulting,Bengaluru
U R Rao Satellite Centre,4.3,220,Bengaluru +18 other locations,
Cloud Analogy,3.8,221,IT Services & Consulting,Noida
Keolis Hyderabad Metro,4.0,220,Urban Transport,Hyderabad
BridgeLabz Solutions,3.2,220,EdTech,Mumbai
Chitkara University,4.1,220,Education & Training,Chandigarh
Tps Infrastructure,4.0,220,Industrial Machinery,Bhiwadi
Resonance Eduventures,3.7,220,EdTech,Kota
Antino,2.8,220,Emerging Technologies,Gurugram
Satyesh Brinechem,3.1,220,Chemicals,Bhuj
Croma Campus,3.2,220,Education & Training,Noida
Cogent,3.2,220,IT Services & Consulting,Bengaluru
Aarav Global Products & Services Private Limited,2.6,221,IT Services & Consulting,Mumbai
Beri Udyog,3.8,220,Industrial Machinery,Karnal
FAIRWAY ENTERPRISES,3.9,219,Leather,Krishnagiri
Tata Lockheed Martin Aerostructures,4.0,219,Defence & Aerospace,Hyderabad
Shangri-la Hotels & Resorts,4.3,219,Hospitality,New Delhi
Ajax Engineering,3.9,219,Engineering & Construction,Bengaluru
MAKEEN Energy,3.8,220,Oil & Gas,Hyderabad
MidasCare Pharmaceuticals,3.3,220,Pharma,Mumbai
Dr Mohan's Diabetes Specialities Centre,3.6,220,Healthcare,Chennai
Orchid Chemicals & Pharmaceuticals,4.1,219,Pharma,Chennai
Pothys,4.1,219,Fashion & Textile,Chennai
Groupe Lactalis,3.5,219,FMCG,Chennai
NMIMS,3.7,219,Education & Training,Mumbai
Brnd.Me,3.8,219,Internet,Bengaluru
Data Patterns,3.3,219,Defence & Aerospace,Chennai
Xplore-Tech Services,3.2,219,BPO,Kolkata
Tata Housing Development Company,4.3,219,Real Estate,Mumbai
Vidya Mandir Classes,3.3,219,EdTech,New Delhi
Khanna Paper Mills,3.8,219,Pulp & Paper,Amritsar
Kerakoll,4.2,219,Building Material,Vadodara
Pradan,3.7,219,Non-Profit,New Delhi
Indo National Limited (Nippo),4.2,219,FMCG,Chennai
Khanna Paper Mills,3.8,219,Pulp & Paper,Amritsar
Kerakoll,4.2,219,Building Material,Vadodara
Special Technical Services,4.1,219,Oil & Gas,Muscat
Pradan,3.7,219,Non-Profit,New Delhi
Indo National Limited (Nippo),4.2,219,FMCG,Chennai
Vidya Mandir Classes,3.3,219,EdTech,New Delhi
AGROCEL INDUSTRIES,4.3,219,Chemicals,Bhuj
Roulunds Braking,3.5,219,Auto Components,Sonipat
Bodal Chemicals,3.5,219,Chemicals,Vadodara
Milk Mantra Dairy,3.7,218,Food Processing,Bhubaneswar
KC Overseas Education,3.6,218,EdTech,Nagpur
REPUBLIC MEDIA NETWORK,3.6,222,Media & Entertainment,Noida
Chhatrapati Shivaji International Airport,3.5,218,Real Estate,Mumbai
MasterSoft ERP Solutions,3.6,219,Software Product,Nagpur
John Deere Financial,4.3,218,NBFC,Pune
Weatherford,3.4,218,Oil & Gas,Mumbai
Mold-Tek Technologies,3.2,218,IT Services & Consulting,Hyderabad
GENWORKS Health,3.1,218,Healthcare,Bengaluru
Futaba Industrial Gujarat,4.4,218,Auto Components,Ahmedabad
Sagitec Solutions,3.3,218,IT Services & Consulting,Pune
Sagitec Solutions,3.3,218,IT Services & Consulting,Pune
Deep Industries,3.5,218,Oil & Gas,Ahmedabad
PES Engineers,4.2,218,Engineering & Construction,Hyderabad
City Montessori School,3.5,218,Education & Training,Lucknow
Liebherr Appliances India,3.7,218,Industrial Machinery,Chhatrapati Sambhajinagar
Futaba Industrial Gujarat,4.4,218,Auto Components,Ahmedabad
Navigators Software,4.1,218,IT Services & Consulting,Kolkata
Upstox,3.4,218,FinTech,Mumbai
EagleBurgmann,4.2,218,Industrial Machinery,Pune
Network Intelligence India,3.1,218,Emerging Technologies,Mumbai
Turito,3.2,218,EdTech,Hyderabad
Akbar Travels,3.4,219,Travel & Tourism,Mumbai
Embassy Services,3.8,218,Facility Management Services,Bengaluru
Gates,3.0,219,Industrial Automation,Faridabad
LoansJagat.com,3.9,217,Financial Services,Noida
Girnar Care,3.4,217,BPO,Jaipur
Venus Home Appliances,4.2,217,Consumer Electronics & Appliances,Chennai
Saraca Solutions,4.1,217,IT Services & Consulting,Noida
Software AG,4.3,217,Software Product,Bengaluru
Faiveley Transport,4.0,218,Railways,Hosur
LoansJagat.com,3.9,217,Financial Services,Noida
N.K. Realtors,4.2,217,Real Estate,Kolkata
The Co-operative Bank,3.8,217,Banking,Bengaluru
Venus Home Appliances,4.2,217,Consumer Electronics & Appliances,Chennai
Apex Hospital,4.0,218,Healthcare,Jaipur
Saraca Solutions,4.1,217,IT Services & Consulting,Noida
Girnar Care,3.4,217,BPO,Jaipur
Prithvi Innerwears Private Limited,4.8,217,Fashion & Textile,Tiruppur
Smart Energy Water,2.6,217,IT Services & Consulting,Noida
Modicare,3.9,217,Beauty & Personal Care,New Delhi
Born Group,3.6,217,Marketing & Advertising,Chennai
Software AG,4.3,217,Software Product,Bengaluru
C DOT,3.8,217,Telecom,New Delhi
Parker Hannifin,3.7,217,Industrial Machinery,Chennai
Haldiram's Prabhuji,3.0,217,Hospitality,Kolkata
TransPerfect,3.1,217,Hardware & Networking,Pune
Liyaans Properties,4.8,217,Real Estate,Kolkata
Kopran,3.7,217,Pharma,Mumbai
Destek Infosolutions,4.2,217,IT Services & Consulting,Pune
Shivam Infocom,4.3,217,Telecom,New Delhi
Red FM 93.5,3.7,217,Broadcasting,New Delhi
iLink Digital,3.0,217,IT Services & Consulting,Chennai
CodSoft,3.8,217,New Delhi +39 other locations,
COWI,4.2,216,Engineering & Construction,Gurugram
HEPL - A Cavinkare Group Company,3.4,216,Recruitment,Cuddalore
KFA Consultant,1.3,216,Dubai +2 other locations,
Besant Technologies,3.7,216,Education & Training,Chennai
Cummins Generator Technologies,4.1,216,Industrial Machinery,Pune
NGK Spark Plugs,4.2,216,Auto Components,Bawal
BetterPlace Safety Solutions,3.3,216,IT Services & Consulting,Bengaluru
Paramatrix Technologies,3.8,216,Software Product,Mumbai
Eurofins Scientific,3.2,216,"Testing, Inspection and Certification (TIC)",Bengaluru
Infiiloom,3.1,216,Fashion & Textile,Pune
ARaymond,4.0,216,Auto Components,Pune
Oben Electric Vehicle,4.3,216,Automobile,Bengaluru
Mol Information Processing Services India,3.3,216,IT Services & Consulting,Kolkata
Mitsubishi Heavy Industries,4.2,216,Industrial Machinery,Mysuru
SBL,3.5,216,IT Services & Consulting,New Delhi
Sri Ramachandra Institute of Higher Education and Research,3.9,216,Education & Training,Chennai
Biostadt,4.2,216,Mumbai +58 other locations,
Pilot Industries,3.7,217,Metals & Mining,New Delhi
Biostadt,4.2,216,Mumbai +58 other locations,
Elofic Industries,4.0,216,Auto Components,Faridabad
SBL,3.5,216,IT Services & Consulting,New Delhi
Webasto Roofsystems India,4.0,216,Automobile,Pune
Sri Ramachandra Institute of Higher Education and Research,3.9,216,Education & Training,Chennai
Tci Freight,4.1,217,Logistics,Gurugram
SAS,4.3,216,IT Services & Consulting,Pune
Six Sigma Soft Solutions,3.5,216,IT Services & Consulting,Chennai
dsm-firmenich,4.1,216,Biotechnology,Mumbai
Netaxis IT Solutions,3.9,216,IT Services & Consulting,Chennai
Vinsum Axpress,3.5,216,Logistics,Gurugram
Ensure Support Services,4.4,215,IT Services & Consulting,Chennai
Altum Credo Home Finance,3.7,215,NBFC,Pune
Elsamex Maintenance Services,4.1,215,Facility Management Services,Ahmedabad
Vikas Money,4.8,216,NBFC,Palakkad
Zamil Air Conditioners,4.1,215,Consumer Electronics & Appliances,New Delhi
MiM-Essay,4.5,217,Education & Training,New Delhi
CallHealth,3.5,215,Healthcare,Hyderabad
ICA Pidilite,4.1,216,Furniture & Furnishing,Mumbai
Ksolves India Limited,2.8,216,IT Services & Consulting,Noida
Utkal Alumina International,4.3,215,Chemicals,Rayagada
University Living Accommodation,4.0,216,Internet,Noida
Jagran Prakashan,3.5,215,Printing & Publishing,New Delhi
NATIONAL SKILL DEVELOPMENT CORPORATION,3.4,215,Non-Profit,New Delhi
SCON Projects,4.4,215,Engineering & Construction,Pune
Army Medical Corps,4.8,215,Healthcare,New Delhi
Manohar Filaments,3.8,215,Fashion & Textile,New Delhi
Fulcrum Digital,3.5,215,IT Services & Consulting,Pune
ACT Plast Paints,3.9,215,Chemicals,Chennai
Tbea Energy,3.8,215,Electrical Equipment,Vadodara
Moody's,3.8,215,Analytics & KPO,Bengaluru
Emirates Airlines,3.9,215,Aviation,Mumbai
Hyundai Motor India Engineering,3.9,215,IT Services & Consulting,Hyderabad
Josh Talks,4.1,215,Broadcasting,Gurugram
Flyhomes,4.3,214,Internet,Noida
Ziff Davis Performance Marketing,3.6,214,Marketing & Advertising,Pune
Equentis Wealth Advisory Services,3.5,215,Financial Services,Mumbai
Blackbuck Insights,3.7,214,IT Services & Consulting,Bengaluru
Sapphire Infocom,4.7,214,IT Services & Consulting,Ahmedabad
Comcast India Engineering Center,3.7,214,Software Product,Chennai
Ziff Davis Performance Marketing,3.6,214,Marketing & Advertising,Pune
Equentis Wealth Advisory Services,3.5,215,Financial Services,Mumbai
Blackbuck Insights,3.7,214,IT Services & Consulting,Bengaluru
Zivame.com,3.6,214,Fashion & Textile,Bengaluru
IFB Automotive,3.8,214,Auto Components,Bengaluru
PagarBook,3.5,214,Software Product,Bengaluru
Horiba India,3.5,214,Industrial Machinery,New Delhi
Career Launcher,3.9,214,Education & Training,New Delhi
Bhutani Group,4.2,214,Real Estate,Noida
Gujarat Narmada Valley Fertilizers & Chemicals,4.2,214,Agro Chemicals,Bharuch
Fleet Management,4.0,214,Ports & Shipping,Mumbai
Malayala Manorama,3.6,214,Printing & Publishing,Kottayam
Alpha Design Technologies,3.7,214,Defence & Aerospace,Bengaluru
ACME Group,4.6,214,Internet,Gurugram
Srg Housing Finance,4.0,214,NBFC,Udaipur
Cordlife Sciences India,3.4,214,Pharma,Kolkata
Solugenix India Private Limited,3.2,214,IT Services & Consulting,Hyderabad
ITCube Solutions,3.0,214,IT Services & Consulting,Pune
Fernandez Hospital,4.4,214,Healthcare,Hyderabad
Srg Housing Finance,4.0,214,NBFC,Udaipur
Cordlife Sciences India,3.4,214,Pharma,Kolkata
Colorbar Cosmetics,4.1,214,Beauty & Personal Care,New Delhi
Emiza Supply Chain Services Private Limited,3.6,214,Logistics,Mumbai
TezTecch,4.8,219,IT Services & Consulting,Nagpur
Praxis home Retail,4.0,213,Retail,Mumbai
Rajesh Motors,3.8,213,Automobile,Jaipur
Marengo Asia Hospitals,4.0,213,Healthcare,Gurugram
Air India Express,3.2,213,Aviation,Gurugram
KP GROUP,4.2,216,Logistics,Surat
Evonith Steel,4.0,215,Iron & Steel,Wardha
Aditi Consulting,3.4,213,IT Services & Consulting,Bengaluru
Lingaya's Vidyapeeth,4.5,213,Education & Training,Faridabad
Marque Impex,3.9,213,Import & Export,Moradabad
Rishabh Instruments Limited,3.9,213,Electronics Manufacturing,Nashik
InSync Analytics,2.4,213,Analytics & KPO,Mumbai
Rajapushpa Properties,3.9,213,Real Estate,Hyderabad
Daffodil Software,3.7,214,IT Services & Consulting,Gurugram
IDMC,3.5,213,Industrial Machinery,Anand
Krishnapatnam Port,3.8,213,Ports & Shipping,Nellore
Koye Pharmaceuticals,3.1,213,Pharma,Mumbai
CENTRUM HOUSING FINANCE,4.0,213,Financial Services,Mumbai
Innovalance Learning Systems,3.2,213,EdTech,New Delhi
Bhima Gold,3.8,213,Jewellery,Bengaluru
CONTUS TECH,4.1,213,IT Services & Consulting,Chennai
International Certification Services,3.1,213,Other,Mumbai
Centrient Pharmaceuticals,3.7,213,Pharma,Chandigarh
Kazo Fashion,3.4,213,Fashion & Textile,New Delhi
Su-Kam Power Systems,3.5,213,Power,Gurugram
BTL EPC LTD,3.7,213,Industrial Machinery,Kolkata
Entertainment Network India,3.5,213,Media & Entertainment,Mumbai
Shirdi Sai Electricals,3.6,213,Power,Y.S.R. Kadapa
SMC Power Generation,3.7,213,Iron & Steel,Jharsuguda
AARGEE STAFFING SERVICES,3.7,212,Recruitment,Chennai
Edunet Foundation,4.0,213,Non-Profit,Bengaluru
ZKTeco Biometrics,3.0,212,Law Enforcement & Security,Bengaluru
Igarashi Motors,3.7,212,Auto Components,Chennai
India Post Payments Bank,4.3,213,Government,New Delhi
Tech Mahindra Foundation,3.9,212,Non-Profit,New Delhi
Parijat Industries (India),4.1,213,Chemicals,New Delhi
Shriram Fortune Solutions,3.5,212,Financial Services,Gurugram
Ayesa,3.9,212,IT Services & Consulting,New Delhi
Teleone,3.7,212,Internet,New Delhi
TechMojo Solutions,3.9,212,IT Services & Consulting,Hyderabad
Vinculum Solutions,2.2,212,IT Services & Consulting,Noida
Heads Up For Tails,3.4,212,Retail,Gurugram
MSC Technology India,3.9,212,IT Services & Consulting,Chennai
Gensol Engineering,3.7,212,Power,Ahmedabad
Vishay Components,4.0,212,Electronics Manufacturing,Pune
ePack Durables Solutions,3.5,212,Electronics Manufacturing,Noida
Philip Morris International,4.2,213,FMCG,New Delhi
Hidesign,2.9,212,Retail,Puducherry
Orthosquare Dental Clinic,4.5,212,Healthcare,Mumbai
EMCO,3.7,212,Power,Mumbai
Govt. Medical College,4.1,212,Education & Training,Chandigarh
Masu Brakes,3.3,212,Auto Components,Bahadurgarh
AmpleLogic,4.1,212,Software Product,Hyderabad
Zen Technologies,4.0,212,Defence & Aerospace,Hyderabad
Wanbury,3.4,212,Pharma,Mumbai
Network Techlab,3.7,212,Hardware & Networking,Mumbai
Sakarni Plaster,4.4,212,Building Material,New Delhi
SkillVertex,3.3,212,EdTech,Bengaluru
TechStar Group,4.1,212,IT Services & Consulting,Hyderabad
DTC Projects,3.7,212,Real Estate,Kolkata
Janatics India,4.0,212,Industrial Automation,Coimbatore
Appsierra,4.4,212,IT Services & Consulting,Noida
Svasti Microfinance,4.0,212,Financial Services,Mumbai
JSW Severfield Structures,3.8,212,Engineering & Construction,Ballari
Gulbrandsen,4.1,211,Chemicals,Vadodara
Tata Asset Management Private Limited,3.7,211,Financial Services,Mumbai
Vedika Credit Capital,3.4,211,NBFC,Ranchi
Valethi Technologies,3.1,211,Analytics & KPO,Nagpur
Sterling Talent Solutions,3.7,211,Internet,Mumbai
Country Inns & Suites,4.1,211,Hospitality,New Delhi
Oasis Infobyte,4.1,211,IT Services & Consulting,Pune
Country Club India,3.2,211,Hospitality,Hyderabad
Supreme Treon,3.9,211,Auto Components,Pune
LRS Services Pvt Ltd,4.0,211,IT Services & Consulting,Noida
Crossword Bookstores,3.6,212,Retail,Pune
Orange Health Labs,4.0,211,Healthcare,Bengaluru
Valethi Technologies,3.1,211,Analytics & KPO,Nagpur
SmartStream Technologies,3.2,211,IT Services & Consulting,Bengaluru
Radhakrishna Foodland,3.7,211,Logistics,Mumbai
PP Rolling Mills,3.6,211,Industrial Machinery,Faridabad
KayBee Bio Organics,3.7,211,Agro Chemicals,Pune
Globus Spirits,3.8,211,Beverage,New Delhi
Nippon Data Systems,3.4,211,IT Services & Consulting,New Delhi
Autoline Industries,3.5,211,Auto Components,Pune
Sapphire Software Solutions (India),4.4,211,IT Services & Consulting,Ahmedabad
Enmas O & M Services,4.1,211,Oil & Gas,Chennai
ACUTAAS CHEMICALS LIMITED,3.8,211,Pharma,Surat
Primary Health Centre,4.2,211,Healthcare,Bengaluru
Amphenol Fci,3.7,211,Electrical Equipment,Bengaluru
Mantra Softech,3.6,211,IT Services & Consulting,Ahmedabad
ICE Data Services,3.2,211,Financial Services,Hyderabad
Skandhanshi Infra Projects,4.3,212,Real Estate,Kurnool
Geo Chem Laboratories,3.7,210,Industrial Machinery,Mumbai
Hyundai Engineering,3.9,210,Engineering & Construction,Chennai
Sri Gopikrishna Infrastructure,3.8,210,Engineering & Construction,Hyderabad
Andhra Pradesh State Skill Development Corporation,3.8,210,Non-Profit,Vijayawada
Pacific Development Corporation Limited (Pacific Group),3.6,210,Real Estate,New Delhi
Pradhan Mantri Kaushal Vikas Yojana,4.1,210,Education & Training,New Delhi
Brainium Information Technologies,3.7,210,IT Services & Consulting,Kolkata
Axio,3.8,210,Financial Services,Bengaluru
Development Consultants,3.3,210,IT Services & Consulting,Kolkata
Kh Exports,3.9,211,Import & Export,Chennai
Crimson Interactive,2.5,210,Content Development,Mumbai
Simplify Healthcare,2.5,210,Software Product,Pune
Petronas Lubricants,3.3,210,Petrochemicals,Mumbai
Ichhapurti.com,2.4,210,Software Product,Gurugram
Lokesh Machines,3.8,210,Industrial Machinery,Hyderabad
BajajSons,3.6,210,Automobile,Ludhiana
Wardwizard Innovations & Mobility,3.2,210,Automobile,Vadodara
OptimHire,3.7,210,Internet,Hyderabad
Alghanim International,4.1,210,Engineering & Construction,Kuwait City
Lumiq,3.6,210,IT Services & Consulting,Noida
Sahajanand Laser Technology,3.0,210,Industrial Machinery,Gandhinagar
WinWire,3.2,210,IT Services & Consulting,Hyderabad
Jay Ushin,3.9,210,Auto Components,Gurugram
Precision Camshafts,3.1,210,Auto Components,Solapur
Precision Camshafts,3.1,210,Auto Components,Solapur
Ways2excel,4.5,209,EdTech,Kolkata
Carzonrent,3.3,210,Travel & Tourism,New Delhi
ASP OL Media,3.9,210,Marketing & Advertising,Pune
Transaction Solutions International (India) Pvt Ltd,3.8,209,Financial Services,Pune
Ludhiana Beverages,3.9,209,Beverage,Ludhiana
Bharat Broadband Network,3.9,209,Telecom,New Delhi
UFO Moviez,3.1,209,Hospitality,Mumbai
Stats Perform,3.3,209,Sports & Recreation,Chennai
IIMT Group of Colleges,4.0,210,Education & Training,Greater Noida
MKU,3.2,212,Defence & Aerospace,Kanpur
ZunRoof Tech,3.6,209,Power,Gurugram
Sakura Autoparts,3.7,209,Auto Components,Chennai
Emirates Flight Catering,4.4,209,Hospitality,Dubai
AISATS,3.5,209,Aviation,New Delhi
Embio,4.0,209,Pharma,Mahad
Vegrow,3.7,209,Internet,Bengaluru
CBSI,3.3,209,Recruitment,Bengaluru
Techmagnate,4.3,209,Marketing & Advertising,New Delhi
KDK Software,2.8,209,Software Product,Jaipur
KDK Software,2.8,209,Software Product,Jaipur
CBSI,3.3,209,Recruitment,Bengaluru
Vnr Seeds,3.9,209,Agriculture,Raipur
Tresor Systems,3.7,209,Retail,New Delhi
Fare Labs,2.4,209,Analytics & KPO,Gurugram
Kama Ayurveda,4.0,209,Beauty & Personal Care,New Delhi
Brainware University,2.7,208,Education & Training,Kolkata
St Regis,4.1,208,Hospitality,Mumbai
Taikisha Engineering India,3.9,208,Industrial Machinery,Pune
Prime Focus,3.9,208,Animation & VFX,Mumbai
SACHA Engineering,3.2,208,IT Services & Consulting,Chennai
Siemens PLM Software,4.0,210,Industrial Automation,Pune
Orange Retail Finance,3.9,208,Financial Services,Chennai
VIS Networks,3.7,208,Telecom,Bengaluru
UTI Asset Management Company,3.8,208,Financial Services,Mumbai
Nisum,2.8,208,IT Services & Consulting,Hyderabad
Yashi Consulting Services,3.4,208,IT Services & Consulting,Gurugram
S.S. Kothari Mehta & Co,3.5,208,Accounting & Auditing,New Delhi
Barbrik Project Limited (PRA Group),3.5,208,Engineering & Construction,Raipur
One Point Solutions,3.3,208,Bengaluru +14 other locations,
Barbrik Project Limited (PRA Group),3.5,208,Engineering & Construction,Raipur
One Point Solutions,3.3,208,Bengaluru +14 other locations,
Flender,3.7,208,Industrial Machinery,Chennai
Pin Click,3.0,208,Real Estate,Bengaluru
Ganesh Grains,3.2,208,FMCG,Kolkata
Schreiber Dynamix Dairies,3.9,208,Electronics Manufacturing,Pune
Ashv Finance,4.1,209,NBFC,Mumbai
Jabsons Foods,4.0,207,Food Processing,Bharuch
Hi Tech Informatics,3.5,207,IT Services & Consulting,Mumbai
NCR Atleos,3.8,210,Banking,Mumbai
Ohmium,3.3,207,Power,Bengaluru
Vijay Tanks & Vessels,4.1,208,Engineering & Construction,Vadodara
Skypro Technologies,3.3,207,IT Services & Consulting,Bengaluru
eligarf Technologies,3.8,207,Emerging Technologies,Pune
SILA Group (India),3.6,207,Internet,Mumbai
Anglo-Eastern Ship Management,4.1,207,Ports & Shipping,Mumbai
Tata Passenger Electric Mobility,4.1,208,Automobile,Ahmedabad
Logicon Facility Management,3.3,207,Facility Management Services,Pune
World Health Organization,4.1,207,Government,New Delhi
alliantgroup,2.3,207,Management Consulting,Hyderabad
MeritNation,3.2,207,EdTech,New Delhi
Expeditors International,3.6,207,Logistics,Chennai
Three D Integrated Solutions Ltd,3.2,207,Aviation,Gurugram
Creative Group,4.3,207,Architecture & Interior Design,New Delhi
Gokul Agro Resources,3.7,207,FMCG,Gandhidham
Hospet Steels,3.7,207,Iron & Steel,Hosapete
IDBI Capital,3.7,207,Financial Services,Mumbai
Getix Health,3.7,207,Analytics & KPO,Bengaluru
Maharaja Agrasen Hospital,3.8,206,Healthcare,New Delhi
Mukand Sumi Special Steel,3.8,206,Iron & Steel,Hosapete
Kirloskar Technologies,4.1,206,Medical Equipment,Jaipur
Shopclues,3.2,206,Internet,Gurugram
AccSource KPO,3.1,207,Accounting & Auditing,Chennai
Biorad Medisys,3.7,206,Healthcare,Pune
DNEG CREATIVE SERVICES,3.0,206,Animation & VFX,Mumbai
Aress Software and Education Technologies,2.5,206,IT Services & Consulting,Nashik
Samkwang India Electronic,3.4,206,Electronics Manufacturing,Greater Noida
Wingreens Farms,4.1,206,FMCG,Gurugram
Colan Infotech,4.1,206,IT Services & Consulting,Chennai
Hgs Services,3.8,206,Analytics & KPO,Bengaluru
Moneyboxx Finance,3.6,206,NBFC,Mumbai
Manitou Equipment India,4.1,206,Industrial Machinery,Greater Noida
Quest Diagnostics,4.5,207,Healthcare,Hyderabad
IRIS KPO Resourcing,3.9,206,Analytics & KPO,Chennai
Prasol Chemicals,3.3,206,Chemicals,Mumbai
Vrinsoft Technology,4.6,206,IT Services & Consulting,Ahmedabad
Luthra Group Company,4.0,206,Waste Management,Surat
Beyond Key,4.2,206,IT Services & Consulting,Indore
Eshopbox Ecommerce,2.9,206,Internet,Gurugram
Infojini,2.8,206,IT Services & Consulting,Mumbai
Wings Biotech,2.9,206,Pharma,New Delhi
Fisdom,3.2,205,Financial Services,Bengaluru
A3logics,3.3,205,IT Services & Consulting,Jaipur
Corient Business Solutions,3.3,205,Accounting & Auditing,Mumbai
DE Shaw,3.6,205,Financial Services,Hyderabad
Grass Roots Research & Creation,4.7,205,Analytics & KPO,New Delhi
S.c Johnson Products,3.9,205,FMCG,Gurugram
Sigma Freudenberg NOK,4.1,205,Auto Components,Chennai
India Pesticides,4.0,206,Agro Chemicals,Lucknow
Ruby General Hospital,3.3,205,Healthcare,Kolkata
Rexel,3.4,205,Industrial Automation,Pune
Jasmin Infotech,3.9,205,Software Product,Chennai
Colruyt Group,3.7,205,IT Services & Consulting,Hyderabad
Beckman Coulter,3.4,205,Medical Equipment,Bengaluru
Mashreq Bank,3.1,205,Banking,Bengaluru
Hero Future Energies,4.1,206,Power,New Delhi
Talentica Software,3.8,205,IT Services & Consulting,Pune
Mfine,3.4,205,Internet,Bengaluru
Rama University,3.4,205,Education & Training,Kanpur
In2IT Technologies,3.0,205,IT Services & Consulting,Noida
Ramoji Film City,4.2,205,Events,Hyderabad
SEW Eurodrive india,4.2,205,Industrial Automation,Vadodara
Roha Housing Finance,3.4,205,Financial Services,New Delhi
Sleepwell,4.0,205,Furniture & Furnishing,New Delhi
Tripjack,3.9,206,Travel & Tourism,Mumbai
SSEM,3.4,204,Industrial Machinery,Riyadh
AB Mauri India,3.7,204,Food Processing,Bengaluru
HIVELOOP LOGISTICS,4.2,204,Bengaluru +69 other locations,
Clarion Technologies,4.0,204,IT Services & Consulting,Pune
Alp Nishikawa,3.9,204,Auto Components,Gurugram
Odisha Power Generation Corporation,3.8,205,Oil & Gas,Jharsuguda
HomeBazaar.com,3.6,205,Real Estate,Mumbai
Gulf Spic General Trading & Contracting Company,3.6,204,Engineering & Construction,Chennai
Tokai Imperial Rubber India,3.9,204,Industrial Machinery,Faridabad
Pie Infocomm,4.6,204,IT Services & Consulting,Lucknow
Sendan International Co,2.2,204,Engineering & Construction,Al Jubail
TomTom,3.7,204,IT Services & Consulting,Pune
BPO+,4.4,204,BPO,New Delhi
Gulf Asia Contracting,3.3,204,Engineering & Construction,Chennai
Black & Veatch,4.1,204,Engineering & Construction,Mumbai
Apps Associates,3.4,204,IT Services & Consulting,Hyderabad
Nutanix,3.4,204,Software Product,Bengaluru
Orbit Techsol,3.6,204,IT Services & Consulting,New Delhi
Mazars,3.0,204,Accounting & Auditing,Gurugram
Roots Multiclean,3.6,204,Industrial Machinery,Coimbatore
Dhampur Sugar Mills,3.9,204,Agro Chemicals,New Delhi
Samsung Semiconductor,3.1,204,Semiconductors,Bengaluru
China State Construction Engineering Corporation,3.9,204,Engineering & Construction,New Delhi
Al Ahleia Switchgear,3.6,204,Industrial Machinery,Chennai
The Cosmos Co-operative Bank,3.5,204,Banking,Pune
Woodrock Infotech Private Limited,2.9,204,BPO,Kolkata
The Souled Store,3.2,203,Fashion & Textile,Mumbai
Mervice Infotech,3.5,203,BPO,Kolkata
NullClass,3.5,203,Bengaluru +25 other locations,
Manika Plastech Private Limited,3.7,204,Building Material,Dehradun
Symphoni HR,3.9,203,Recruitment,Mumbai
Dollar Industries,3.6,203,Fashion & Textile,Kolkata
Arvind Techno Engineers,4.0,203,Engineering & Construction,New Delhi
Japfa Comfeed India Private Limited,3.9,205,Agriculture,Pune
Peps Industries,4.1,203,Furniture & Furnishing,Coimbatore
RJ Corp,4.1,203,Retail,Gurugram
Puthur Infotech,3.6,203,IT Services & Consulting,Bengaluru
Redington Group,3.9,203,IT Services & Consulting,Chennai
Integrated Resources,3.9,203,Recruitment,Gurugram
YouTube,4.6,203,Internet,New Delhi
House Of Diagnostics,4.1,203,Healthcare,New Delhi
Thejo Engineering,4.1,203,Engineering & Construction,Chennai
Oswal Castings,3.8,203,Metals & Mining,Faridabad
Ushodaya Enterprises,4.0,203,FMCG,Hyderabad
Margadarsi Chit Fund,3.6,203,Financial Services,Hyderabad
Exeltis,4.1,203,Pharma,Mumbai
Bhansali Engineering Polymers,3.1,203,Petrochemicals,Abu Road
TekisHub Consulting Services,3.6,203,IT Services & Consulting,Hyderabad
HOLITECH INDIA,4.1,202,Electronics Manufacturing,Greater Noida
Innovel Energy Services,3.8,205,Power,Kolkata
JNET Technologies,3.6,202,IT Services & Consulting,Hyderabad
MBL Infrastructure Limited,3.9,202,Engineering & Construction,New Delhi
Godrej Tyson Food,4.0,202,Food Processing,Mumbai
Timex Group India,4.0,202,Metals & Mining,Noida
OEN India,4.1,202,Auto Components,Pune
DGS Technical Services,3.1,202,Design,Bengaluru
Aptia,2.6,202,IT Services & Consulting,Mumbai
Kifs Housing Finance,3.6,202,Financial Services,Mumbai
Hoonartek,3.5,202,IT Services & Consulting,Pune
Tm Automotive Seating Systems,,,Auto Components,Pune
TNT Express,4.0,202,Logistics,Mumbai
Eagle Infra,4.0,202,Engineering & Construction,Mumbai
CRB Tech Solution,3.7,202,EdTech,Pune
Prem Henna,3.3,202,Beauty & Personal Care,Indore
Indobevs,3.9,202,Beverage,New Delhi
MBL Infrastructure Limited,3.9,202,Engineering & Construction,New Delhi
Cosmos Impex,4.1,202,Industrial Machinery,Vadodara
CDM Smith,3.5,202,Engineering & Construction,Bengaluru
Repro India,3.1,202,FMCG,Mumbai
Hotel Parle International,3.8,202,Hospitality,Mumbai
Apache Footwear,3.5,202,Fashion & Textile,Nellore
Acma Computers,3.3,202,IT Services & Consulting,Mumbai
Vensure Employer Services,3.8,202,IT Services & Consulting,Noida
ReGen Powertech,3.7,202,Power,Chennai
IILM,4.0,202,Education & Training,Greater Noida
Energy Efficiency Services,3.7,202,Power,New Delhi
EDR Continuous Information,2.9,202,IT Services & Consulting,Chennai
Springbord Systems,4.1,202,IT Services & Consulting,Chennai
rebootXP,2.9,202,Management Consulting,Noida
Zenoti,2.5,202,IT Services & Consulting,Hyderabad
SCIO Management Solutions,4.4,202,BPO,Chennai
Biophore India Pharmaceuticals,3.4,202,Pharma,Hyderabad
Gennova Biopharmaceuticals,4.2,202,Pharma,Pune
Apis India Limited,3.6,203,Food Processing,New Delhi
S.R.Batliboi & Co.,3.0,202,Accounting & Auditing,Gurugram
Jubilant Motorworks,3.9,202,Automobile,Bengaluru
Avis,3.5,202,Travel & Tourism,Gurugram
UST BlueConch Technologies,3.6,201,Software Product,Pune
B2x Service Solutions,3.9,201,BPO,Mumbai
Prologic Web Solutions,3.9,201,IT Services & Consulting,Noida
Exel Rubber,4.0,201,Petrochemicals,Hyderabad
Crescon Projects & Services,3.5,203,Engineering & Construction,Chennai
Hy Gro Chemicals Pharmtek,3.9,201,Pharma,Hyderabad
Dalmia-OCL,3.8,202,Building Material,Rourkela
Praxair,4.1,201,Chemicals,Bengaluru
Ducat,3.6,201,Education & Training,Noida
Paytm Money,3.0,201,FinTech,Bengaluru
Jagran New Media,3.1,201,Internet,Noida
IG Petrochemicals,3.3,202,Chemicals,Mumbai
Windsor Machines,4.0,201,Industrial Machinery,Ahmedabad
FACE Prep,4.0,201,Coimbatore +15 other locations,
Sahyadri Industries,3.6,202,Building Material,Pune
Muthoot Mercantile,3.2,201,NBFC,Thiruvananthapuram
SVN SYSTECH INDIA,3.3,201,IT Services & Consulting,Mumbai
insightsoftware,3.6,201,Software Product,Hyderabad
Sahyadri Industries,3.6,202,Building Material,Pune
Lakme Salon,3.8,201,Beauty & Personal Care,Mumbai
Karam Safety,4.3,201,Industrial Machinery,Lucknow
Bygging India,3.9,201,Engineering & Construction,New Delhi
Ascendum KPS,3.6,201,IT Services & Consulting,Ahmedabad
Axalta Coating Systems,4.0,201,Chemicals,Vadodara
Rudrabhishek Enterprises,3.1,201,Urban Transport,Noida
Extentia Information Technology,3.4,201,IT Services & Consulting,Pune
Godrej Appliances,3.8,201,Consumer Electronics & Appliances,Pune
Marathon Electric India,3.6,201,Electrical Equipment,Faridabad
Maharishi Markandeshwar University,3.6,201,Education & Training,Ambala
Dayal Fertilizers,3.7,200,Agro Chemicals,Meerut
Medecins Sans Frontieres,4.4,200,Non-Profit,Mumbai
M&G India,3.4,200,Financial Services,Mumbai
Della Group,4.4,200,Architecture & Interior Design,Mumbai
DigiCall Teleservices,4.0,200,Telecom,Noida
Avaali Solutions,4.4,200,IT Services & Consulting,Bengaluru
Doubletree By Hilton,3.9,200,Hospitality,Gurugram
Kriya NextWealth,3.6,202,Chittoor +9 other locations,
Sanmar Group,3.5,200,Chemicals,Chennai
Della Group,4.4,200,Architecture & Interior Design,Mumbai
Medecins Sans Frontieres,4.4,200,Non-Profit,Mumbai
Zentiva,4.2,201,Pharma,Ankleshwar
Ester Industries,3.9,200,Petrochemicals,Khatima
Fabtech Projects & Engineers,4.0,200,Engineering & Construction,Pune
TVS Automobiles Solutions,3.5,200,Chennai +37 other locations,
Bureau of Indian Standards,4.0,200,Government,New Delhi
Target Publications,4.0,200,Printing & Publishing,Mumbai
Nipro India Corporation,3.3,200,Healthcare,Pune
Manikaran Power Limited,3.6,200,Power,New Delhi
Ministry of Home Affairs,4.1,200,Government,New Delhi
Kalyan Toll Infrastructure,4.2,200,Engineering & Construction,Indore
Cholayil Private Limited,4.1,200,FMCG,Chennai
Tropilite Foods,3.5,200,Food Processing,Gwalior
Royal Cyber,3.3,200,IT Services & Consulting,Bengaluru
Krishi Rasayan Exports,3.9,200,Import & Export,Ankleshwar
Mitsubishi Power India,4.4,200,Industrial Machinery,Bengaluru
Tirupati Medicare,4.4,200,Pharma,Paonta Sahib
Saudi Electricity Company,4.2,200,Power,Riyadh
GEETANJALI HOMESTATE,3.7,199,Real Estate,Gurugram
MSV International,3.9,200,Engineering & Construction,Gurugram
Green Gene Enviro Protection And Infrastructure,3.7,200,Waste Management,Faridabad
Burger Singh,3.6,201,Hospitality,New Delhi
Lakshmi Life Sciences,3.9,199,Industrial Automation,Coimbatore
Volksoft Technologies,4.3,199,Software Product,Hyderabad
Raksha TPA,4.1,199,Insurance,Faridabad
GKC Projects,4.6,199,Engineering & Construction,Hyderabad
Canvera,3.7,199,Printing & Publishing,Bengaluru
Kent,3.4,200,Financial Services,Noida
Astec LifeSciences,3.8,199,Agro Chemicals,Mahad
Cadsys,3.4,199,IT Services & Consulting,Hyderabad
Masters' Union School of Business,3.2,199,EdTech,Gurugram
Osam Dairy,3.9,199,Agriculture,Ranchi
VDart,4.0,199,IT Services & Consulting,Tiruchirappalli
AXIS Solutions,3.4,199,Industrial Automation,Hyderabad
Competition Team Technology,3.6,199,Electronics Manufacturing,Chennai
DS-MAX Properties,3.7,199,Real Estate,Bengaluru
DAIMLER TRUCKS ASIA,3.8,199,Chennai +18 other locations,
CETPA InfoTech,3.3,199,IT Services & Consulting,Noida
CIMS Hospital,4.2,199,Healthcare,Ahmedabad
INOXCVA,3.3,199,Engineering & Construction,Vadodara
Capricorn Logistics,3.6,199,Logistics,Mumbai
Clean Science And Technology,3.5,199,Chemicals,Pune
Vardhman Special Steels,4.0,199,Iron & Steel,Ludhiana
Ambuja Cement Foundation,3.8,199,Non-Profit,Jaipur
Indel Money,4.0,199,NBFC,Kochi
Blue Rose Technologies,4.1,199,IT Services & Consulting,Bengaluru
OnMobile Global,3.5,199,Telecom,Bengaluru
Sims Hospital,3.7,199,Healthcare,Chennai
Object Technology Solutions,3.7,199,IT Services & Consulting,Hyderabad
Enrich Hair And Skin Solutions,3.7,199,Beauty & Personal Care,Mumbai
Loconav,3.1,198,Software Product,Gurugram
Aeon Credit Service,3.5,198,Financial Services,Mumbai
Caretel Infotech,3.5,198,Analytics & KPO,New Delhi
Overseas Health Care,3.2,198,Pharma,Phillaur
Delhi World Public School,3.7,199,Education & Training,Kolkata
SOS Children's Village,3.4,198,Non-Profit,New Delhi
Frontizo Business Services,3.6,198,BPO,Chandigarh
Appsquadz Software,4.0,198,IT Services & Consulting,Noida
Shemaroo Entertainment,3.1,198,Media & Entertainment,Mumbai
Lubrizol Corporation,4.0,198,Chemicals,Mumbai
Shipco It,3.5,198,IT Services & Consulting,Pune
J Mitra And Co,3.7,198,Medical Equipment,New Delhi
Tata Main Hospital,3.7,198,Healthcare,Jamshedpur
Cyntexa,4.1,198,IT Services & Consulting,Jaipur
IIHT,3.6,198,Education & Training,Bengaluru
SFC Solutions India,3.5,198,Automobile,Chennai
NRP Projects,4.1,198,Engineering & Construction,Chennai
Maahi Milk Producer Company,4.2,198,Food Processing,Rajkot
Rimini Street,4.0,198,IT Services & Consulting,Hyderabad
PS Group,3.7,198,Real Estate,Kolkata
Vision IAS,2.1,198,Education & Training,New Delhi
Kohler Power,3.8,198,Power,Pune
EKA Mobility,3.4,199,Automobile,Pune
Accord Synergy,3.3,198,Hardware & Networking,Vadodara
Ciklum,3.6,197,IT Services & Consulting,Pune
Cex Webuy Entertainment,3.3,197,Retail,Mumbai
ILJIN AUTOMOTIVE,3.8,199,Automobile,Chennai
Mangalam Landmarks,4.8,197,Real Estate,Pune
HeyCoach,3.8,197,Education & Training,Bengaluru
Mangalam Landmarks,4.8,197,Real Estate,Pune
HeyCoach,3.8,197,Education & Training,Bengaluru
ILJIN AUTOMOTIVE,3.8,199,Automobile,Chennai
Accord Synergy,3.3,198,Hardware & Networking,Vadodara
Anu Industries,3.4,197,Packaging,Gurugram
Soch Apparels,4.4,197,Fashion & Textile,Bengaluru
Monocept,3.2,197,Software Product,Hyderabad
Emirates NBD,3.0,197,Banking,Bengaluru
Elsevier,3.8,197,Printing & Publishing,Bengaluru
Shakti Hormann,3.6,197,Building Material,Hyderabad
OASYS Tech Solutions,3.7,197,IT Services & Consulting,Bhubaneswar
Bullmen Realty,3.1,197,Real Estate,Noida
Tecumseh Products,3.3,197,Industrial Machinery,Faridabad
NSL Textiles,3.9,197,Fashion & Textile,Guntur
DB Engineering & Consulting,4.2,197,Engineering & Construction,Bengaluru
Sequretek It Solutions,3.4,197,Emerging Technologies,Mumbai
The House of Abhinandan Lodha,3.1,197,Real Estate,Mumbai
Jehangir Hospital,3.8,197,Healthcare,Pune
Triveni Almirah,4.0,197,Furniture & Furnishing,Noida
Transcom India,2.3,198,BPO,Gurugram
Meritto,3.4,196,Internet,Gurugram
BGD Tech PVT LTD,4.4,196,IT Services & Consulting,Bengaluru
R-Logic Technology Services,3.9,196,IT Services & Consulting,Bengaluru
RLabs Enterprise Services,3.0,196,Recruitment,Bengaluru
Txd (india) Technology,4.0,196,Electronics Manufacturing,Rewari
Jayanita Exports,3.4,196,Furniture & Furnishing,Greater Noida
Vestian Global Workplace Services,3.4,196,Real Estate,Bengaluru
Food Corporation of India,4.1,196,Government,New Delhi
Vertafore,3.9,196,IT Services & Consulting,Hyderabad
DST Worldwide Services,4.2,196,Hyderabad +6 other locations,
Eglo India,3.2,196,Consumer Electronics & Appliances,Bawal
HLE Glascoat,3.0,196,Industrial Machinery,Anand
Vandana Global,2.9,196,Iron & Steel,Raipur
E Pack Polymers,3.8,196,Packaging,Greater Noida
Kayjay Forging,3.7,196,Auto Components,Ludhiana
Zeon Lifesciences Ltd.,4.0,196,Fitness & Wellness,Paonta Sahib
Illusion Dental Laboratory,3.4,196,Medical Equipment,Mumbai
Epson,4.3,196,IT Services & Consulting,Bengaluru
Laxmi Remote India,3.5,196,Pharma,Noida
CivilMantra Infracon Private Limited,3.7,196,Engineering & Construction,Gurugram
Bharat Oman Refineries,3.3,195,Oil & Gas,Bina
Toto India Industries,3.7,195,Building Material,Vadodara
Green Park Hotels,4.1,195,Hospitality,Hyderabad
Monomark Engineering,4.0,195,Engineering & Construction,Chittorgarh
Go Speedy Go,4.5,195,Automobile,Bhubaneswar
Lohum Cleantech,3.5,195,Semiconductors,Greater Noida
Danblock Brakes,3.9,195,Industrial Machinery,Sonipat
Salasar Techno Engineering,4.0,196,Iron & Steel,Ghaziabad
Zen3 Info Solutions,4.0,195,IT Services & Consulting,Hyderabad
CTR Manufacturing Industries,3.5,195,Industrial Machinery,Pune
Walker Chandiok & Co,3.0,195,Accounting & Auditing,Mumbai
Privi Speciality Chemicals,3.9,195,Chemicals,Mahad
Neosym Industry,3.9,195,Auto Components,Pune
BookMyShow,3.7,195,Internet,Mumbai
Value Rcm Solutions,4.1,195,Analytics & KPO,Kolkata
Krystal Integrated Services Limited,3.9,195,Facility Management Services,Mumbai
Givaudan,4.1,195,Beauty & Personal Care,Pune
Sun Direct TV,3.8,195,Telecom,Chennai
Iron Systems,3.3,195,Hardware & Networking,Noida
Modern Business Solutions,3.7,195,Recruitment,Bengaluru
Saatvik Green Energy,3.9,195,Power,Ambala
Epitome Components,3.3,195,Electrical Equipment,Ahilyanagar
Marolix Technology Solutions,2.9,195,IT Services & Consulting,Hyderabad
Sun Direct TV,3.8,195,Telecom,Chennai
Fermenta Biotech,4.3,195,Biotechnology,Bharuch
Modern Business Solutions,3.7,195,Recruitment,Bengaluru
Hi-Tech,3.6,195,Education & Training,New Delhi
Godavari Krishna Co-operative Society,4.7,195,Financial Services,Vijayawada
Anion Healthcare Services,4.0,195,Healthcare,Hyderabad
Service Master Clean,3.8,194,Facility Management Services,New Delhi
The Chennai Silks,3.5,195,Fashion & Textile,Coimbatore
Tonglit Autogistic,3.6,194,Logistics,Chennai
Paisalo Digital,3.5,196,NBFC,New Delhi
Cerium Systems,2.9,194,IT Services & Consulting,Bengaluru
i-Source Infosystems,3.7,194,IT Services & Consulting,Pune
Tata Institute of Social Sciences,4.3,194,Education & Training,Mumbai
DSM Infocom,2.5,194,IT Services & Consulting,Mumbai
Starworth Infrastructure Construction,3.5,194,Engineering & Construction,Bengaluru
Timezone Entertainment,3.4,194,Events,Mumbai
Paranjape Schemes (Construction) Limited,3.2,195,Real Estate,Pune
Affine,3.2,194,IT Services & Consulting,Bengaluru
AlgoShack,4.2,194,Software Product,Bengaluru
Inteva Products,3.6,194,Auto Components,Bengaluru
Kyb Motorcycle Suspension,3.8,194,Industrial Machinery,Chennai
Primus Techsystems,3.4,194,IT Services & Consulting,Pune
Stedman Pharmaceuticals,4.1,194,Pharma,Chennai
Bharti Airtel Foundation,3.8,194,Non-Profit,Gurugram
NexTurn,3.8,195,IT Services & Consulting,Hyderabad
Gateway Group of Companies,2.6,194,IT Services & Consulting,Ahmedabad
Apollo Telehealth Services,3.9,194,Healthcare,Hyderabad
Pegasus InfoCorp,2.5,194,IT Services & Consulting,Mumbai
Ginni Filaments,3.7,194,Fashion & Textile,Noida
Invenio Business Solutions,3.4,194,IT Services & Consulting,Hyderabad
Afflatus Gravures,3.7,194,Printing & Publishing,Noida
Capline Services,3.9,194,Healthcare,Noida
Param Renewable Energy,3.8,194,Power,Bengaluru
DevTown,3.7,193,Education & Training,Bengaluru
Dmi Housing Finance,4.1,193,Financial Services,New Delhi
NMTronics India Private Limited,3.1,193,Electronics Manufacturing,Noida
Nabard Consultancy Services,3.5,193,Management Consulting,New Delhi
Government of Bihar,3.5,194,Government,Patna
Vivimed Labs,3.3,193,Chemicals,Hyderabad
Al-Futtaim Group,3.8,193,Retail,Dubai
Merkle Sokrati,3.7,193,Marketing & Advertising,Pune
Mobile Premier League,3.8,193,Gaming,Bengaluru
HPM Chemicals & Fertilizers,4.1,193,Agro Chemicals,New Delhi
Four Seasons Hotel,3.9,193,Hospitality,Mumbai
Sheth Creators,3.2,193,Real Estate,Mumbai
Minda Stoneridge Instruments,3.1,193,Auto Components,Pune
Mitsuba,3.8,193,Auto Components,Gurugram
Ecolab Digital Center,3.3,193,Chemicals,Bengaluru
Blue Tokai Coffee Roasters,3.8,193,Hospitality,New Delhi
Pratibha Industries,4.4,193,Engineering & Construction,New Delhi
Kumar Organic Products,3.5,193,Chemicals,Bengaluru
Excel Industries,3.8,193,Agro Chemicals,Mumbai
CIGNEX,3.7,193,IT Services & Consulting,Bengaluru
Edunext Technologies,3.3,193,EdTech,Noida
NIMS University,3.2,193,Education & Training,Jaipur
VBeyond Corporation,3.8,193,Recruitment,Lucknow
DesignCafe,3.4,193,Architecture & Interior Design,Bengaluru
Abellon Clean Energy,3.0,193,Other,Ahmedabad
Oliva Skin and Hair Clinics,3.7,193,Healthcare,Hyderabad
Advantage One Tax Consulting,4.0,192,Financial Services,Hyderabad
GoMechanic,3.3,192,Internet,Gurugram
Vilcart,3.7,196,Internet,Bengaluru
Empower Pragati,3.5,192,Education & Training,New Delhi
Biesse Manufacturing,3.6,192,Architecture & Interior Design,Bengaluru
Code Brew Labs,3.2,192,IT Services & Consulting,Chandigarh
Euronet Worldwide,3.5,192,FinTech,Mumbai
An Pharmaceuticals,4.4,192,Pharma,New Delhi
Dr. Willmar Schwabe India,3.9,192,Healthcare,Noida
Monnet Group,4.4,192,Metals & Mining,Raigarh
Radiant Appliances,4.2,192,Electronics Manufacturing,Hyderabad
Cyient DLM,3.8,192,Hyderabad +5 other locations,
Carwale,3.3,192,Internet,Mumbai
INDIA TODAY GROUP,3.6,192,Media & Entertainment,Noida
Solverminds Solutions and Technologies,3.2,192,IT Services & Consulting,Chennai
Thriveni Sainik Mining,4.3,192,Metals & Mining,Hazaribag
Amelia,3.4,192,Hospitality,Bengaluru
The Hindu Group,3.8,193,Printing & Publishing,Chennai
Apollo Spectra Hospitals,4.4,192,Healthcare,New Delhi
AMBITION JOB,4.3,192,Recruitment,Hyderabad
Ilensys Technologies,4.1,193,Engineering & Construction,Hyderabad
Azure Hospitality,4.1,192,Hospitality,New Delhi
ARC Document Solutions,2.7,192,Printing & Publishing,Kolkata
Jeena & Company,3.7,192,Logistics,Mumbai
DesiCrew Solutions,3.1,192,Financial Services,Chennai
Adcock Ingram,3.9,192,Pharma,Bengaluru
Anthea Pharma,4.1,192,Pharma,Hyderabad
CloudMoyo,3.9,192,Software Product,Pune
NTC Logistics India,4.0,192,Logistics,Chennai
APAC Financial Services,4.1,192,Financial Services,Mumbai
Virinchi Technologies,3.0,192,IT Services & Consulting,Hyderabad
Hubergroup,3.9,192,Chemicals,Vapi
C.G. Marketing,3.8,192,Marketing & Advertising,Pune
DavaIndia,3.6,192,Kolkata +58 other locations,
Reventics,3.8,192,Healthcare,Hyderabad
Knoldus Inc,3.8,192,IT Services & Consulting,Noida
Holy Family Hospital,3.4,192,Healthcare,New Delhi
ICT Service Management Solutions,3.4,192,IT Services & Consulting,Bengaluru
Teleminds Infotech,2.8,192,BPO,Kolkata
Kanerika Software,4.3,192,IT Services & Consulting,Hyderabad
Auto Ignition,3.6,192,Auto Components,Faridabad
Kimbal Private Limited,3.3,193,Power,New Delhi
SEG Automotive,4.1,191,Auto Components,Bengaluru
Savills,3.6,191,Real Estate,Bengaluru
AMS Comtel BPMS,3.2,191,IT Services & Consulting,New Delhi
Miraj Group,4.0,191,Printing & Publishing,Udaipur
Radheya Machining,3.5,191,Industrial Machinery,Pune
EbixCash Financial Technologies,2.7,191,IT Services & Consulting,Pune
CPC Diagnostics,3.7,191,Medical Equipment,Chennai
Gnrc Hospital,3.7,191,Healthcare,Guwahati
Bentley Systems,4.1,191,Software Product,Pune
Amtex Systems,3.2,191,IT Services & Consulting,Chennai
Sagar Hospital,4.2,191,Healthcare,Bengaluru
Source One Management Services,3.3,191,IT Services & Consulting,Bengaluru
CleanMax Enviro Energy Solutions,4.4,191,Power,Mumbai
Theon Pharmaceuticals,3.8,191,Pharma,Baddi
Gameskraft,4.2,191,Software Product,Bengaluru
General Diagnostics International Private Limited,3.1,191,Healthcare,Mumbai
Eicher Trucks and Buses,4.5,191,Automobile,Indore
Anand Rathi Wealth Limited,3.1,191,Financial Services,Mumbai
Bajaj Financial Securities,4.1,192,Financial Services,Pune
RattanIndia Power,3.5,191,Power,Amravati
Profinch Solutions,3.6,191,FinTech,Bengaluru
Cheema Boilers,4.0,191,Industrial Machinery,Sahibzada Ajit Singh Nagar
Swipewire Technologies,3.8,191,Software Product,Chennai
Gameskraft,4.2,191,Software Product,Bengaluru
CleanMax Enviro Energy Solutions,4.4,191,Power,Mumbai
Theon Pharmaceuticals,3.8,191,Pharma,Baddi
Lithium Urban Technologies,3.6,192,Urban Transport,Bengaluru
O2 Power,4.5,191,Power,Gurugram
Lighthouse Learning,4.2,381,Education & Training,Mumbai
Asianet Satellite Communications,4.4,190,Internet,Thiruvananthapuram
Cloudstrats Technologies,3.2,190,IT Services & Consulting,Mumbai
Micromatic Grinding Technologies,4.0,190,Industrial Machinery,Ghaziabad
Symed Labs,3.7,190,Pharma,Hyderabad
Cadmaxx Solutions,3.5,190,IT Services & Consulting,Bengaluru
SPJ group,4.0,190,Real Estate,New Delhi
Ess Kay Group,3.6,190,Industrial Machinery,Gurugram
Epimoney,3.3,190,Financial Services,Mumbai
Denso Ten Minda India,4.0,191,Auto Components,Bawal
Arvind Smartspaces Limited,3.6,190,Real Estate,Ahmedabad
All India Council Technical Education,4.4,191,New Delhi +30 other locations,
SBL Knowledge Services,3.0,190,IT Services & Consulting,Madurai
CapitalVia,3.9,190,Analytics & KPO,Indore
Magnit Global,3.4,191,Software Product,Vadodara
INFRES METHODEX,3.5,190,Industrial Automation,New Delhi
Trinity Mobility,2.9,190,IT Services & Consulting,Bengaluru
Grupo Bimbo,3.5,190,FMCG,New Delhi
Bajaj Steel Industries,3.4,190,Industrial Machinery,Nagpur
IFB Agro Industries,4.1,190,Beverage,Kolkata
Systopic Laboratories,4.4,190,Pharma,New Delhi
Google Maps,4.8,190,Internet,Hyderabad
Cornerstone OnDemand,3.3,190,Software Product,Pune
Nuance Transcription Services,4.1,190,IT Services & Consulting,Bengaluru
SmartQ - Bottle Lab Technologies,4.0,190,Software Product,Bengaluru
U.S. Polo Assn,4.5,190,Retail,Bengaluru
Virbac Animal Health,3.9,191,Pharma,Mumbai
Nandi Toyota,4.0,190,Automobile,Bengaluru
Cinda Engineering & Construction,4.2,190,Engineering & Construction,Noida
SmartSchool Education,4.6,190,EdTech,Noida
Kenvue,3.5,190,Beauty & Personal Care,Bengaluru
Amgen,2.9,190,Biotechnology,Hyderabad
U.S. Polo Assn,4.5,190,Retail,Bengaluru
Stantec,3.8,190,Engineering & Construction,Pune
Nandi Toyota,4.0,190,Automobile,Bengaluru
Be10X,4.5,190,Education & Training,Kolkata
Virbac Animal Health,3.9,191,Pharma,Mumbai
Lennox India Technology Centre,3.6,190,Industrial Machinery,Chennai
Phenix Construction Technologies,4.0,190,Engineering & Construction,Ahmedabad
Sel Manufacturing Co.,3.9,190,Fashion & Textile,Ludhiana
Stumpp Schuele & Somappa Springs,3.3,190,Industrial Machinery,Bengaluru
Naresh i Technologies,4.0,190,IT Services & Consulting,Hyderabad
Aptonline,3.2,190,IT Services & Consulting,Hyderabad
Apollo Supply Chain,3.8,190,Logistics,Gurugram
Accutest Research Laboratories,3.3,189,Clinical Research,Mumbai
Celon Laboratories,3.3,190,Pharma,Hyderabad
PPMS Field Marketing,3.8,190,Marketing & Advertising,Chennai
Inspiredge IT Solutions,3.9,189,IT Services & Consulting,Visakhapatnam
Prgx India,3.2,189,Accounting & Auditing,Pune
Open Financial Technologies Private Limited,3.2,189,FinTech,Bengaluru
Birdeye,3.1,189,Marketing & Advertising,Gurugram
Abu Dhabi National Hotels,4.0,189,Hospitality,Abu Dhabi
S V S Projects India,3.2,189,Engineering & Construction,Hyderabad
Sadhu Forging,3.6,189,Industrial Machinery,Faridabad
Gangavaram Port,3.3,189,Ports & Shipping,Visakhapatnam
Simplify3x Software,3.9,189,Software Product,Bengaluru
Walstar Technologies,4.0,190,IT Services & Consulting,Kolhapur
Solex Energy,4.7,189,Power,Surat
Gunnebo,3.8,189,Defence & Aerospace,Vadodara
Bambino Agro Industries,3.8,189,Food Processing,Hyderabad
D'Decor Home Fabrics,4.0,189,Fashion & Textile,Mumbai
Essencea Infoserv,2.7,189,BPO,Hyderabad
Jaslok Hospital and Research Centre,4.0,189,Healthcare,Mumbai
Digital Web Solutions,3.6,189,IT Services & Consulting,Gurugram
Eurofins Advinus,3.5,189,Pharma,Bengaluru
Proventech,4.2,189,Software Product,Hyderabad
GUVI,3.5,189,EdTech,Chennai
Experian,3.8,189,FinTech,Hyderabad
Yotta Infrastructure Solutions,3.7,189,IT Services & Consulting,Mumbai
Trellix,3.3,189,Software Product,Bengaluru
SAT n paper,4.3,189,New Delhi +4 other locations,
Fortune Marketing,3.6,189,Hardware & Networking,New Delhi
Mentorsity,4.5,189,EdTech,New Delhi
Hindustan Media Ventures,3.6,189,Printing & Publishing,Patna
Bengal Energy,3.8,189,Power,Kharagpur
Kiran Foreign Trade,3.0,189,Software Product,Sahibzada Ajit Singh Nagar
Private Practice,4.4,189,Mumbai +75 other locations,
Psychotropics India,3.9,188,Pharma,Haridwar
NeST Digital,3.5,189,IT Services & Consulting,Kochi
Carryfast group,3.6,188,Logistics,Indore
Mangal Industries,3.8,188,Auto Components,Tirupati
Jarvis Technology and Strategy Consulting,3.3,189,Management Consulting,New Delhi
RT Network Solutions,3.5,188,IT Services & Consulting,Kolkata
Toyota Boshoku Automotive,4.1,188,Auto Components,Bengaluru
ASK-EHS Engineering & Consultants,3.5,188,Engineering & Construction,Surat
Sulphur Mills,3.5,188,Agro Chemicals,Mumbai
MaxVal Group,3.2,188,IT Services & Consulting,Coimbatore
Fichtner Consulting Engineers,3.7,188,Engineering & Construction,Chennai
Bharat Benz,4.4,188,Automobile,Chennai
Aditya Anagha Multi State Credit Co-Operative Society,4.8,188,Banking,Nagpur
AlmaBetter,3.6,188,Bengaluru +11 other locations,
Fichtner Consulting Engineers,3.7,188,Engineering & Construction,Chennai
Mansukh Securities & Finance,3.2,188,Financial Services,Ahmedabad
Vmoksha Technologies,4.5,188,IT Services & Consulting,Bengaluru
Simple Energy,4.0,188,Automobile,Bengaluru
Cogniter Technologies,3.5,188,IT Services & Consulting,Hyderabad
Bhavna Corp.,3.4,188,IT Services & Consulting,Noida
Indovision Services,3.9,188,IT Services & Consulting,New Delhi
Karuna Greentech,4.5,188,Electrical Equipment,Kolkata
Kutch Copper,3.7,188,Metals & Mining,Mundra
Som Projects (S.P.L),3.6,188,Engineering & Construction,New Delhi
Dentsu Communications,3.2,188,Marketing & Advertising,Pune
GDX Group,4.1,188,Law Enforcement & Security,New Delhi
Hindustan Platinum,3.4,188,Metals & Mining,Mumbai
Epp Composites,3.3,188,Industrial Machinery,Rajkot
Donear Industries,3.2,188,Fashion & Textile,Mumbai
Raptim Research,4.4,188,Clinical Research,Mumbai
Ansal Api,3.9,188,Real Estate,New Delhi
DSM SOFT,2.9,188,IT Services & Consulting,Tiruchirappalli
Burman Hospitality,3.8,188,Hospitality,New Delhi
Ananda Dairy,3.8,188,Agriculture,Noida
APOLLO POWER SYSTEMS,3.8,187,Electrical Equipment,Bengaluru
Ghatge Patil Industries,3.8,187,Industrial Machinery,Kolhapur
Valiant Organics,3.5,187,Chemicals,Bharuch
VAYA Finserv,4.0,187,Financial Services,Hyderabad
ART Housing Finance (India),3.9,187,Financial Services,Gurugram
HEUBACH Colour,4.0,187,Chemicals,Ankleshwar
Architect Hafeez Contractor,3.1,187,Architecture & Interior Design,Mumbai
Intense Technologies,3.5,187,IT Services & Consulting,Hyderabad
Nangia & Co. LLP,3.3,187,Accounting & Auditing,New Delhi
KPI Partners,3.6,187,IT Services & Consulting,Hyderabad
iQuanti,4.0,187,Marketing & Advertising,Bengaluru
NSL Sugars,4.2,188,Food Processing,Hyderabad
Dar Al Handasah Consultants Shair And Partners,2.9,188,Engineering & Construction,Pune
Unify Technologies,2.8,187,IT Services & Consulting,Hyderabad
Admiral Solutions,3.1,187,IT Services & Consulting,New Delhi
International Travel House,3.8,187,Travel & Tourism,New Delhi
Volante Technologies,3.3,187,FinTech,Chennai
Freyr Energy Services,3.7,187,Power,Hyderabad
Rajhans Group of Industries,4.2,187,Real Estate,Surat
TPF Engineering,3.7,187,Engineering & Construction,Mumbai
The Pride Hotel,3.3,187,Hospitality,Pune
Reliance Smart Point,4.2,187,Kolkata +83 other locations,
Crif Solutions,3.0,187,FinTech,Pune
Glatt Systems,3.7,187,Pharma,Pune
Hyderabad Metro Rail,4.1,187,Railways,Hyderabad
Rane Group,3.9,187,Auto Components,Chennai
GVK Group,3.6,187,Engineering & Construction,Hyderabad
Supple Tek Industries,3.5,187,Food Processing,Amritsar
"L&T Construction, Mining and Industrial Machinery",4.1,188,Industrial Machinery,Bengaluru
Fangs Technology,3.9,186,Consumer Electronics & Appliances,Chennai
Translumina Therapeutics,3.3,186,Healthcare,New Delhi
WNS Denali,3.4,186,Management Consulting,Pune
SNS College of Technology,4.8,186,Education & Training,Coimbatore
Mythri Infrastructure and Mining,3.3,187,Engineering & Construction,Visakhapatnam
Biotech Vision Care,3.6,186,Healthcare,Ahmedabad
Arabtec Construction,4.2,186,Engineering & Construction,New Delhi
Towell Engineering Group,3.4,186,Engineering & Construction,Muscat
NHPC,4.3,186,Power,Faridabad
Maksat Technologies,3.4,186,Telecom,New Delhi
Hyundai Heavy Industries,3.5,186,Industrial Machinery,Pune
M*Modal,3.6,186,IT Services & Consulting,Bengaluru
Ring Plus Aqua,4.1,186,Auto Components,Nashik
Ican BPO,4.4,186,BPO,Thane
S kant Healthcare Ltd,4.6,186,Pharma,Vapi
Tech Vedhu,4.4,186,Bengaluru +3 other locations,
Tara Consultancy Services,2.6,187,Chennai +17 other locations,
FreshersNow,3.9,186,Hyderabad +40 other locations,
Vastu Finserve,4.1,187,NBFC,New Delhi
Target Engineering Construction Company,3.9,186,Engineering & Construction,Abu Dhabi
JK Agri Genetics,3.4,186,Biotechnology,Hyderabad
Inox Green Energy Services,4.0,186,Electrical Equipment,Ahmedabad
Euro School,4.0,200,Education & Training,Bengaluru
Aurus,2.7,186,FinTech,Pune
Shine,3.7,186,Internet,Gurugram
Bonanza Portfolio,3.3,186,Financial Services,Mumbai
Zuari Agro Chemicals,3.8,186,Agro Chemicals,Vasco Da Gama
Careers360,2.9,186,Education & Training,Gurugram
Reliance Corporate IT Park,4.1,186,Mumbai +38 other locations,
Birla Cellulose,3.5,186,Pulp & Paper,Bharuch
Regal Rexnord Corporation,3.5,187,Industrial Machinery,Hyderabad
Wanfeng Aluminum Wheel,3.6,186,Industrial Machinery,Bawal
Aster Cmi Hospital,3.9,186,Healthcare,Bengaluru
Arwade Infrastructure,3.9,186,Engineering & Construction,Pune
Enterslice,3.8,186,FinTech,Noida
Novopor Advanced Science,4.0,186,Chemicals,Visakhapatnam
KRG Technologies,4.3,186,IT Services & Consulting,Chennai
SYNCHRONIZED SUPPLY SYSTEMS,4.0,186,Logistics,Gurugram
Sitics Logistic Solutions,3.1,186,Financial Services,Palakkad
Archean Chemical Industries,3.6,186,Chemicals,Bhuj
Graygraph Technologies Private Limited,4.2,185,IT Services & Consulting,Noida
Heavy Engineering Corporation,3.5,185,Engineering & Construction,Ranchi
Celio Future Fashion,4.3,185,Retail,Mumbai
Incrementors Web Solutions,3.6,185,Financial Services,New Delhi
Cashfree Payments,2.9,186,FinTech,Bengaluru
Labtron Equipment,3.5,186,Hyderabad +9 other locations,
Recykal,3.9,185,Internet,Hyderabad
Appiness Interactive,4.3,185,IT Services & Consulting,Bengaluru
Healthplix Technologies,3.0,185,Fitness & Wellness,Bengaluru
Exotel,2.9,185,Software Product,Bengaluru
Ruparel Realty,3.8,185,Real Estate,Mumbai
Allset Business Solutions,3.7,185,BPO,Chennai
Cytecare Cancer Hospital,4.5,185,Healthcare,Bengaluru
TALENTEDGE,3.2,185,EdTech,Pune
GD Goenka University,3.5,185,Education & Training,Gurugram
Goel Ganga Group,3.2,185,Real Estate,Pune
Indian School of Business,3.3,185,Analytics & KPO,Hyderabad
All Time Plastics,3.9,185,Petrochemicals,Mumbai
Polyplastics,3.7,185,Petrochemicals,Ahmedabad
Toyota Kirloskar Auto Parts,4.1,185,Auto Components,Bengaluru
Thyssenkrupp Industries and Services,3.8,185,Pune +32 other locations,
Jar,4.5,185,FinTech,Bengaluru
Goibibo,2.6,185,Travel & Tourism,Gurugram
Tata Memorial Hospital,4.1,185,Healthcare,Mumbai
Oxford University Press,3.2,185,Printing & Publishing,New Delhi
W3Global,3.2,185,Recruitment,Hyderabad
OneAdvanced,2.7,185,IT Services & Consulting,Bengaluru
Dr Shroff Charity Eye Hospital,3.8,185,Healthcare,New Delhi
Oxford University Press,3.2,185,Printing & Publishing,New Delhi
OneAdvanced,2.7,185,IT Services & Consulting,Bengaluru
W3Global,3.2,185,Recruitment,Hyderabad
Deccan Cements,4.0,185,Building Material,Hyderabad
Dr Shroff Charity Eye Hospital,3.8,185,Healthcare,New Delhi
Gpt Infraprojects,3.9,185,Engineering & Construction,Kolkata
Axa Parenterals,3.8,185,Medical Equipment,Roorkee
ANEWA Engineering,3.9,185,Engineering & Construction,Hyderabad
Srijan Realty,3.6,186,Real Estate,Kolkata
Shubham K Mart,3.9,187,Retail,Raipur
Jagatjit Industries,3.5,184,Beverage,New Delhi
Metayb,3.8,184,IT Services & Consulting,Chennai
Market Xcel Data Matrix,2.8,185,Analytics & KPO,New Delhi
Dr ITM,3.1,184,BPO,Jaipur
Amentum,3.8,184,Defence & Aerospace,Bengaluru
Corrtech International,3.0,185,Engineering & Construction,Ahmedabad
Veeline Industries,4.2,184,Surat +8 other locations,
C-quel Management Services,4.2,184,Accounting & Auditing,Kolkata
TalentServe,2.0,184,Software Product,Mumbai
Apollo Cradle,4.3,185,Healthcare,Bengaluru
Mandovi Motors,3.8,184,Auto Components,Bengaluru
Cubastion Consulting,2.9,184,IT Services & Consulting,Gurugram
Drishti IAS,4.1,184,EdTech,New Delhi
Anytime Fitness,3.5,184,Fitness & Wellness,New Delhi
Geno Pharmaceuticals,3.0,185,Pharma,Mumbai
RPP Infra Projects,4.0,185,Engineering & Construction,Chennai
MSL Driveline Systems,4.3,184,Auto Components,Nashik
Wepsol,3.5,184,IT Services & Consulting,Bengaluru
Maschio Gaspardo,3.7,185,Industrial Machinery,Pune
Express Roadways,3.5,184,Logistics,New Delhi
Qube Cinema Technologies,3.7,184,Media & Entertainment,Chennai
Solenis,3.6,184,Chemicals,Hyderabad
Li & Fung,3.9,184,Electrical Equipment,Gurugram
Ramee Group of Hotels,3.5,184,Hospitality,Mumbai
Nippon Konpo,4.0,184,Logistics,Gurugram
NNE,3.4,184,Engineering & Construction,Bengaluru
Vega Intellisoft,4.3,184,Recruitment,Chennai
Traya Health,3.4,184,Fitness & Wellness,Mumbai
Infinity Data Technologies,3.5,184,IT Services & Consulting,Pune
National Aerospace Laboratories,4.3,184,Defence & Aerospace,Bengaluru
Sharda Hospital,3.8,184,Healthcare,Greater Noida
KerryIndev Logistics,3.8,184,Logistics,Chennai
Techugo,3.5,184,Software Product,Noida
Vega Intellisoft,4.3,184,Recruitment,Chennai
NNE,3.4,184,Engineering & Construction,Bengaluru
River Engineering,3.7,184,Industrial Machinery,Greater Noida
Nippon Konpo,4.0,184,Logistics,Gurugram
Traya Health,3.4,184,Fitness & Wellness,Mumbai
Digamber Finance,4.0,184,Financial Services,Jaipur
BVC Logistics,3.4,185,Logistics,Mumbai
Infinity Data Technologies,3.5,184,IT Services & Consulting,Pune
Dayal Group,3.9,186,Agriculture,Lucknow
Sterlite Copper,4.1,183,Metals & Mining,Thoothukudi
Tata Realty and Infrastructure,3.9,183,Real Estate,Mumbai
bloom Hotel Group,4.2,183,Hospitality,New Delhi
Goldi Solar,4.0,183,Power,Surat
Ayoki Fabricon,3.9,183,Engineering & Construction,Pune
Swelect Energy Systems,4.0,183,Electrical Equipment,Chennai
L&T Infrastructure Development Projects,4.0,183,Engineering & Construction,Chennai
Delivery.com,3.8,184,Internet,Hyderabad
3F Industries,3.5,184,Food Processing,Nellore
Childline India Foundation,4.3,183,Non-Profit,Mumbai
Sistema Shyam Teleservices,4.2,183,Telecom,Gurugram
Global Hospital Pune India,3.9,183,Healthcare,Mumbai
Newtech Medical Devices,3.7,183,Medical Equipment,Faridabad
Hitek Syndicate,3.5,183,Banking,New Delhi
Fiat Chrysler Automobiles,3.7,183,Automobile,Chennai
Country Holidays Travel Chennai,3.9,183,Travel & Tourism,Noida
cFIRST,3.9,183,Recruitment,Ahmedabad
Central Institute of Plastics Engineering & Technology,3.9,183,Education & Training,Chennai
Wyzmindz Solutions,3.2,183,IT Services & Consulting,Bengaluru
Vitech Systems Asia,3.5,183,IT Services & Consulting,Hyderabad
Kiaasa Retail Limited,4.6,183,Retail,New Delhi
Ravi Foods,3.8,183,Food Processing,Hyderabad
Yes Madam,3.9,184,Internet,Noida
Mega Rubber Technologies,3.5,183,Auto Components,Gurugram
Vehere Technologies,4.4,183,IT Services & Consulting,Kolkata
Gangar Eyenation,3.8,183,Retail,Mumbai
P C CHANDRA JEWELLERS,3.8,183,Jewellery,Kolkata
Indian Council of Agricultural Research,3.8,183,Education & Training,New Delhi
Lawrence & Mayo,3.7,183,Retail,Hyderabad
Akasa Air,3.3,183,Aviation,Mumbai
Shankar Packagings,2.5,183,Packaging,Vadodara
Accurate Engineering Company,3.2,183,Industrial Machinery,Pune
Kamdhenu,3.6,183,Building Material,Gurugram
Rain Carbon,4.1,183,Visakhapatnam +5 other locations,
Sri Ranganathar Industries,3.3,183,Industrial Machinery,Coimbatore
Radix Electrosystems,3.4,183,Electronics Manufacturing,Mumbai
Namra Finance,3.9,183,Financial Services,Ahmedabad
Alexander Mann Solutions,3.0,182,Recruitment,Bengaluru
Greaves Electric Mobility,3.1,183,Automobile,Bengaluru
Harbinger Systems,3.4,182,Software Product,Pune
Sahyadri Farms,3.6,182,Internet,Nashik
Divgi Torqtransfer Systems,3.1,182,Auto Components,Pune
S.M. Consultants,3.4,182,Management Consulting,Bhubaneswar
Confiance BizSol Private Limited,2.9,184,Analytics & KPO,Ahmedabad
Randstad Digital,3.2,183,Recruitment,Bengaluru
Lalitpur Power Generation,4.3,182,Power,Lalitpur
Caparo Group,4.1,182,Oil & Gas,Chennai
John Cockerill,3.3,182,Industrial Machinery,Mumbai
Sunera Technologies,3.6,182,IT Services & Consulting,Hyderabad
Globe Capital Market,3.4,184,Investment Banking / Venture Capital / Private Equity,New Delhi
M2P Fintech,2.9,182,FinTech,Chennai
DESIGNCO,3.9,182,Import & Export,Moradabad
Singer India,4.0,182,Consumer Electronics & Appliances,New Delhi
CRED,3.6,182,FinTech,Bengaluru
Monginis Foods,3.5,182,Hospitality,Mumbai
Kolors Healthcare,3.7,182,Healthcare,Hyderabad
Rhenus Logistics,3.4,182,Logistics,Mumbai
A2Z Infraservices,3.9,182,Facility Management Services,New Delhi
Natural Remedies,3.8,182,Pharma,Bengaluru
ABT Maruti,4.0,182,Automobile,Chennai
Jai Kisan,3.2,182,Internet,Mumbai
Indus Motors,4.1,182,Automobile,Kochi
Global Payments,4.2,182,FinTech,Pune
General Industrial Controls,3.6,182,Industrial Automation,Pune
Bobst India,4.0,182,Industrial Machinery,Pune
NetCom Learning,3.1,182,EdTech,Noida
Gopalan Enterprises,4.1,182,Real Estate,Bengaluru
Tynor Orthotics,3.4,182,Fitness & Wellness,Sahibzada Ajit Singh Nagar
Rhenus Logistics,3.4,182,Logistics,Mumbai
NetCom Learning,3.1,182,EdTech,Noida
Maccaferri,3.9,182,Real Estate,Gurugram
Laminaar Aviation Infotech,2.6,182,IT Services & Consulting,Bengaluru
Cadworks India,4.9,182,Design,New Delhi
Prione Business Services,4.4,181,Retail,Bengaluru
Applus Velosi,3.8,182,Oil & Gas,Chennai
GreenCell Mobility,3.6,181,Logistics,Mumbai
First Abu Dhabi Bank,3.1,180,Banking,Bengaluru
Leena Powertech Engineers,3.6,181,Engineering & Construction,Mumbai
Simpa Energy,4.6,181,Power,Noida
O2f info Solutions,3.3,181,Recruitment,Hyderabad
Kapil Chit Funds,3.9,181,FinTech,Hyderabad
Kuantum Papers,4.3,181,Pulp & Paper,Hoshiarpur
Maven Silicon,4.0,181,Semiconductors,Bengaluru
Sobha Constructions,3.5,182,Engineering & Construction,Bengaluru
Alliant Talent,2.1,181,Accounting & Auditing,Hyderabad
Sree Metaliks,3.8,181,Industrial Machinery,Barbil
Daebu Automotive Seat,3.2,181,Auto Components,Chennai
vSplash Techlabs,2.0,181,IT Services & Consulting,Hyderabad
Universal Cables,3.8,181,Building Material,Satna
United Nations Development Programme,4.1,181,Non-Profit,New Delhi
Pentagon System and Services,3.8,181,IT Services & Consulting,Mumbai
Best Value Chem,3.8,181,Chemicals,Vadodara
Sandfits Foundries,4.0,181,Auto Components,Coimbatore
ThinkPalm Technologies,4.0,181,IT Services & Consulting,Kochi
Carrefour,3.5,181,Retail,Gurugram
Zeiss Pharma,3.4,181,Pharma,Jammu
Nayoda,4.4,181,Chennai +6 other locations,
PC Financial Services,4.1,181,Financial Services,Gurugram
Advance Auto Parts India,4.0,181,Retail,Hyderabad
Chromewell Engineering,3.8,181,Industrial Machinery,Pune
Swal Corporation,4.1,181,Agro Chemicals,Pune
Lal Baba Seamless Tubes,3.0,181,Industrial Machinery,Haldia
J Pan Tubular Components,3.3,181,Industrial Machinery,Greater Noida
Rabwin Industries,3.9,181,Industrial Machinery,Coimbatore
Sinch,3.5,181,Internet,Noida
Yamaha Music India,3.7,181,Media & Entertainment,Chennai
Citylife Retail,3.9,180,Retail,Kolkata
Maya Academy of Advanced Cinematics,2.9,180,Animation & VFX,New Delhi
Katyayani Organics,3.8,180,Agriculture,Bhopal
Mepro Pharmaceuticals,3.7,180,Pharma,Vadodara
Sun Technologies,3.2,180,IT Services & Consulting,Bengaluru
Infibeam Avenues,3.1,180,IT Services & Consulting,Mumbai
VASANTHA TOOL CRAFTS,3.9,182,Industrial Machinery,Hyderabad
Ideaforge Technology,3.4,181,Internet,Mumbai
Institute of Language Management,4.2,181,Education & Training,Bengaluru
Ashley Global Capability Center,3.7,181,IT Services & Consulting,Chennai
Altius Customer Services,3.3,182,BPO,Nagpur
Tech2Globe,3.9,180,IT Services & Consulting,New Delhi
STEM Learning,4.2,180,Education & Training,Mumbai
Peerless Hospital,4.1,180,Healthcare,Kolkata
Arvind Technocrats & Engineers LLP,3.7,180,Engineering & Construction,New Delhi
Ranjit Buildcon,4.3,180,Engineering & Construction,Surat
myTVS Parts & Accessories,3.8,180,Auto Components,Chennai
Diksha Technologies,3.0,180,IT Services & Consulting,Bengaluru
Unilog Content Solutions ( P),3.2,180,Software Product,Mysuru
Matrix Cellular Services,4.0,180,Telecom,New Delhi
Bewakoof,3.7,180,Fashion & Textile,Bengaluru
Pathcare Labs,3.7,180,Healthcare,Hyderabad
Jubilant Industries,3.8,180,Agro Chemicals,New Delhi
Bewakoof,3.7,180,Fashion & Textile,Bengaluru
Vignesh Polymers,3.5,180,Auto Components,Chennai
Pratibha Syntex,3.9,180,Fashion & Textile,Indore
Presidency University,2.7,180,Education & Training,Bengaluru
Kaff Appliances (india),3.1,180,Consumer Electronics & Appliances,Gurugram
Technocraft Industries,3.7,180,Industrial Machinery,Mumbai
Ferring Pharmaceuticals,3.8,180,Pharma,Hyderabad
TQ Cert Services,3.8,180,Hyderabad +42 other locations,
Johnson Electric,3.5,180,Electronics Manufacturing,Chennai
Kenstar,3.7,180,Consumer Electronics & Appliances,Gurugram
Don Bosco Tech Society,3.9,180,Non-Profit,New Delhi
Thinksynq Solutions,3.9,179,Management Consulting,Chennai
Brandix India Apparel City,3.9,179,Fashion & Textile,Visakhapatnam
Mahindra Accelo,3.4,179,Iron & Steel,Pune
Inmakes Infotech,3.4,179,Kochi +12 other locations,
Ascolite - Aswani Industries Pvt. Ltd.,3.8,179,Engineering & Construction,Surat
Feedback Energy Distribution Company,3.6,179,Power,Bhubaneswar
KNNX Corp,2.5,179,IT Services & Consulting,Noida
Layam Flexi Solutions,3.5,179,Recruitment,Chennai
Thinksynq Solutions,3.9,179,Management Consulting,Chennai
Brandix India Apparel City,3.9,179,Fashion & Textile,Visakhapatnam
Mahindra Accelo,3.4,179,Iron & Steel,Pune
"CAMP Systems International, Inc.",3.8,179,Software Product,Hyderabad
Inmakes Infotech,3.4,179,Kochi +12 other locations,
Sportz Interactive,3.4,179,Internet,Mumbai
Yashashvi Rasayan,4.1,180,Metals & Mining,Bharuch
Da Milano Leathers,2.8,179,Leather,New Delhi
PAN Healthcare,4.5,179,FMCG,Rajkot
SKYMAP PHARMACEUTICALS,4.0,179,Pharma,Roorkee
Atlassian,3.0,179,Software Product,Bengaluru
Eros Group,3.8,179,Real Estate,New Delhi
Ingenero Technologies,4.1,179,IT Services & Consulting,Mumbai
Ascendum Solutions,3.1,179,IT Services & Consulting,Bengaluru
Dmi Finance,3.6,179,NBFC,New Delhi
Hills Cement Company,3.2,179,Engineering & Construction,Guwahati
Allied Nippon,3.7,179,Auto Components,Ghaziabad
Pro1 Health Systems,3.6,179,Medical Equipment,Chennai
nurture.farm,3.2,179,Agriculture,Bengaluru
Nipha Exports,3.6,179,Industrial Machinery,Kolkata
Liquiloans,2.9,178,FinTech,Mumbai
Trinity Touch,4.4,179,Electrical Equipment,Faridabad
Nina Percept,3.9,178,Building Material,Mumbai
Scorpion Express,3.6,180,Logistics,Mumbai
Ashish Life Science,3.7,178,Pharma,Mumbai
St. Joseph's School,4.2,179,Education & Training,Lucknow
HP Computing and Printing Systems,3.7,178,IT Services & Consulting,Bengaluru
SPIE Oil & Gas Services,4.2,178,Oil & Gas,Doha
Ind swift ltd. Gbu,3.6,178,Chandigarh +21 other locations,
Motwane Manufacturing Company,3.4,178,Electrical Equipment,Nashik
IQ City Medical College,3.5,178,Education & Training,Durgapur
CI Infotech,3.7,179,IT Services & Consulting,New Delhi
Lapp India,4.1,178,Electrical Equipment,Bengaluru
Bry-Air (Asia),3.7,178,Gurugram +16 other locations,
Curateq Biologics,3.3,178,Biotechnology,Hyderabad
Pan Gulf Technologies,3.9,178,Design,Mumbai
Ajanta Shoes,3.6,178,Fashion & Textile,Kolkata
Lepton Software Export & Research,3.5,178,Software Product,Gurugram
Nahar Industrial Enterprises,3.8,178,Fashion & Textile,Chandigarh
Exemed Pharmaceuticals,3.7,178,Pharma,Vadodara
Servosys Solutions,2.8,178,Financial Services,Mumbai
Macmet Engineering,3.7,178,Industrial Machinery,Kolkata
Pravin Masalewale,3.9,178,FMCG,Pune
Warner Bros. Discovery,3.6,178,Media & Entertainment,Hyderabad
Lamprell,3.9,178,Oil & Gas,Chennai
Happy Forging,3.7,178,Auto Components,Ludhiana
B.L. Agro Industries,3.7,178,FMCG,Bareilly
Bimbo Bakeries India,3.5,178,FMCG,New Delhi
Yashoda Super Speciality Hospitals,3.9,178,Hyderabad +11 other locations,
JioHotstar,3.5,178,Internet,Mumbai
Newton School: Pay after Placement,3.8,179,Internet,Bengaluru
Gujarat Guardian Ltd.,3.7,178,Building Material,Ankleshwar
MEP Infrastructure Developers,3.7,178,Engineering & Construction,Mumbai
Modelama Exports,4.0,178,Fashion & Textile,Gurugram
QuyTech,4.0,178,IT Services & Consulting,Gurugram
L&T Buildings & Factories,3.6,177,Engineering & Construction,Mumbai
Sowparnika,4.1,177,Real Estate,Bengaluru
Bharat Coking Coal,4.2,177,Metals & Mining,Dhanbad
Shree Maruti Courier Service,4.0,177,Logistics,Ahmedabad
Willowood Chemicals,3.8,177,Agro Chemicals,Vadodara
Gsa Industries,3.9,177,Automobile,Patiala
Paracoat Products,3.7,178,Auto Components,Hosur
Best Corporation,3.6,177,Fashion & Textile,Tiruppur
Bharat Coking Coal,4.2,177,Metals & Mining,Dhanbad
L&T Buildings & Factories,3.6,177,Engineering & Construction,Mumbai
Sowparnika,4.1,177,Real Estate,Bengaluru
BG Distributors,3.6,178,FMCG,Kolkata
Continental Tyres,3.5,177,Auto Components,Meerut
Wibmo,3.2,177,FinTech,Bengaluru
DMI,3.9,177,IT Services & Consulting,Noida
Thinksys Software,3.8,177,IT Services & Consulting,Noida
Giridhan Metal,4.0,178,Iron & Steel,Asansol
CR Asia,3.9,177,Oil & Gas,Jamnagar
Cipla Industries,4.0,177,Pharma,Indore
SPX Flow Technology,4.2,177,Industrial Machinery,Bengaluru
Ccl Products,4.1,179,Beverage,Hyderabad
Informatica,3.8,177,Software Product,Bengaluru
Toluna,3.2,177,Analytics & KPO,Gurugram
Indian Register of Shipping,3.9,177,"Testing, Inspection and Certification (TIC)",Mumbai
Rotex,3.8,177,Auto Components,Vadodara
SISA Information Security,3.0,177,IT Services & Consulting,Bengaluru
SEForge,3.3,177,Engineering & Construction,Coimbatore
MUFG Intime India,3.4,177,Mumbai +9 other locations,
Atidan Technologies,4.1,177,IT Services & Consulting,Mumbai
Ncr Eduservices,4.2,177,Education & Training,Noida
Vee Gee Industrial Enterprises,3.9,177,Electronics Manufacturing,Faridabad
Olive Bar & Kitchen,4.0,177,Hospitality,New Delhi
ABP Network,4.0,177,Broadcasting,Noida
Finecure Pharmaceuticals,3.7,177,Pharma,Ahmedabad
Lince Soft Solutions,4.7,177,Recruitment,Hyderabad
Unimrkt Research,3.2,177,Analytics & KPO,Gurugram
otsuka chemical india,4.0,177,Chemicals,Jaipur
Goel Construction,3.8,177,Engineering & Construction,Jaipur
ATYETI,3.7,177,IT Services & Consulting,Pune
Gowtham Model School,3.7,177,Education & Training,Hyderabad
EASTMAN EXPORTS GLOBAL CLOTHING PVT.LTD,3.6,177,Fashion & Textile,Tiruppur
MGNREGA,3.7,176,Government,Hyderabad
Juspay Technologies,3.6,176,FinTech,Bengaluru
Crio.Do,2.9,176,EdTech,Bengaluru
Ivis International,3.4,176,Law Enforcement & Security,Hyderabad
Garden Reach Shipbuilders & Engineers,4.1,176,Ports & Shipping,Kolkata
Ellucian Higher Education Systems,3.6,176,IT Services & Consulting,Bengaluru
Meditrina Hospital,4.0,176,Healthcare,Kollam
Nanavati Max Super Speciality Hospital,3.7,176,Mumbai +6 other locations,
Holostik,4.0,176,Packaging,Noida
Metro Tyres,3.7,178,Auto Components,Ludhiana
Scribe EMR,3.8,177,Analytics & KPO,Bengaluru
Sms Integrated Facility Services,4.1,177,Facility Management Services,Mumbai
Real Estate Group,4.3,176,Mumbai +50 other locations,
Ultra Engineers,4.0,176,Industrial Machinery,Pune
Apptunix,4.1,176,Software Product,Sahibzada Ajit Singh Nagar
MRCC Solutions,2.9,177,IT Services & Consulting,Mumbai
Coverfox,3.5,176,Insurance,Mumbai
ValueFirst Digital Media,3.5,176,Software Product,Gurugram
Graphite India,3.4,176,Electrical Equipment,Nashik
Stonex,3.9,176,Metals & Mining,New Delhi
Educational Initiatives,2.9,176,EdTech,Bengaluru
Deepak Chem Tech,4.0,176,Chemicals,Bharuch
Govind Milk & Milk Products,4.4,176,Food Processing,Pune
Salzer Electronics,4.1,176,Electrical Equipment,Coimbatore
Deepak Chem Tech,4.0,176,Chemicals,Bharuch
Salzer Electronics,4.1,176,Electrical Equipment,Coimbatore
Agrawal Metal Works,3.8,176,Metals & Mining,Bhiwadi
Impressions Services,3.8,176,Facility Management Services,Gurugram
NASDAQ,3.4,176,Financial Services,Bengaluru
Brose India Automotive Systems,3.7,176,Auto Components,Pune
SMCC Construction India,4.1,176,Engineering & Construction,New Delhi
Kumar Properties,4.2,176,Real Estate,Pune
Expedien eSolutions,3.1,176,IT Services & Consulting,Noida
Ben Franklin,3.5,176,Retail,Hyderabad
CFlo,4.5,175,Industrial Machinery,Kolkata
Amalgam Steel,3.8,175,Iron & Steel,Jamshedpur
Talwalkars Better Value Fitness,4.1,175,Fitness & Wellness,Mumbai
Hiranandani group,4.1,175,Real Estate,Mumbai
EssentiallySports,3.7,176,Media & Entertainment,New Delhi
GXO,3.7,175,Logistics,Mumbai
Intellect Bizware Services,4.1,175,IT Services & Consulting,Mumbai
FunnL,3.4,175,Marketing & Advertising,Hyderabad
Collage,4.2,175,Retail,Hyderabad
Varsity Education Management,3.7,175,Education & Training,Hyderabad
VISION,3.8,175,Management Consulting,New Delhi
Keihin India Manufacturing,4.4,175,Auto Components,Neemrana
Qicpic,2.3,176,Internet,Bengaluru
Zuno General Insurance,3.7,176,Financial Services,Mumbai
Trawex Technologies,4.5,175,Software Product,Bengaluru
Escorts Construction Equipment,4.2,175,Industrial Machinery,Faridabad
IREO,4.6,175,Real Estate,Gurugram
Acer India,3.7,175,IT Services & Consulting,Bengaluru
LeapScholar,3.2,176,Bengaluru +17 other locations,
Nv Group,3.4,175,Beverage,New Delhi
Rhysley Private Limited,3.4,175,Fashion & Textile,Faridabad
Aquera,4.6,177,IT Services & Consulting,Bengaluru
Ajmal Perfumes,4.0,175,Beauty & Personal Care,Mumbai
Nimbus BPO,3.4,175,BPO,Ranchi
Experion Technologies,3.8,175,IT Services & Consulting,Kochi
Techno India Group,3.4,176,EdTech,Kolkata
Integrace Health,3.7,175,Pharma,Mumbai
Nirvasa Healthcare,3.1,175,Healthcare,Gurugram
Lynk,3.3,175,Logistics,Chennai
RC Plasto Tanks And Pipes,3.7,175,Nagpur +28 other locations,
Bajaj Electronics,3.8,175,Retail,Hyderabad
Mafatlal Industries,3.7,175,Fashion & Textile,Mumbai
Lanson Toyota,4.2,175,Automobile,Chennai
Embassy Group,4.2,175,Real Estate,Bengaluru
Konstelec Engineers,3.4,175,Engineering & Construction,Mumbai
Amnet Systems,3.7,175,IT Services & Consulting,Chennai
Sonyo Management Consultants,4.4,175,Recruitment,New Delhi
NDTV Network,3.4,175,Broadcasting,New Delhi
Rozana Rural Commerce Private Limited,3.1,176,Internet,New Delhi
DCW,3.7,175,Chemicals,Thoothukudi
Zerodha,4.1,176,FinTech,Bengaluru
L&T Geostructure,4.1,175,Chennai +30 other locations,
D A V School,3.8,175,Education & Training,Chennai
Zebra Technologies,3.7,175,IT Services & Consulting,Bengaluru
RPSG,3.6,175,FMCG,Kolkata
Crowe Horwath,3.6,175,Accounting & Auditing,Noida
Neelachal Ispat Nigam,4.2,175,Metals & Mining,Jajpur
Maheshwari Mining,3.6,175,Metals & Mining,Kolkata
Opporture,4.8,174,Content Development,Hyderabad
PMI Electro Mobility Solutions,3.9,175,Automobile,Dharuhera
Ceratizit,4.3,174,Industrial Machinery,Bengaluru
Way.com,3.9,174,Internet,Thiruvananthapuram
Sankara Eye Hospital,4.0,175,Non-Profit,Bengaluru
SHARON BIO MEDICINE,4.0,174,Pharma,Dehradun
UMSL,3.5,174,Engineering & Construction,Bhubaneswar
Sterling Software Private Limited,3.4,174,Software Product,Chennai
Lulu Hypermarket,3.6,174,Retail,Lucknow
Jivo Wellness,3.0,175,FMCG,New Delhi
Ardex Endura,3.9,174,Building Material,Bengaluru
Kamal Fincap,3.9,175,Financial Services,Kota
West Bengal State Electricity Distribution Company,3.2,174,Power,Kolkata
Accurate Global Alliances,4.7,175,Recruitment,Noida
LiquidHub,3.6,174,IT Services & Consulting,Hyderabad
Prayag Polymers,3.7,175,Petrochemicals,New Delhi
DIN Engineering Services,3.7,174,Analytics & KPO,Noida
Ognibene India,3.6,174,Industrial Machinery,Pune
United Industries,3.6,175,Industrial Machinery,Chennai
Geltec,3.3,174,Pharma,Bengaluru
Mayoor School,4.2,174,Education & Training,Noida
Si Creva Capital Services,3.3,175,Mumbai +67 other locations,
Wysetek Systems Technologists,3.5,174,IT Services & Consulting,Mumbai
Mold Tek Packaging,3.9,174,Packaging,Hyderabad
FloBiz,3.4,174,IT Services & Consulting,Bengaluru
Umang Dairies,3.9,174,FMCG,New Delhi
Khaitan Electricals,2.5,174,Food Processing,Kolkata
Unique Engineers,3.5,174,Industrial Machinery,Gurugram
Indo European Educational Services,4.2,174,Education & Training,New Delhi
Conde Nast India,2.7,174,Printing & Publishing,Bengaluru
The Millennium School,3.8,174,Education & Training,Noida
Qatar Petroleum,4.3,174,Oil & Gas,Doha
DataTracks,3.3,174,FinTech,Chennai
Chandak Group,4.3,174,Real Estate,Mumbai
Deepak Foundation,3.9,174,Non-Profit,Vadodara
Flovel Energy,3.9,174,Power,Faridabad
Wintax Solution,4.7,174,Recruitment,Surat
Miles Education - CPA & CMA Review (Hyderabad),,,Education & Training,Bangalore / Bengaluru
Visible Alpha Solutions,3.7,174,Analytics & KPO,Mumbai
v4c.ai,4.5,175,Pune +3 other locations,
Newfold Digital,3.7,173,IT Services & Consulting,Mumbai
Arcon TechSolutions,3.2,174,IT Services & Consulting,Mumbai
Nahar Group of Companies,3.5,173,Fashion & Textile,Ludhiana
Amagi Media Labs,3.5,174,Software Product,Bengaluru
Ray Engineering,3.9,173,Engineering & Construction,Mumbai
Lilac Insights,3.2,173,Fitness & Wellness,Mumbai
Naxnova,4.4,173,Auto Components,Mumbai
Vertex,3.6,173,Pharma,Hyderabad
M Tech Innovations,4.0,173,Electronics Manufacturing,Pune
Prateek Group,3.9,173,Real Estate,Noida
Ganges Internationale,2.9,173,Power,Puducherry
Abu Dhabi Oil Refining Company,4.4,174,Oil & Gas,Abu Dhabi
Compuage Infocom,4.2,173,Hardware & Networking,Mumbai
Urban Money,2.9,173,Mumbai +49 other locations,
Dipty Lal Judge Mal,4.0,173,Retail,Noida
ARCHER Transnational Systems Private Limited,3.7,173,Legal,Vadodara
Connect Broadband,4.2,174,Telecom,Sahibzada Ajit Singh Nagar
Wonderchef Home Appliances,3.9,173,Consumer Electronics & Appliances,Mumbai
Advanced Medtech Solutions,3.5,173,Medical Equipment,Vadodara
Narayana Medical College & Hospital,3.9,173,Healthcare,Nellore
Automation Anywhere,3.7,173,Industrial Automation,Bengaluru
Egon Zehnder International,3.7,173,Management Consulting,Gurugram
Junomoneta Finsol,2.7,173,Investment Banking / Venture Capital / Private Equity,Rajkot
Jindal Industries Private Limited,3.5,173,Iron & Steel,Kolkata
Jewelex India,3.9,173,Jewellery,Mumbai
Nisa Industrial Services,3.8,173,Law Enforcement & Security,Mumbai
TVS - SUNDARAM BRAKE LININGS,3.0,173,Auto Components,Chennai
J G Hosiery,3.4,173,Fashion & Textile,Kolkata
NSK,3.9,173,Industrial Machinery,Chennai
MResult Services,3.7,173,IT Services & Consulting,Bengaluru
Decon Telecom Solutions,3.2,173,Telecom,Gurugram
KLM Laboratories,3.4,173,Pharma,Vadodara
IPG Mediabrands,3.3,173,Marketing & Advertising,Pune
Eicher Engineering Components,4.1,173,Auto Components,Dewas
AIG,3.8,172,Insurance,Bengaluru
L&T Transportation Infrastructure,4.0,172,Engineering & Construction,Mumbai
West Coast Pharmaceuticals,2.9,172,Pharma,Ahmedabad
Vishay Precision Transducers,3.5,174,Semiconductors,Chennai
CPA Global,3.8,172,IT Services & Consulting,Noida
Narayana Junior College,3.7,172,Education & Training,Hyderabad
Safdarjung Hospital,4.3,173,Healthcare,New Delhi
Aakash Health Care,4.1,173,Healthcare,New Delhi
Steadfast Medishield,3.7,173,Pharma,Noida
Sellcraft Global Solutions,3.5,172,IT Services & Consulting,Pune
Benzo Chem Industries,3.8,172,Chemicals,Bharuch
Topre India,4.3,172,Auto Components,Ahmedabad
Texport Industries,3.5,172,Fashion & Textile,Bengaluru
Leena AI,3.8,172,Software Product,Gurugram
SmartED Innovations,4.0,173,Education & Training,Bengaluru
UTILITY PROJECTS AND SERVICES,3.8,172,Engineering & Construction,Chennai
Wipro Insurance Solutions,3.6,172,Mumbai +11 other locations,
Scientific Games,3.7,172,Gaming,Bengaluru
Arunachala Logistics,4.0,172,Logistics,Hyderabad
MPL Group,3.6,172,Iron & Steel,Hyderabad
NimbusPost,3.4,172,Logistics,Gurugram
MENTORS EDUSERV,4.0,172,EdTech,Patna
Hughes Communications,3.4,172,Gurugram +22 other locations,
Mount Talent Consulting,2.9,172,Recruitment,Noida
Kewal Kiran Clothing,3.7,172,Fashion & Textile,Mumbai
Inditex,4.2,172,Fashion & Textile,New Delhi
Qualsquad Infotech,3.2,172,IT Services & Consulting,Pune
ONKAR DIES,3.7,172,Engineering & Construction,Pune
Kewal Kiran Clothing,3.7,172,Fashion & Textile,Mumbai
ONKAR DIES,3.7,172,Engineering & Construction,Pune
Krishna Buildestates,3.8,172,Engineering & Construction,New Delhi
Outscale Partners,2.6,172,IT Services & Consulting,Gurugram
DHL IT Services,3.7,172,IT Services & Consulting,Chennai
AIG Business Solution,3.3,171,IT Services & Consulting,Gurugram
Fukoku,3.5,171,Automobile,Pune
CDS Infra Projects,3.4,171,Engineering & Construction,New Delhi
Imerys,3.7,171,Metals & Mining,Visakhapatnam
Indian Terrain Fashions,4.3,171,Fashion & Textile,Chennai
Linkquest Telecom,3.4,171,Telecom,Noida
ShopDeck,3.5,173,Internet,Bengaluru
Kepler Healthcare,3.4,171,Pharma,Ahmedabad
Nucon Aerospace,3.9,171,Defence & Aerospace,Hyderabad
Filo,3.4,171,Internet,Gurugram
Xrbia Developers,2.9,171,Real Estate,Pune
Indian Coast Guard,4.1,171,Defence & Aerospace,Chennai
Infosys Springboard,4.6,173,Bengaluru +35 other locations,
Gulf Oil Corporation,4.4,171,Oil & Gas,Hyderabad
Verinite Technologies,4.2,171,IT Services & Consulting,Pune
Smiiel - A Unit Of Motherson Sumi System,3.5,171,Semiconductors,Noida
Endress Hauser,4.1,171,Industrial Automation,Mumbai
MRC Logistics,4.0,171,Logistics,Pune
Honeywell Uop,3.6,171,Oil & Gas,Gurugram
Verity Knowledge Solutions,3.1,171,Investment Banking / Venture Capital / Private Equity,Hyderabad
Anabeeb,4.1,171,Oil & Gas,Al Jubail
NaviSite,3.9,171,IT Services & Consulting,Gurugram
Hansa Cequity,3.1,171,Marketing & Advertising,Mumbai
Naari Pharma,2.7,171,Pharma,Rudrapur
GA Infra Private Limited,3.8,171,Engineering & Construction,Jaipur
Modenik Lifestyle,3.6,171,Fashion & Textile,Bengaluru
Edwise International,3.8,171,Education & Training,Mumbai
Grand View Research,2.9,171,Analytics & KPO,Pune
Net2source,3.4,171,Recruitment,Noida
Idexcel Technologies,2.9,171,IT Services & Consulting,Bengaluru
Rosmerta Safety Systems,3.5,171,Gurugram +37 other locations,
Baskin Robbins,4.0,171,Hospitality,Mumbai
The Dollar Business,3.2,171,IT Services & Consulting,Hyderabad
Attero Recycling,4.2,171,Semiconductors,Noida
Chembond Chemicals,3.7,171,Agro Chemicals,Mumbai
Omega,3.8,171,Industrial Machinery,Chennai
Prudent Corporate Advisory Services,4.0,171,Investment Banking / Venture Capital / Private Equity,Ahmedabad
HYOSUNG T&D,4.0,171,Electrical Equipment,Pune
Peninsula Land,4.0,171,Real Estate,Mumbai
98thPercentile,4.0,171,EdTech,Hyderabad
The Dollar Business,3.2,171,IT Services & Consulting,Hyderabad
Chembond Chemicals,3.7,171,Agro Chemicals,Mumbai
Attero Recycling,4.2,171,Semiconductors,Noida
BYD Electronics,3.4,171,Electronics Manufacturing,Chennai
Ideas2IT Technologies,3.5,171,Software Product,Chennai
SEW Infrastructure,3.4,171,Engineering & Construction,Hyderabad
CDW,4.1,171,IT Services & Consulting,Chennai
Camlin Fine Sciences,3.5,171,Chemicals,Mumbai
Creditas Solutions,3.1,168,FinTech,Gurugram
Vizza Insurance Broking Services,3.2,170,Insurance,Chennai
IFFCO Kisan Finance,3.4,171,New Delhi +46 other locations,
Deshpande Foundation,4.0,170,Non-Profit,Hubballi
CGS,3.4,171,IT Services & Consulting,Hyderabad
ShopX,4.4,170,Internet,Bengaluru
Claris Lifesciences Ahmedabad,3.3,170,Healthcare,Ahmedabad
Federal Mogul Powertrain,3.6,170,Auto Components,Bhiwadi
Okinawa Autotech,3.4,170,Auto Components,Gurugram
SSK Group,3.5,170,FMCG,Pune
Coherent Market Insights,3.2,170,Management Consulting,Pune
Allahabad Bank,4.5,170,Banking,Kolkata
RevFin,3.9,170,Financial Services,New Delhi
Niyo Solutions,3.2,171,Financial Services,Bengaluru
Royal Bank of Scotland International,4.1,170,Banking,Chennai
Manorama Industries Limited,4.6,170,FMCG,Raipur
Publicis Global Delivery,4.0,170,Media & Entertainment,Gurugram
Cherry Hill Interiors,4.2,170,Architecture & Interior Design,New Delhi
Petroexcel Technology Services,3.5,171,Oil & Gas,Vadodara
Swiss Garnier Life Sciences,3.5,169,Pharma,Chennai
Ivangel Sales & Services,3.8,170,BPO,Mumbai
Semac Consultants,4.0,170,Engineering & Construction,Bengaluru
Clearwater Analytics,2.6,171,Internet,Noida
ICONMA,3.0,171,Recruitment,Hyderabad
Armstrong International,4.0,170,Industrial Machinery,Chennai
OM Careers,2.7,170,Recruitment,Ludhiana
Amphenol Omniconnect - India,3.7,170,Electronics Manufacturing,Chennai
CoinDCX,4.0,170,Emerging Technologies,Bengaluru
Government of Odisha,4.0,170,Government,Bhubaneswar
AdamsBridge Global,3.5,170,Internet,Chennai
Speed Engineering Solutions,3.9,170,Industrial Machinery,Pune
Arihant Capital Markets,4.1,170,Financial Services,Indore
Dexian India Technologies,3.5,170,IT Services & Consulting,Chennai
Ramco Steels,3.8,170,Iron & Steel,Faridabad
Hansa Direct,3.2,170,Marketing & Advertising,Mumbai
Harvest Gold Industries,3.7,170,Food Processing,New Delhi
Amar Cars,3.8,171,Automobile,Vadodara
OM Careers,2.7,170,Recruitment,Ludhiana
TerraCIS Technologies,3.6,170,IT Services & Consulting,Gurugram
Deepija Telecom,3.9,170,Software Product,Hyderabad
Amphenol Omniconnect - India,3.7,170,Electronics Manufacturing,Chennai
Frick India,3.7,170,Industrial Machinery,Faridabad
Rysun Labs,3.4,170,IT Services & Consulting,Ahmedabad
Conviction HR,3.9,170,Recruitment,Mumbai
Geodis Overseas,3.3,170,Logistics,Chennai
Chowgule Industries,3.6,169,Auto Components,Pune
BUDDI.AI,3.5,169,Software Product,Chennai
ASSET DEALS,4.3,169,Gurugram +4 other locations,
BUDDI.AI,3.5,169,Software Product,Chennai
Sindhuja Microcredit,3.7,172,NBFC,Noida
Ultratech India,4.1,169,Pharma,Mumbai
Advance Career Solutions,3.9,169,Recruitment,Jaipur
Homesfy Realty,3.5,169,Real Estate,Mumbai
Border Roads Organisation,4.2,169,Government,New Delhi
Sabyasachi Couture,3.8,169,Fashion & Textile,Kolkata
Kemwell Biopharma,3.4,169,Biotechnology,Bengaluru
Kriya It,3.3,169,Internet,Chittoor
Pritam International,3.4,169,Consumer Electronics & Appliances,Roorkee
Henkel,3.7,169,Chemicals,Chennai
IBM Consulting,3.7,169,Bengaluru +13 other locations,
Niveus Solutions (Part of NTT Data),3.8,169,IT Services & Consulting,Mangaluru
St. Mary's School,3.8,169,Education & Training,New Delhi
Pacific Global Solutions,3.4,169,Ahmedabad +5 other locations,
New Era Technology,3.5,169,IT Services & Consulting,Bengaluru
Macmillan Publishers,3.4,169,Printing & Publishing,Chennai
InAmigos Foundation,4.8,169,Chennai +23 other locations,
Hire Glocal,4.0,169,Recruitment,Mumbai
Khadi Natural Healthcare,4.2,169,Fitness & Wellness,New Delhi
Peekay Steel Castings,4.0,169,Iron & Steel,Coimbatore
American Institute of Pathology and Laboratory Sciences,4.2,169,Healthcare,Hyderabad
Bose,3.6,169,Consumer Electronics & Appliances,New Delhi
Everest Group,2.7,169,Analytics & KPO,Gurugram
Milestone Gears,3.9,169,Auto Components,Baddi
Hyland Software Solutions India LLP,3.7,171,IT Services & Consulting,Kolkata
Yuken India,3.3,169,Industrial Machinery,Bengaluru
B M Birla Heart Research Centre,3.6,169,Healthcare,Kolkata
Orchid Hotel,3.4,169,Hospitality,Mumbai
Somika Sarl,4.1,169,Metals & Mining,Vadodara
Nerdy Turtlez,2.4,168,EdTech,Kolkata
Steer Engineering,3.1,168,Engineering & Construction,Bengaluru
Seco Tools,4.1,168,Metals & Mining,Pune
Bimal Auto Agency,3.7,168,Auto Components,Bengaluru
Shree Technocrat Communication Systems,3.7,168,Telecom,New Delhi
KodNest,4.1,169,Bengaluru +12 other locations,
Synergy Property Development Services,3.9,168,Real Estate,Bengaluru
AECC Global,3.0,168,Financial Services,Chennai
Hartex Rubber,3.2,168,Auto Components,Hyderabad
Ram Kripal Singh Construction,3.6,168,Engineering & Construction,Ranchi
Fairfield Inn by Marriott,4.1,168,Hospitality,Hyderabad
Facebook,4.4,168,Internet,Bengaluru
Graphic Era University,3.5,168,Education & Training,Dehradun
Super Bond Adhesives,4.3,168,Chemicals,Mumbai
TruCap Finance,3.8,168,Financial Services,Mumbai
Eduvanz,3.5,168,FinTech,Mumbai
Wingtech Mobile Communication,4.0,169,Electronics Manufacturing,Tirupati
Central Coalfields,4.5,168,Metals & Mining,Ranchi
Fraazo,3.5,168,Internet,Mumbai
Doms Industries,3.8,169,Other,Umbergaon
Canteen Stores Department,4.4,168,Government,Mumbai
Hotel Park Plaza,4.1,168,Hospitality,New Delhi
MyGlamm,3.4,169,Internet,Mumbai
Alcove Realty,4.0,168,Real Estate,Kolkata
Envirocare Labs,4.1,168,"Testing, Inspection and Certification (TIC)",Mumbai
Trafigura,3.1,168,Logistics,Mumbai
Shri Kshetra Dharmasthala Rural Development Project,4.0,168,Bengaluru +53 other locations,
AMPLUS SOLAR,4.3,168,Internet,Gurugram
MAT Brakes,3.9,168,Industrial Machinery,Sonipat
Egniol Services Private Limited,2.3,168,Legal,Ahmedabad
AMPLUS SOLAR,4.3,168,Internet,Gurugram
Techno Exponent,3.7,168,Financial Services,Kolkata
Crane Consulting and Outsourcing,3.9,168,Bengaluru +5 other locations,
Kesari Tours,3.5,168,Travel & Tourism,Mumbai
Farmson Pharmaceutical,3.2,168,Pharma,Vadodara
First Solar,4.0,168,Internet,Chennai
SembCorp,3.9,168,Power,Gurugram
Manomav Engineers,3.9,168,Engineering & Construction,Noida
MAT Brakes,3.9,168,Industrial Machinery,Sonipat
Nido Machineries,3.6,168,Industrial Machinery,Mumbai
Satvat Infosol,3.1,168,IT Services & Consulting,Chennai
Amity International School,3.9,168,Education & Training,New Delhi
Maharashtra State Electricity Transmission Company,3.8,168,Government,Mumbai
TeamLease Edtech,3.3,168,EdTech,Mumbai
Hind Rectifiers,3.6,167,Electrical Equipment,Mumbai
Xpo Logistics,3.2,167,Logistics,Pune
Daramic Battery Separator India,3.6,167,Electrical Equipment,Bharuch
Flatworld Mortgage Processing,3.5,167,IT Services & Consulting,Bengaluru
Strategic Learning Solutions,4.1,167,BPO,Gurugram
Cease Fire,2.8,168,New Delhi +42 other locations,
Multi Commodity Exchange of India,3.1,167,Financial Services,Mumbai
Arya Collateral Warehousing Services,4.3,167,Agriculture,Noida
Rubicon Skill Development,2.6,167,Pune +15 other locations,
iBall,4.1,167,Consumer Electronics & Appliances,Mumbai
Mindenious Edutech,4.2,168,Education & Training,Bengaluru
Makino Auto Industries,3.9,167,Automobile,Noida
Aditya Birla Lifestyle Brands,4.0,172,Bengaluru +39 other locations,
Emmbi Industries,3.6,167,Packaging,Dadra & Nagar Haveli
Infiniminds,3.6,167,IT Services & Consulting,Bengaluru
B5 Plus,3.1,167,Iron & Steel,Vadodara
East India Technologies,3.0,167,Electronics Manufacturing,Noida
India1 Payments,3.7,168,Financial Services,Bengaluru
ARSS Infrastructure Projects,3.6,167,Engineering & Construction,Bhubaneswar
Elektrobit India,3.9,167,IT Services & Consulting,Bengaluru
Community Health Center,4.2,167,Healthcare,Lucknow
Oceanic Pharmachem,4.2,167,Pharma,Mumbai
Oakridge International School,3.3,167,Education & Training,Hyderabad
Maharashtra State Road Transport Corporation,4.1,167,Government,Mumbai
Samvardhana Motherson Auto Component,3.8,167,Electrical Equipment,Chennai
Privi Organics,3.8,167,Chemicals,Mahad
Oakridge International School,3.3,167,Education & Training,Hyderabad
Shimizu,4.1,167,Engineering & Construction,Bengaluru
Samvardhana Motherson Auto Component,3.8,167,Electrical Equipment,Chennai
Kaseya Software,3.1,167,Software Product,Bengaluru
ROI NET Solution,4.3,167,FinTech,Gurugram
Prudent Insurance Brokers,3.7,167,Insurance,Mumbai
HTIC Global,3.7,167,Management Consulting,Kochi
Aranca,3.3,167,Analytics & KPO,Mumbai
Krishna Institute of Medical Sciences,3.8,167,Healthcare,Hyderabad
Azmeel Contracting,4.1,167,Engineering & Construction,Al Jubail
iNeuron.ai,4.1,167,Bengaluru +6 other locations,
VK Building Services,3.9,167,Engineering & Construction,Bengaluru
Dynamic Techno Medicals,3.7,167,Medical Equipment,Kochi
Corpone Staffing Solutions,3.9,167,BPO,Hyderabad
Billroth Hospitals,3.5,167,Healthcare,Chennai
Isprava,3.2,168,Real Estate,Mumbai
ACE Group,4.1,167,Real Estate,Noida
Grundfos,4.0,167,Industrial Machinery,Chennai
Augustus Healthcare Solutions,3.7,167,Healthcare,Pune
efficiently,2.5,167,Hyderabad +4 other locations,
Advatix,3.0,167,Gurugram +7 other locations,
Lilavati Hospital & Research Centre,3.9,167,Healthcare,Mumbai
Gemini Edibles & Fats India,4.1,167,Food Processing,Kakinada
Ace Pipeline Contracts,4.2,167,Engineering & Construction,Mumbai
Sahu Exports,4.1,167,Fashion & Textile,Noida
Jobby Engineers,4.2,166,Engineering & Construction,Mumbai
Centelon,2.8,167,IT Services & Consulting,Pune
M.P. Power Transmission Company,4.0,166,Power,Jabalpur
V S International,3.8,168,Pharma,Daman & Diu
Safeguard Global,3.6,166,Recruitment,New Delhi
MBit Computraining,3.7,166,Recruitment,Hyderabad
CBTS TECHNOLOGY SOLUTIONS INDIA LLP,3.9,166,IT Services & Consulting,Chennai
PMJ Gems & Jewellers,3.5,166,Jewellery,Hyderabad
MT Autocraft,4.0,166,Auto Components,Rohtak
PCS Technology,3.7,166,IT Services & Consulting,Mumbai
EAPRO Global Ltd,4.2,166,Consumer Electronics & Appliances,Roorkee
Tracks Components,3.2,166,Pune +8 other locations,
VOLTECH O AND M SERVICES,4.0,168,Oil & Gas,Chennai
Nordusk Led,4.4,166,Electronics Manufacturing,Kolkata
PCS Technology,3.7,166,IT Services & Consulting,Mumbai
bgr Mining infra pvt Ltd,4.0,166,Metals & Mining,Hyderabad
Medvarsity Online,3.0,166,EdTech,Hyderabad
Safeguard Global,3.6,166,Recruitment,New Delhi
SKS Fasteners,3.3,166,Auto Components,Pune
Hestabit Technologies,3.8,166,IT Services & Consulting,Noida
VWR International,3.6,166,Pharma,Coimbatore
HexaView Technologies,3.4,167,IT Services & Consulting,Noida
Iprogrammer Solutions,4.0,166,IT Services & Consulting,Pune
thinkbridge,3.7,166,IT Services & Consulting,Pune
T&N Business Services,4.7,166,Recruitment,Aligarh
MathWorks,4.0,166,Software Product,Bengaluru
Shinhan Bank,3.1,166,Banking,Mumbai
GP Strategies,3.5,166,Management Consulting,Chennai
Export Trading group,3.5,166,IT Services & Consulting,Bengaluru
Nexus Select Trust,4.1,166,Retail,Bengaluru
India Power Corporation,3.7,166,Power,Kolkata
Ajit Industries Pvt.Ltd,4.2,166,Chemicals,New Delhi
Ocl Iron & Steel,3.6,166,Iron & Steel,Rourkela
Sterling Biotech,3.9,166,Pharma,Vadodara
Acme Formulation,3.0,166,Pharma,Baddi
Export Trading group,3.5,166,IT Services & Consulting,Bengaluru
GP Strategies,3.5,166,Management Consulting,Chennai
Raam Group,3.2,166,Automobile,Hyderabad
Ocl Iron & Steel,3.6,166,Iron & Steel,Rourkela
Broadcast Engineering Consultants India,3.5,166,Government,New Delhi
Vanesa Care,4.1,166,Beauty & Personal Care,New Delhi
Nivara Home Finance,3.7,166,Financial Services,Bengaluru
CoachX,4.8,166,Pune +5 other locations,
Population Services International (PSI),3.9,165,Non-Profit,New Delhi
Jupiter Wagons,3.7,168,Railways,Kolkata
Tulip Diagnostics,3.7,165,Medical Equipment,Kolkata
Pramata Knowledge Solutions,3.3,165,Software Product,Bengaluru
Bayer Zydus Pharma,3.4,165,Pharma,Mumbai
IIT Delhi,4.1,165,Education & Training,New Delhi
Automotive Research Association of India,4.1,165,Auto Components,Pune
Alp Overseas,3.6,165,Auto Components,Neemrana
Milltec Machinery Pvt Ltd Bangalore,3.9,165,Industrial Machinery,Bengaluru
HYOSUNG,3.4,165,Electronics Manufacturing,Chhatrapati Sambhajinagar
IREP Credit Capital,4.0,165,Financial Services,Hyderabad
Population Services International (PSI),3.9,165,Non-Profit,New Delhi
Satec Envir Engineering (I),4.1,165,Engineering & Construction,Mumbai
Jupiter Wagons,3.7,168,Railways,Kolkata
Acute Informatics,3.2,165,IT Services & Consulting,Ahmedabad
Pramata Knowledge Solutions,3.3,165,Software Product,Bengaluru
Tulip Diagnostics,3.7,165,Medical Equipment,Kolkata
Skechers South Asia,4.3,165,Retail,Mumbai
Covestro,4.5,165,Petrochemicals,Greater Noida
Thirdware Solutions,4.2,165,IT Services & Consulting,Chennai
Ceigall,3.2,167,Engineering & Construction,Ludhiana
Suraksha Gold Industries Private Limited,4.4,165,Building Material,New Delhi
Roto Pumps,3.6,165,Industrial Machinery,Noida
Sharp Sight,4.0,166,Healthcare,New Delhi
Anvil Cables,3.7,165,Semiconductors,Kolkata
Gulshan Polyols,3.5,165,Chemicals,New Delhi
Envision Enterprise Solutions,2.7,165,IT Services & Consulting,Hyderabad
HYOSUNG,3.4,165,Electronics Manufacturing,Chhatrapati Sambhajinagar
Topsoe,3.8,165,Chemicals,Faridabad
3Pillar Global,3.2,165,Software Product,Noida
Alp Overseas,3.6,165,Auto Components,Neemrana
Sankara Nethralaya,3.9,165,Non-Profit,Chennai
Jotun Paints,4.0,165,Petrochemicals,Pune
Verint Systems,3.7,165,IT Services & Consulting,Bengaluru
Suven Life Sciences,3.6,165,Pharma,Hyderabad
Garuda Power,3.0,165,Industrial Machinery,Kolkata
Innovassynth Technologies,3.4,165,Chemicals,Khopoli
Jaypee Brothers Medical Publishers,3.3,165,Printing & Publishing,New Delhi
Sarvatra Technologies,4.2,165,IT Services & Consulting,Pune
Trayee Business Solutions,3.4,165,BPO,Chennai
ACI Worldwide,4.0,165,Software Product,Bengaluru
Makino,3.5,165,Auto Components,Bengaluru
Flexsin Technologies,3.7,165,IT Services & Consulting,Noida
Voith,3.7,166,Pulp & Paper,Noida
KRYFS POWER COMPONENTS,3.9,165,Industrial Machinery,Mumbai
Delhi Integrated Multi Modal Transit System,3.6,165,Government,New Delhi
Indivillage Tech Solutions,3.5,165,IT Services & Consulting,Yemmiganur
Goodricke Group,4.0,165,Food Processing,Kolkata
Qapitol Qa,3.8,165,IT Services & Consulting,Bengaluru
Pyrotech Electronics,3.1,165,Electronics Manufacturing,Udaipur
Uniproducts,3.5,165,Auto Components,Rewari
Kirtane & Pandit,3.4,165,Accounting & Auditing,Pune
Vitromed Healthcare,3.4,165,Medical Equipment,Jaipur
RxLogix Corporation,2.1,165,Software Product,Noida
Group Pharmaceuticals,3.8,165,Pharma,Bengaluru
The Knowledge Academy,2.6,165,Education & Training,Bengaluru
TVS Upasana Engineering,3.6,164,Automobile,Hosur
Welspun Specialty Solutions,3.6,167,Iron & Steel,Bharuch
Sterling Information Resources,3.5,164,Analytics & KPO,Mumbai
Sharp Business Systems India,3.5,164,Consumer Electronics & Appliances,New Delhi
Edujobs Academy,3.2,164,Education & Training,Kolkata
Faasos Food Services,3.6,164,Internet,Mumbai
SRV Media,3.4,164,Marketing & Advertising,Pune
Vehant Technologies,3.9,164,IT Services & Consulting,Noida
Americana Group,3.6,164,Food Processing,New Delhi
StrategicERP,4.1,164,Software Product,Mumbai
Merilytics,2.9,164,Analytics & KPO,Hyderabad
Smart Drive Systems,3.4,164,IT Services & Consulting,Hyderabad
Enlist Management Consultants,3.2,164,Recruitment,Kolkata
GKB Opticals,4.4,164,Retail,Kolkata
iVistec Partners India Private Limited,3.9,164,IT Services & Consulting,Noida
Acuvate Software,3.1,164,Software Product,Hyderabad
TIL,3.6,164,Industrial Machinery,Kolkata
Airpay Payment Services,2.9,164,FinTech,Mumbai
SOTI,3.0,164,Software Product,Gurugram
Conserve Solution,3.8,164,Engineering & Construction,Chennai
Planit Testing India,3.3,164,IT Services & Consulting,Hyderabad
Inductotherm,3.7,164,Industrial Machinery,Ahmedabad
Innovision,3.1,164,Facility Management Services,Gurugram
Aligarh Muslim University,4.6,164,Education & Training,Aligarh
Teliolabs,4.0,164,Emerging Technologies,Hyderabad
Lotus Footwear Enterprises,4.0,164,Fashion & Textile,Chennai
Modi Builders & Realtors,2.8,164,Engineering & Construction,Hyderabad
Aptronix - Apple Premium Reseller,3.9,164,Electrical Equipment,Hyderabad
Deepak Novochem Technologies,4.0,164,Chemicals,Chiplun
Zeta Global,3.4,164,Software Product,Hyderabad
HCL Foundation,4.4,164,Non-Profit,Lucknow
Premium Chick Feeds,3.6,164,Agriculture,Pune
Encotec Energy,4.2,164,Power,Noida
Manipal HealthMap,4.1,163,Healthcare,New Delhi
DCM Infotech,3.4,163,IT Services & Consulting,New Delhi
Eastman Industries,3.7,163,Auto Components,Ludhiana
Banas Dairy,3.9,164,Food Processing,Palanpur
Gera Developments,4.1,163,Real Estate,Pune
VFS Capital,3.7,163,NBFC,Kolkata
LC Infra Projects,3.9,163,Engineering & Construction,Ahmedabad
Desai Construction,4.1,163,Engineering & Construction,Valsad
Eastern Coalfields,4.1,163,Metals & Mining,Asansol
Baxter Pharmaceuticals,4.2,163,Pharma,Ahmedabad
E C R Buildtech,3.9,163,Engineering & Construction,New Delhi
Indian Armed Forces,4.5,164,Government,New Delhi
Ecozen Solutions,4.1,165,Industrial Automation,Pune
Solera,3.2,163,IT Services & Consulting,Bengaluru
Vee Gee Auto Components,4.0,165,Auto Components,Ahmedabad
BigStep Technologies,4.3,163,IT Services & Consulting,Gurugram
Brindavan Beverages,4.0,163,Beverage,Bareilly
Gujarat State Electricity Corporation,4.4,163,Government,Ahmedabad
Thomson Press India,4.1,163,Printing & Publishing,Faridabad
Sarla Advantech,3.9,163,Engineering & Construction,Pune
Celebi Delhi Cargo Terminal Management,4.2,163,Aviation,New Delhi
Euronics Industries,3.5,163,Building Material,Gurugram
Hubtown,3.2,163,Engineering & Construction,Mumbai
MedTourEasy,4.7,163,Internet,New Delhi
Lokmat Media,4.0,163,Printing & Publishing,Mumbai
Mosaic Wellness,3.2,163,Fitness & Wellness,Mumbai
Kanakadurga Finance,3.6,163,NBFC,Vijayawada
JCT Limited,3.9,163,Fashion & Textile,Phagwara
TripFactory,2.0,163,Travel & Tourism,Bengaluru
Meil Anpara Power,3.8,163,Sonbhadra +11 other locations,
TAAZAA,3.9,163,IT Services & Consulting,Noida
AstroTalk,3.4,163,Internet,Noida
Bhartiya International,3.5,163,Fashion & Textile,Bengaluru
Sikka Group,3.5,163,Real Estate,New Delhi
Bsa Corporation,3.8,163,Auto Components,Pune
K.R.Mangalam World School,4.0,163,Education & Training,New Delhi
Vibracoustic,3.5,163,Automobile,Noida
Kalburgi Cement,3.5,163,Building Material,Kalaburagi
Cadeploy Engineering,3.2,163,Engineering & Construction,Hyderabad
Escorts Railway Equipment Division,3.8,163,Industrial Machinery,Faridabad
Chryso,3.8,163,Chemicals,Mumbai
TAL Manufacturing Solutions,3.8,163,Industrial Machinery,Nagpur
Helo.ai by VivaConnect,4.3,162,Telecom,Mumbai
Unipath Specialty Laboratory,3.7,162,Healthcare,Ahmedabad
MDI NetworX,3.9,161,IT Services & Consulting,Pune
Concentric,3.6,162,Industrial Machinery,Bengaluru
Futran Solutions,3.9,162,Software Product,Pune
CTX Life Science,3.8,162,Pharma,Surat
Shri Ram Finance Corporation,3.0,163,Financial Services,Raipur
TV9 Network,3.7,162,Media & Entertainment,Noida
Badri Rai and Company,3.8,162,Engineering & Construction,Guwahati
SugarFit,3.9,162,Healthcare,Bengaluru
CollegePur,4.7,162,Education & Training,Ghaziabad
TAL Manufacturing Solutions,3.8,163,Industrial Machinery,Nagpur
Gibraltar Technologies,3.9,162,IT Services & Consulting,Bengaluru
Magnum Group,3.2,162,BPO,Bhopal
Apparel Group UAE,3.4,162,Retail,Dubai
Delval Flow Controls,4.1,162,Industrial Machinery,Pune
Thermo Systems India,3.9,163,Semiconductors,Hyderabad
Shobhit Mediworld,3.9,162,Lucknow +20 other locations,
Ankur Seeds,4.1,162,Agriculture,Nagpur
Bhilai Iron And Steel Processing Company,4.0,162,Iron & Steel,Bhilai Nagar
Avinash Group,3.4,162,Real Estate,Raipur
Diversey,3.9,162,Chemicals,Mumbai
Enzen Global Solutions,2.8,162,Power,Bengaluru
Motovolt Mobility,3.7,163,Automobile,Kolkata
Datavail Infotech,3.3,162,IT Services & Consulting,Hyderabad
Topsel Toyota,3.8,162,Automobile,Kolkata
University of Delhi,4.3,162,Education & Training,New Delhi
Plintron Global Technology Solutions,2.9,162,Telecom,Chennai
Cognifyz Technologies,4.0,162,Hyderabad +34 other locations,
Rayden Interactive,2.7,162,IT Services & Consulting,Pune
Webvio Technologies,4.2,162,IT Services & Consulting,Kolkata
Pasco Automobiles,4.2,162,Automobile,Gurugram
SoftTech Engineers Limited,3.3,162,Engineering & Construction,Pune
Takahata Precision,4.2,162,Auto Components,Neemrana
Inube Software Solutions,3.0,162,Software Product,Bengaluru
Sampark Logistics,3.3,162,Logistics,Faridabad
Interactive Avenues,3.3,162,Marketing & Advertising,Mumbai
Enaltec Labs,2.9,162,Pharma,Mumbai
Bankai Infotech,3.1,162,IT Services & Consulting,Ahmedabad
NetProphets Cyberworks,3.5,162,IT Services & Consulting,Noida
Goel Ganga Developments,3.6,162,Real Estate,Pune
MELCO,3.5,162,Industrial Machinery,Faridabad
Durr India,3.4,162,Industrial Automation,Chennai
Pioneer e Solutions,3.6,162,IT Services & Consulting,New Delhi
Synchronoss Technologies,4.3,162,Telecom,Bengaluru
Encalm Hospitality,3.9,162,Aviation,New Delhi
Mohani Tea Leaves,4.0,162,FMCG,Kanpur
Batra Hospital,3.9,162,Healthcare,New Delhi
Mahavir Die Casters,3.8,162,Auto Components,Gurugram
American India Foundation,3.8,162,Non-Profit,New Delhi
Quba Architectural Products,4.2,162,Architecture & Interior Design,Mumbai
Tcs And Associates,3.4,162,IT Services & Consulting,Chennai
BlueBinaries Engineering and Solutions,2.6,163,Software Product,Bengaluru
Tarento Technologies,3.5,162,IT Services & Consulting,Bengaluru
Sberbank Branch in India,3.1,162,Banking,Bengaluru
Punjab & Sind Bank,3.2,162,Banking,New Delhi
Pioneer Wincon,4.4,162,Power,Chennai
Vulcan Express,3.6,161,Logistics,New Delhi
Capricorn Energy,3.6,161,Oil & Gas,Barmer
WAE,3.3,162,Waste Management,Noida
Enquero,4.2,161,IT Services & Consulting,Bengaluru
Healthworld Hospitals,3.9,163,Healthcare,Durgapur
WAE,3.3,162,Waste Management,Noida
Toll Group,3.9,161,Logistics,Pune
FMI Automotive Components,3.8,162,Auto Components,Gurugram
CLIRNet,3.6,161,Internet,Kolkata
Sri Balaji Action Medical Institute,4.0,161,Healthcare,New Delhi
Shivalik Rasayan,3.6,161,Agro Chemicals,Bharuch
Shakti Precision Components,3.6,161,Other,Bengaluru
Sun Flag Steel,3.6,162,Iron & Steel,Bhandara
Prabha Engineering,3.7,161,Auto Components,Pune
AYTB,3.8,161,Engineering & Construction,Al Jubail
Data Template Infotech,3.6,161,IT Services & Consulting,Bengaluru
IG Defence,4.5,161,Bhubaneswar +4 other locations,
Capricorn Energy,3.6,161,Oil & Gas,Barmer
Indian Steel Corporation,4.1,161,Iron & Steel,Gandhidham
The Calcutta Medical Research Institute,3.8,161,Healthcare,Kolkata
Axis Mutual Fund,3.9,161,Financial Services,Mumbai
Lupin Diagnostics,3.9,161,Medical Equipment,Mumbai
Silver Consumer Electricals,3.1,161,Industrial Machinery,Rajkot
AKM Global,4.1,161,Accounting & Auditing,Gurugram
CLIRNet,3.6,161,Internet,Kolkata
Sri Balaji Action Medical Institute,4.0,161,Healthcare,New Delhi
Shakti Precision Components,3.6,161,Other,Bengaluru
Sourcefuse Technologies,2.7,161,IT Services & Consulting,Noida
Shivalik Rasayan,3.6,161,Agro Chemicals,Bharuch
IonIdea,3.1,161,Software Product,Bengaluru
Nehru Yuva Kendra Sangathan,4.4,161,Non-Profit,New Delhi
Jyote Motors,3.6,161,Automobile,Bhubaneswar
Uno Minda Kyoraku,3.8,161,Automobile,Bawal
Sanyo Special Steel Manufacturing,4.1,161,Iron & Steel,Khopoli
Poct Services,3.9,161,Medical Equipment,Lucknow
JSW Dulux,4.1,161,Building Material,Mumbai
Cronus Pharma Specialities India,3.4,161,Pharma,Hyderabad
Pearl Beverages,3.1,161,Beverage,Guntur
Khivraj Motors,3.8,161,Automobile,Chennai
Atotech,3.9,161,Chemicals,Gurugram
ValGenesis,2.9,161,Software Product,Chennai
Chandan Healthcare,3.3,161,Healthcare,Lucknow
Webdew,4.5,161,IT Services & Consulting,Sahibzada Ajit Singh Nagar
Poct Services,3.9,161,Medical Equipment,Lucknow
ValGenesis,2.9,161,Software Product,Chennai
Inshorts,3.5,161,Internet,Noida
Vasant Masala,4.0,161,Retail,Ahmedabad
Outlook,2.8,160,New Delhi +14 other locations,
Texila Educational And Management Services,3.9,160,Education & Training,Coimbatore
Signzy Technologies,2.9,160,Software Product,Bengaluru
StoreKing,3.2,161,Internet,Bengaluru
Baggit,2.7,160,Fashion & Textile,Mumbai
IndianOil Skytanking,3.2,160,Oil & Gas,New Delhi
EMB Global,4.3,160,Internet,Gurugram
Horizontal Integration,3.4,160,IT Services & Consulting,Bengaluru
Agriculture Insurance Company of India,4.2,161,Insurance,New Delhi
TI METAL FORMING,4.0,160,Auto Components,Chennai
Rich Graviss Products,4.0,160,FMCG,Pune
YuppTV,3.5,160,Broadcasting,Hyderabad
Captain Tractors,4.4,160,Automobile,Rajkot
Echelon Institute of Technology,4.3,160,Education & Training,Faridabad
RS Software (India) Ltd.,3.2,160,FinTech,Kolkata
Ambrane India,4.6,160,Consumer Electronics & Appliances,New Delhi
TC Global,3.5,160,Education & Training,New Delhi
NELCAST,3.6,160,Iron & Steel,Chennai
Ambrane India,4.6,160,Consumer Electronics & Appliances,New Delhi
Agriculture Insurance Company of India,4.2,161,Insurance,New Delhi
Horizontal Integration,3.4,160,IT Services & Consulting,Bengaluru
Auditics Private Limited,3.8,160,Accounting & Auditing,Chennai
Melorra,3.1,160,Internet,Bengaluru
Volvo Construction Equipment,4.1,160,Industrial Machinery,Bengaluru
Sundyota Numandis Pharmaceuticals,3.9,160,Pharma,Ahmedabad
Colgate Global Business Services,3.4,160,IT Services & Consulting,Mumbai
Unislink,3.5,160,Healthcare,Hyderabad
CriticalRiver,2.7,160,IT Services & Consulting,Hyderabad
JCBL,3.5,160,Automobile,Sahibzada Ajit Singh Nagar
Apicore Pharmaceuticals,3.7,160,Pharma,Vadodara
Thoucentric,3.6,160,Management Consulting,Bengaluru
MRI Software,3.1,160,Software Product,Bengaluru
Tamilnadu Petroproducts,4.2,160,Petrochemicals,Chennai
Virtuoso,3.5,160,Industrial Automation,Pune
Turner & Townsend,3.8,160,Engineering & Construction,Mumbai
Nitika Pharmaceutical Specialities,3.5,160,Pharma,Nagpur
Intec Infra-Technologies,3.8,160,Gurugram +5 other locations,
Etraveli Group,3.0,160,Travel & Tourism,Mumbai
Apollomedics Super Speciality Hospitals,4.1,160,Healthcare,Lucknow
Kartavya Healtheon,3.7,160,Internet,Mumbai
Bennett University,3.6,160,Education & Training,Greater Noida
Calix,4.0,159,Telecom,Bengaluru
Veeraraghavan & Company,2.9,159,Accounting & Auditing,Mumbai
Lotus Wireless Technologies,3.2,159,IT Services & Consulting,Visakhapatnam
Suwasthi,2.4,159,Beauty & Personal Care,Noida
Uttam Strips,3.4,159,Iron & Steel,Bhiwadi
JConnect Infotech,3.3,159,Recruitment,Noida
Muvi,4.0,159,Internet,Bhubaneswar
5K Car Care,4.4,159,Other,Coimbatore
Naaraayani Sons,3.7,159,Metals & Mining,Kolkata
Scymes Services,3.3,159,IT Services & Consulting,Mumbai
Zurich Kotak General Insurance,3.0,161,Insurance,Mumbai
Kearney,3.2,159,Management Consulting,Gurugram
Unirac,3.9,159,Power,Hyderabad
MoreTasks,4.2,159,IT Services & Consulting,Gurugram
Delphi Automotive Systems,3.8,159,Auto Components,Bengaluru
Hirschvogel Components,4.1,160,Auto Components,Pune
Arundhati Jewellers,3.5,159,Jewellery,Bhubaneswar
Eagleview,3.2,159,Software Product,Bengaluru
Vasavi Group,3.8,162,Real Estate,Hyderabad
AYN InfoTech,4.5,159,IT Services & Consulting,Pune
Jindal Stainless Steelway,3.8,160,Iron & Steel,Gurugram
BANGMETRIC,3.9,158,IT Services & Consulting,Noida
Narayan Seva Sansthan,4.0,159,Non-Profit,Udaipur
Electrolab,3.5,159,Medical Equipment,Mumbai
FreshMenu,3.2,159,Hospitality,Bengaluru
Inorbit Mall,4.1,159,Retail,Mumbai
Rolls-Royce,3.9,159,Defence & Aerospace,Bengaluru
CBSE,4.3,159,Education & Training,New Delhi
FreshToHome,3.5,159,Hospitality,Bengaluru
GIRDHARI LAL CONSTRUCTIONS,3.9,159,Engineering & Construction,New Delhi
Srijan Technologies,3.1,159,IT Services & Consulting,New Delhi
Jhajharia Nirman Limited,4.1,159,Engineering & Construction,Bilaspur
MGM Medical College & Hospital,3.9,159,Healthcare,Chhatrapati Sambhajinagar
AUO Mobility Solutions,4.0,159,Auto Components,Pune
Linedata,2.9,159,Internet,Mumbai
AUO Mobility Solutions,4.0,159,Auto Components,Pune
Linedata,2.9,159,Internet,Mumbai
Jhajharia Nirman Limited,4.1,159,Engineering & Construction,Bilaspur
Creativelipi Webtech,2.7,159,IT Services & Consulting,Noida
Marsh McLennan Global Services,4.1,159,Financial Services,Mumbai
Preet Tractors,3.7,159,Automobile,Nabha
Kotak Mahindra Asset Management Company,4.0,159,Financial Services,Mumbai
Dixcy Textiles,4.2,159,Bengaluru +35 other locations,
Norwin Technologies,3.8,159,IT Services & Consulting,Bengaluru
Sidel,3.8,159,Industrial Machinery,Pune
SanDisk India Device Design Centre,4.0,159,Hardware & Networking,Bengaluru
Axis Securities and Sales,3.5,159,Mumbai +61 other locations,
Ki Mobility Solution,3.4,159,Internet,Chennai
Kaefer,3.6,159,Engineering & Construction,Mumbai
SightSpectrum Technology Solutions,3.2,159,IT Services & Consulting,Chennai
Nxtra Data,4.2,159,IT Services & Consulting,Pune
F5 Networks,3.2,159,IT Services & Consulting,Hyderabad
Khushi Advertising Ideas Private Limited,4.4,159,Marketing & Advertising,Mumbai
Kohinoor Group,3.7,159,Real Estate,Pune
Basicfirst Learning,2.7,158,EdTech,New Delhi
Shubhalakshmi Polyesters,3.9,158,Fashion & Textile,Bharuch
Exim Logistics,4.1,158,Logistics,Bhubaneswar
Interglobe Air Transport,3.4,158,Travel & Tourism,New Delhi
Gammastack,3.3,159,IT Services & Consulting,Indore
Outbooks Outsourcing,3.5,158,Accounting & Auditing,New Delhi
Aurolab,3.7,158,Medical Equipment,Madurai
HMD Global,3.6,158,Electronics Manufacturing,Gurugram
Orange City Water,3.6,158,Waste Management,Nagpur
Avantha Technologies,3.5,158,IT Services & Consulting,Gurugram
Vihaan Networks,4.1,158,Telecom,Gurugram
GAIN Credit,3.8,158,FinTech,Chennai
Airtel Business,3.6,159,Telecom,Gurugram
Hind Terminals,4.0,158,Logistics,Mumbai
illumifin,3.2,158,Insurance,Hyderabad
Hyatt Place,4.0,158,Hospitality,Pune
Modi Naturals,4.0,158,Agro Chemicals,New Delhi
Elkayem Auto Ancillaries,3.4,158,Industrial Machinery,Hosur
KG Invicta Services,3.3,160,Management Consulting,Coimbatore
Solar Defence And Aerospace,3.7,158,Defence & Aerospace,Nagpur
Milliman,3.1,158,Management Consulting,Gurugram
ResearchAyu,3.9,158,Healthcare,Navi Mumbai
Hykon,4.2,158,Electronics Manufacturing,Thrissur
ETP International,2.9,158,Power,Mumbai
Great White Global,3.8,158,Electrical Equipment,Mumbai
Advaith Motors,4.2,158,Automobile,Bengaluru
Axis Sales,4.4,158,Financial Services,Mumbai
Unicorn DenMart,3.9,158,Medical Equipment,New Delhi
HelpAge India,4.0,158,Non-Profit,New Delhi
Paperpedia,1.9,158,EdTech,Kolkata
KHD Humboldt Wedag,4.3,158,Industrial Machinery,New Delhi
Teach For India,3.6,158,Non-Profit,New Delhi
Synmac Consultants,4.0,158,Accounting & Auditing,Chennai
"PKF Sridhar & Santhanam LLP, Chartered Accountants",3.5,158,Accounting & Auditing,Mumbai
Chennais Amirta Group of Institutions,3.8,158,Education & Training,Chennai
RealEstateIndia.com,4.8,158,Real Estate,New Delhi
Shrachi Group,2.5,158,Real Estate,Kolkata
Head Digital Works,4.3,158,Gaming,Hyderabad
ADINATH MOTORS,3.7,158,New Delhi +86 other locations,
Shilpa Biologicals,3.0,158,Dharwad +11 other locations,
Dr. Ram Manohar Lohia Hospital,4.3,158,Healthcare,New Delhi
ADINATH MOTORS,3.7,158,New Delhi +86 other locations,
Paperpedia,1.9,158,EdTech,Kolkata
Simple Logic IT,3.4,158,IT Services & Consulting,Mumbai
Europ Assistance India,3.5,159,Insurance,Mumbai
Harsha Engineers International,4.0,158,Ahmedabad +2 other locations,
Houzeo,3.9,159,Mumbai +2 other locations,
Shree Hari Infraprojects,3.1,157,Engineering & Construction,Jaipur
Ritco Logistics,3.6,157,Logistics,Gurugram
Payswiff Solutions,4.0,157,FinTech,Hyderabad
Damro Furniture,3.5,157,Furniture & Furnishing,Bengaluru
Auto Mechanics,2.7,157,Kolkata +8 other locations,
Franciscan Solutions,2.7,157,IT Services & Consulting,Noida
VLink,3.7,158,IT Services & Consulting,Gurugram
Meena Bazaar,3.5,157,Fashion & Textile,New Delhi
Oerlikon Balzers,3.7,157,Metals & Mining,Pune
Datagain,4.5,157,IT Services & Consulting,Mumbai
Rinder India,3.9,157,Automobile,Pune
Louis Dreyfus Company,3.9,158,Agriculture,Gurugram
BAIF Development Research Foundation,3.6,157,Non-Profit,Pune
Qatargas,4.6,157,Oil & Gas,Mumbai
Premier Irrigation Adritec,3.7,157,Agriculture,Kolkata
Evertogen Life Sciences,2.9,158,Pharma,Hyderabad
Tekskills,3.4,157,IT Services & Consulting,Hyderabad
Vertex Global Services,4.6,157,IT Services & Consulting,Gurugram
Netcon Technologies,3.6,157,IT Services & Consulting,Chennai
Stanadyne India,3.8,158,Auto Components,Chennai
Reynolds,4.2,157,Other,Chennai
Executive Ship Management,3.9,157,Ports & Shipping,Mumbai
Specsmakers Opticians,3.7,158,Retail,Chennai
Presidio Solutions Pvt Ltd,4.6,157,IT Services & Consulting,Chennai
Vortex Engineering,3.9,157,IT Services & Consulting,Chennai
Husk Power Systems,2.9,157,Power,Patna
Corbus,3.5,157,IT Services & Consulting,Noida
Unicommerce Esolutions,3.0,158,Software Product,Gurugram
Xcaliber Infotech,3.1,157,IT Services & Consulting,Pune
Interra Information Technologies,3.1,157,IT Services & Consulting,Noida
Futures First info Services,3.2,157,Financial Services,Gurugram
Back Office,4.0,157,BPO,Mumbai
Galderma,3.5,157,Healthcare,Mumbai
Kirloskar Ebara Pumps,3.7,157,Industrial Machinery,Pune
Futures First info Services,3.2,157,Financial Services,Gurugram
Galderma,3.5,157,Healthcare,Mumbai
Jharkhand State Livelihood Promotion Society,3.5,157,Government,Ranchi
DIC India,3.8,157,Chemicals,Noida
Computer Generated Solutions,3.1,157,IT Services & Consulting,Hyderabad
Back Office,4.0,157,BPO,Mumbai
Kabra Extrusion Technik,3.6,157,Industrial Machinery,Pune
Alice Blue Commodities,2.8,157,FinTech,Bengaluru
Kirloskar Ebara Pumps,3.7,157,Industrial Machinery,Pune
Donaldson India Filter Systems,3.9,157,Industrial Machinery,Gurugram
Dedicated Freight Corridor Corporation Of India,4.1,157,Government,New Delhi
Deccan iServices,3.5,157,Chennai +7 other locations,
Sun King,3.7,157,Electronics Manufacturing,Mumbai
Drychem India Pvt. Ltd,4.0,157,Building Material,Mumbai
Theorem Incorporation,3.3,156,Marketing & Advertising,Mysuru
High Street Essentials,3.6,157,Retail,Noida
Optimus Information,2.8,157,IT Services & Consulting,Noida
Partha Dental,3.6,156,Healthcare,Hyderabad
Prayagh Consumer Care,4.1,157,Hyderabad +34 other locations,
Akrivia Automation,4.3,156,IT Services & Consulting,Visakhapatnam
Victoria's Secret,3.8,156,IT Services & Consulting,Bengaluru
Deendayal Antyodaya Yojana-National Rural Livelihoods Mission,3.9,156,Government,New Delhi
Goodrich Logistics Pvt. Ltd.,3.2,156,Ports & Shipping,Mumbai
VEKA,3.8,156,Building Material,Hyderabad
Puma Energy,2.8,156,Power,Mumbai
Cape East,3.4,156,Industrial Machinery,Doha
Anchor Health and Beauty Care,4.1,156,Beauty & Personal Care,Mumbai
Sunbeam School,4.0,156,Education & Training,Varanasi
Sresta Natural Bioproducts,3.6,156,FMCG,Hyderabad
Altair Engineering,3.8,156,IT Services & Consulting,Bengaluru
Priyagold Biscuits,2.7,158,Food Processing,Noida
Sumeru Software Solutions,3.2,156,IT Services & Consulting,Bengaluru
Replicon,3.5,156,Software Product,Bengaluru
Dozco,3.9,156,Industrial Machinery,Visakhapatnam
Eisneramper LLP,3.3,156,Accounting & Auditing,Mumbai
Simpl,2.9,156,Internet,Bengaluru
Bambino Pasta Food Industries,4.0,156,Food Processing,Hyderabad
Java R & D,2.7,156,IT Services & Consulting,Bhopal
OPK e Services,2.7,156,BPO,Gurugram
BrowserStack,2.9,156,Software Product,Mumbai
Goodrich Logistics Pvt. Ltd.,3.2,156,Ports & Shipping,Mumbai
Sohan Lal Commodity Management,3.8,156,Logistics,New Delhi
Amp Motors,3.9,156,Automobile,Gurugram
Share India Securities,3.7,156,Consumer Electronics & Appliances,New Delhi
Shubham EPC,3.9,156,Engineering & Construction,Pune
Space Matrix Design Consultants,3.5,156,Architecture & Interior Design,Bengaluru
Vega Industries,4.0,156,Beauty & Personal Care,Noida
Continental Carbon India,3.8,156,Chemicals,Ghaziabad
Solaris Chemtech,4.6,156,Chemicals,Bhuj
Esme Consumer,4.0,156,Beauty & Personal Care,Gurugram
Cubic Transportation Systems,3.0,156,Software Product,Hyderabad
Amrit Bottlers,4.2,156,Beverage,Faizabad
7 Eleven,3.5,156,Retail,Bengaluru
Kamdhenu Paints,2.8,156,Building Material,Gurugram
Enova Facilities Management LLC,4.1,155,Facility Management Services,Dubai
Agilent Technologies International,3.8,155,Gurugram +7 other locations,
SHRI LAKSHMI STEEL SUPPLIERS,4.2,155,Iron & Steel,Bengaluru
Jai Beverages,3.5,155,Beverage,Jammu
Gopaljee Dairy Foods,4.4,155,Food Processing,Noida
Mcpi,4.3,155,Chemicals,Haldia
Air India Engineering Services,3.6,155,Industrial Machinery,Mumbai
Bill Forge,4.3,155,Auto Components,Bengaluru
KollegeApply,3.7,156,EdTech,Gurugram
Agilent Technologies International,3.8,155,Gurugram +7 other locations,
Astute Corporate Services,3.2,155,Other,Pune
Meenakshi Mission Hospital & Research Centre,4.1,156,Healthcare,Madurai
Revlon,3.7,155,Beauty & Personal Care,New Delhi
Mcpi,4.3,155,Chemicals,Haldia
Gopaljee Dairy Foods,4.4,155,Food Processing,Noida
Market Research Future Reports,3.2,155,Analytics & KPO,Pune
Foiwe Info Global Solution,4.2,156,IT Services & Consulting,Bengaluru
Dairy Classic Ice Creams,4.1,155,Food Processing,Bengaluru
Polaris,3.9,155,Automobile,Bengaluru
Snapwork Technologies,3.8,155,IT Services & Consulting,Mumbai
Aditya Birla Chemicals,3.7,155,Chemicals,Bharuch
Infoblox,3.7,155,IT Services & Consulting,Bengaluru
Isha Foundation,4.2,155,Non-Profit,Coimbatore
ESSPL,3.7,155,IT Services & Consulting,Bhubaneswar
Enviro Infra Engineers,4.1,155,Waste Management,New Delhi
Spinco Biotech,3.6,155,Biotechnology,Chennai
LUCKY MINERALS,3.6,155,Metals & Mining,Jagdalpur
GTT Communications,3.2,155,Hardware & Networking,Pune
Liebherr,3.9,155,Industrial Machinery,Mumbai
L&T Smart World & Communication,4.0,156,IT Services & Consulting,Chennai
AAI Cargo Logistics and Allied Services Company,3.3,155,Chennai +31 other locations,
OakNorth,3.0,155,Banking,Gurugram
KK Spun Pipes,3.2,155,Industrial Machinery,New Delhi
Msc Cruises,4.1,155,Travel & Tourism,Mumbai
PharmaZell,4.0,155,Pharma,Visakhapatnam
FinAdvantage,4.0,155,Accounting & Auditing,Bengaluru
Hilton Garden Inn,3.7,155,Hospitality,New Delhi
SPD Constructions,3.8,155,Bhubaneswar +14 other locations,
Beekay Steel Industries,3.0,155,Iron & Steel,Kolkata
Brigosha Technologies,2.1,155,IT Services & Consulting,Bengaluru
Dr D Y Patil Medical College,4.1,155,Healthcare,Pune
IndiGrid,4.1,155,Real Estate,Mumbai
Enviro Infra Engineers,4.1,155,Waste Management,New Delhi
ARK Infosolutions,3.7,155,IT Services & Consulting,Noida
ESIC Medical College and Hospital,3.8,155,Education & Training,New Delhi
BIZONGO,3.2,155,Emerging Technologies,Mumbai
SP Apparels,4.1,154,Fashion & Textile,Coimbatore
Quarks Technosoft,3.6,155,IT Services & Consulting,Noida
EMotorad,4.4,154,Automobile,Pune
Ayana Renewable Power,4.3,154,Power,Bengaluru
SDP & Associates (Office),3.6,154,Accounting & Auditing,Kolkata
Mtg Learning Media,3.8,154,Printing & Publishing,Gurugram
Patil Automation,3.2,154,Industrial Automation,Pune
Zimetrics Technologies,3.4,154,IT Services & Consulting,Pune
Multani Pharmaceuticals,3.9,154,Pharma,New Delhi
Zacks Research,2.8,154,Financial Services,Kolkata
CapGrid Solutions,3.8,154,Internet,Gurugram
DDB Mudra Group,3.7,154,Marketing & Advertising,Mumbai
Accentuate Technology,4.1,154,IT Services & Consulting,Bengaluru
Tata Ficosa Automotive Systems,,,Auto Components,Pune
Rajasthan Aushdhalaya,3.4,155,Pharma,Mumbai
Swastik Infralogics Private Limited,3.8,154,Engineering & Construction,Mumbai
Dr.SNS Rajalakshmi College Of Arts and Science,4.9,154,Education & Training,Coimbatore
Casino Air Caterers & Flight Services,4.0,154,Hospitality,Kochi
Arabian Fal,2.8,154,Oil & Gas,Ras Tanura
Annapurna Group,3.9,154,FMCG,Guwahati
Annapurna Group,3.9,154,FMCG,Guwahati
Casino Air Caterers & Flight Services,4.0,154,Hospitality,Kochi
Bottomline,3.2,155,Software Product,Bengaluru
Abryl Laboratories Manufacturing Unit,3.6,154,Pharma,Chandigarh
Acme Solar Energy,4.4,154,Power,Gurugram
Vandhana International,3.8,154,Railways,New Delhi
Frontier Business Systems,3.3,154,IT Services & Consulting,Bengaluru
Rungta Sons,4.1,154,Iron & Steel,Jharsuguda
Meghmani Group,3.5,154,Bharuch +14 other locations,
Brickwork Ratings,3.4,154,Financial Services,Bengaluru
Krishak Bharati Cooperative,4.4,154,Agro Chemicals,Surat
Unschool Learning,3.3,154,EdTech,Hyderabad
AVIZVA,2.2,154,IT Services & Consulting,Gurugram
Montage Enterprises,3.1,154,Packaging,Gwalior
Ascent Meditech,3.6,154,Other,Mumbai
Sakshi,3.6,154,Printing & Publishing,Hyderabad
SunTec Business Solutions,2.7,154,Software Product,Thiruvananthapuram
Nirmal Industrial Controls,3.6,154,Industrial Automation,Mumbai
Naiknavare Developers,3.7,154,Real Estate,Pune
Rina India,3.9,154,"Testing, Inspection and Certification (TIC)",Mumbai
Intelux Electronics,4.1,154,Electronics Manufacturing,Pune
Tim Hortons,3.1,154,Hospitality,New Delhi
Systech Solutions,3.6,154,Analytics & KPO,Chennai
SysArc Infomatix,3.6,154,FinTech,Chennai
Shri Mahant Indiresh Hospital,3.4,154,Healthcare,Dehradun
Primetals Technologies,3.9,154,Industrial Machinery,Kolkata
SANY Group,3.8,154,Industrial Machinery,Pune
BizGurukul,4.1,154,EdTech,New Delhi
Drytech Processes (I),3.8,154,Food Processing,Pandhurna
Alteus Biogenics,2.6,154,Pharma,Kolkata
Group Surya Peb,3.2,154,Engineering & Construction,Pune
Casepoint,3.2,154,IT Services & Consulting,Surat
Vedic International School,4.4,153,Education & Training,Sambalpur
Million Minds Management Services,3.5,153,Recruitment,New Delhi
Indian Institute of Technology Madras,4.2,153,Education & Training,Chennai
Raj Industries,3.5,153,Packaging,Ludhiana
Costa Coffee,3.7,153,Hospitality,New Delhi
IndiaLends,3.3,153,Financial Services,Gurugram
IMMCO,3.3,153,Kochi +9 other locations,
BCForward,3.2,153,Internet,Hyderabad
Aczet,2.8,153,Electronics Manufacturing,Mumbai
PICL,3.6,153,Semiconductors,Faridabad
Frost & Sullivan,2.9,153,Management Consulting,Chennai
BDG Metal & Power,3.8,153,Iron & Steel,Durgapur
Takenaka,4.2,153,Architecture & Interior Design,Gurugram
UNI Klinger,3.8,153,Industrial Machinery,Pune
Ayu Health Hospitals,3.6,153,Healthcare,Bengaluru
Future Consumer,4.4,153,FMCG,Mumbai
Log 9 Materials Scientific,3.3,153,Emerging Technologies,Bengaluru
Safeducate,4.1,153,Education & Training,New Delhi
Gail Gas,3.6,153,Oil & Gas,Bengaluru
Vedic International School,4.4,153,Education & Training,Sambalpur
Locobuzz,2.8,153,Software Product,Mumbai
Million Minds Management Services,3.5,153,Recruitment,New Delhi
Indian Institute of Technology Madras,4.2,153,Education & Training,Chennai
Raj Industries,3.5,153,Packaging,Ludhiana
Fourth Partner Energy,4.4,153,Power,Hyderabad
Rivulis Irrigation,4.3,153,Agriculture,Vadodara
Indian Institute of Management,3.7,153,Education & Training,Ahmedabad
MRL Tyres,3.5,153,Auto Components,New Delhi
NPCC Engineering,3.7,153,Oil & Gas,Mumbai
Nelco,3.8,153,Telecom,Mumbai
Hindustan Colas,3.5,153,Engineering & Construction,Mumbai
Antraweb Technologies,3.7,153,IT Services & Consulting,Mumbai
River Mobility,3.9,154,Automobile,Bengaluru
Classic Marble Company,3.5,153,Building Material,Mumbai
Borosil Renewables,3.8,153,Power,Bharuch
G Square Housing,3.8,153,Real Estate,Chennai
ETV Bharat,3.9,153,Broadcasting,Hyderabad
IIT Kharagpur,4.2,153,Education & Training,Kharagpur
Spc Life Sciences,3.4,153,Chemicals,Ankleshwar
Apcotex Industries,3.7,153,Chemicals,Navi Mumbai
Alniche Life Sciences,3.4,153,Pharma,New Delhi
Allyis India,3.2,153,IT Services & Consulting,Hyderabad
Light & Wonder,3.8,153,Software Product,Bengaluru
RKC Infrabuilt Private Ltd,3.8,153,Engineering & Construction,Ahmedabad
Quinte Financial Technologies,3.7,153,Chennai +3 other locations,
BEO Software,4.3,153,IT Services & Consulting,Kochi
SURYA INTERNATIONAL ENTERPRISE,3.8,153,Power,Bhubaneswar
Rotork Controls,3.4,153,Industrial Machinery,Chennai
Barco Electronic Systems,4.0,153,Consumer Electronics & Appliances,Noida
Cello World,3.5,153,Consumer Electronics & Appliances,Mumbai
Western Coalfields,4.4,153,Metals & Mining,Nagpur
SAI Consulting Engineers,4.3,152,Engineering & Construction,Ahmedabad
Altruistic Technology Labs,3.4,152,IT Services & Consulting,Bengaluru
HomeShop18,4.2,152,Internet,Noida
University of Engineering and Management,4.4,152,Education & Training,Kolkata
Best Koki Automotive,3.5,152,Auto Components,Gurugram
Alcatel-Lucent,4.3,152,Telecom,Bengaluru
Dream Plast India,3.5,152,Industrial Machinery,Pune
Delux Bearings,4.2,152,Auto Components,Surendranagar
Mobase,3.4,154,Auto Components,Noida
eBIZ.com,2.6,152,EdTech,Noida
Concorde Motors,3.8,152,Automobile,Mumbai
Techved Consulting,3.5,152,IT Services & Consulting,Mumbai
Dr. Amin Controllers,3.8,152,Engineering & Construction,Mumbai
JQR SPORTS,3.8,152,New Delhi +13 other locations,
Peoplelink Unified Communications,3.6,152,Consumer Electronics & Appliances,Hyderabad
Nium,3.3,152,FinTech,Mumbai
MAHLE Engine Components,3.8,152,Automobile,Chennai
Dr. Amin Controllers,3.8,152,Engineering & Construction,Mumbai
MAHLE Engine Components,3.8,152,Automobile,Chennai
Maiva Pharma,3.7,152,Hosur +4 other locations,
JQR SPORTS,3.8,152,New Delhi +13 other locations,
Aligned Automation,3.6,152,IT Services & Consulting,Pune
Karnataka Co-operative Milk Producers Federation,4.1,153,Food Processing,Bengaluru
Complere Infosystem,4.4,152,Software Product,Ambala
Gsp Power Projects,3.9,152,Electronics Manufacturing,Faridabad
All Out,3.6,152,FMCG,Gurugram
Mistral Solutions,3.5,152,IT Services & Consulting,Bengaluru
PGIMER,4.2,152,Education & Training,Chandigarh
Haqdarshak Empowerment Solutions,3.7,152,Non-Profit,Pune
Magma Housing Finance,4.5,152,Financial Services,Kolkata
Creative Garments,3.9,152,Fashion & Textile,Mumbai
Vipul Motors,3.4,152,Automobile,Faridabad
Sidwal Refrigeration Industries,4.2,152,Electrical Equipment,Faridabad
Smart Call Center Solutions,3.1,152,BPO,Kolkata
GKN Sinter Metals,4.1,152,Auto Components,Pune
K2k Infrastructure,4.0,152,Engineering & Construction,Bengaluru
"MAT Holdings, Inc",3.7,153,Sonipat +7 other locations,
MariApps Marine Solutions,3.2,152,IT Services & Consulting,Kochi
Hegde & Hegde Pharmaceutica,4.0,152,Pharma,Mumbai
Xtelify,3.2,153,Gurugram +23 other locations,
Obbserv Online Services,4.6,152,Udaipur +3 other locations,
Klassic Wheels,2.6,152,Auto Components,Ahilyanagar
Reliance Foundation India,3.8,152,Education & Training,Mumbai
Sirca Paints India,4.0,152,Chemicals,New Delhi
Amazon Pay,3.8,152,Bengaluru +30 other locations,
Progility Technologies,3.4,151,IT Services & Consulting,Mumbai
LAKME ACADEMY,3.4,151,Beauty & Personal Care,New Delhi
Ajeet Seeds,3.6,151,Agriculture,Chhatrapati Sambhajinagar
KEM Hospital,3.9,151,Healthcare,Pune
Heranba Industries,3.7,151,Agro Chemicals,Vapi
Premsons Motor Udyog,3.5,151,Auto Components,Ranchi
4i apps solutions,3.5,151,IT Services & Consulting,Chennai
Ravindra Bharathi Schools,3.4,151,Education & Training,Hyderabad
Asclepius Wellness,3.9,151,Fitness & Wellness,Jaipur
Bando India,4.0,151,Auto Components,Bengaluru
INVENTIVE SOFTWARE SOLUTIONS,3.8,151,IT Services & Consulting,Noida
Stanvac Chemicals,2.8,151,Chemicals,Gurugram
Mehta Cad Cam Systems,3.6,151,Industrial Machinery,Ahmedabad
Stanvac Chemicals,2.8,151,Chemicals,Gurugram
P.N. International,4.0,151,Import & Export,Lucknow
Ravi Infrabuild Projects,3.7,151,Engineering & Construction,Udaipur
SequelOne,3.3,151,IT Services & Consulting,Gurugram
Fasal,3.2,151,Agriculture,Bengaluru
Unify Facility Management,4.3,151,Facility Management Services,Mumbai
BCITS,3.6,152,IT Services & Consulting,Bengaluru
CignaTTk Health Insurance,4.0,151,Insurance,Mumbai
Pace Power Systems,3.5,151,Electrical Equipment,Bengaluru
SKS Business Services,3.0,152,Accounting & Auditing,Jamnagar
Global Trade Plaza,4.8,151,Internet,Kanpur
ENTRI SOFTWARE,4.0,151,EdTech,Kochi
4i apps solutions,3.5,151,IT Services & Consulting,Chennai
Edac Engineering,4.2,151,Engineering & Construction,Chennai
Asclepius Wellness,3.9,151,Fitness & Wellness,Jaipur
Premsons Motor Udyog,3.5,151,Auto Components,Ranchi
LAKME ACADEMY,3.4,151,Beauty & Personal Care,New Delhi
Ravindra Bharathi Schools,3.4,151,Education & Training,Hyderabad
Sun Life Global Solutions,3.7,151,Financial Services,Gurugram
Fasal,3.2,151,Agriculture,Bengaluru
Infrabeat Technologies,4.1,151,IT Services & Consulting,Pune
Ravi Infrabuild Projects,3.7,151,Engineering & Construction,Udaipur
Element14,3.9,151,Semiconductors,Bengaluru
GMP Technical Solutions,3.9,151,Industrial Machinery,Mumbai
Jash Engineering,3.9,151,Engineering & Construction,Indore
KLT Automotive & Tubular Products,3.6,151,Auto Components,Mumbai
Ceipal,3.2,151,Software Product,Hyderabad
Mindcrest,2.5,151,Legal,Pune
Curia,3.7,151,Hyderabad +3 other locations,
Surya Food & Agro Limited,2.8,151,Food Processing,Noida
Paras Spices,3.6,151,Food Processing,Moga
Being human,4.2,151,Fashion & Textile,Mumbai
Machino Polymers,3.4,151,Petrochemicals,Gurugram
Schbang,2.8,151,Marketing & Advertising,Mumbai
Sage Metals,3.6,151,Metals & Mining,New Delhi
NIS Management Private,3.8,151,Law Enforcement & Security,Kolkata
ATC (Assam),4.1,151,Logistics,Hosur
John Energy,4.0,151,Oil & Gas,Ahmedabad
Pixon Green Energy Pvt Ltd,3.9,151,Electrical Equipment,Rajkot
Ceipal,3.2,151,Software Product,Hyderabad
KLT Automotive & Tubular Products,3.6,151,Auto Components,Mumbai
Machino Polymers,3.4,151,Petrochemicals,Gurugram
Rockman Group,3.9,151,Auto Components,Tirupati
Milacron,3.8,150,Ahmedabad +6 other locations,
Akshara Enterprises,3.1,150,IT Services & Consulting,Hyderabad
PolicyX.com,2.8,150,FinTech,Gurugram
Nippon Toyota,3.8,150,Auto Components,Kochi
Assurance Intl Limited,3.7,150,Auto Components,Gurugram
Verka milk dairy,4.0,150,Agriculture,Chandigarh
Voylla,3.0,150,Jewellery,Jaipur
Oerlikon Graziano Transmission,4.3,151,Industrial Machinery,Ahmedabad
SAP-Concur,4.1,150,Software Product,Bengaluru
Mittsure Technologies,3.0,150,Education & Training,Jaipur
The Wadhwa Group,3.7,151,Real Estate,Mumbai
Faber Sindoori Management Services,3.5,150,Facility Management Services,Hyderabad
Birla Fertility & IVF,3.8,152,Healthcare,New Delhi
Hanu Software Solutions,3.5,150,IT Services & Consulting,Noida
Suntara Cosmetics,3.6,151,Beauty & Personal Care,Ahmedabad
Accel Limited,3.4,150,IT Services & Consulting,Chennai
UTI Technology Services,2.9,150,IT Services & Consulting,Hyderabad
Techouts,3.9,150,IT Services & Consulting,Hyderabad
Cognus Technology,2.3,150,IT Services & Consulting,Jaipur
Sitec Labs,4.0,150,Pharma,Mumbai
Aarthi Scans and Labs,3.5,150,Healthcare,Chennai
Crescendo Global,4.3,150,Recruitment,Ludhiana
Etihad Airways,4.1,150,Aviation,Abu Dhabi
Pearson,3.7,150,Education & Training,Bengaluru
Lokmanya Multipurpose Co-op Society,3.1,150,Financial Services,Pune
Syniverse Technologies,3.8,150,IT Services & Consulting,Bengaluru
Shiksha Financial Services India,4.4,150,NBFC,Chennai
V2soft,3.4,150,IT Services & Consulting,Bengaluru
Rakshit Drugs,3.7,150,Pharma,Visakhapatnam
Portescap,3.7,150,Electronics Manufacturing,Mumbai
Lumax Mannoh Allied Technologies,3.7,150,Auto Components,Gurugram
Primus Super Speciality Hospital,3.8,150,Healthcare,New Delhi
Lokal App,3.3,150,Internet,Bengaluru
Bausch & Lomb,3.8,150,Medical Equipment,Gurugram
Molbio Diagnostics,3.8,150,Internet,Visakhapatnam
Talent Corner HR Services,3.7,150,Recruitment,Mumbai
Quality Evaluation And Systems Team,3.9,150,Engineering & Construction,Bengaluru
Trident Automobiles,4.6,150,Auto Components,Bengaluru
Tcil,3.7,150,Telecom,New Delhi
Lumax Mannoh Allied Technologies,3.7,150,Auto Components,Gurugram
Primus Super Speciality Hospital,3.8,150,Healthcare,New Delhi
National Oilwell Varco,3.8,150,Oil & Gas,Mumbai
Puropale Creations & IT Solutions,4.7,149,IT Services & Consulting,Hyderabad
Chiripal Industries,3.5,149,Fashion & Textile,Ahmedabad
Apollo Medskills,3.8,149,Healthcare,Hyderabad
CloudThat Technologies Private Limited,4.0,149,IT Services & Consulting,Bengaluru
Alliance University,3.6,149,Education & Training,Bengaluru
SkillCircle,4.0,149,EdTech,New Delhi
DOGUS SOMA JV,4.2,149,Engineering & Construction,Mumbai
Sandvik Coromant,4.2,149,Industrial Machinery,Pune
Bombay Hospital,3.7,149,Healthcare,Mumbai
Fedora Solutions,3.2,149,Healthcare,Ahmedabad
Raheja Universal,3.8,149,Real Estate,Mumbai
Detox Group,3.8,149,Chemicals,Ankleshwar
Ambience Group,3.6,149,Real Estate,New Delhi
Birla Precision Technologies,3.4,149,Industrial Machinery,Chhatrapati Sambhajinagar
e-Centric Solutions,3.3,149,IT Services & Consulting,Hyderabad
Alliance University,3.6,149,Education & Training,Bengaluru
Bombay Hospital,3.7,149,Healthcare,Mumbai
India Pistons,2.5,149,Auto Components,Chennai
Sandvik Coromant,4.2,149,Industrial Machinery,Pune
EMPClaims,4.2,150,Ahmedabad +5 other locations,
SkillCircle,4.0,149,EdTech,New Delhi
DOGUS SOMA JV,4.2,149,Engineering & Construction,Mumbai
Raheja Universal,3.8,149,Real Estate,Mumbai
Enrich Energy,4.0,149,Real Estate,Pune
Fedora Solutions,3.2,149,Healthcare,Ahmedabad
Prabha Automotive Engineers,3.8,150,Chennai +11 other locations,
FarMart,3.8,149,Internet,Gurugram
Qualtech Consultants,3.7,149,IT Services & Consulting,Noida
Reserve Bank of India,4.7,149,Government,Mumbai
Karnataka Power Transmission Corporation,4.3,149,Power,Bengaluru
PubMatic,3.4,149,IT Services & Consulting,Pune
Ansys Software Private Limited,4.1,149,IT Services & Consulting,Pune
HealthAsyst,3.6,149,IT Services & Consulting,Bengaluru
Velammal Educational Trust,3.6,149,Education & Training,Chennai
SEDER GROUP,4.1,149,Engineering & Construction,Bengaluru
STPL,3.7,149,IT Services & Consulting,Lucknow
Codilar Technologies,4.0,149,IT Services & Consulting,Bengaluru
APL Logistics,3.6,150,Logistics,Chennai
Zigly Pet Care,4.3,149,Retail,New Delhi
Bharuch Enviro Infrastructure,4.0,149,Real Estate,Ankleshwar
Wellknown Polyesters,3.5,149,Fashion & Textile,Vapi
ApplyBoard,2.5,149,Internet,Gurugram
EGDK India Pvt Ltd,3.8,149,Software Product,Mangaluru
Thar Worx,3.9,149,BPO,Bengaluru
Ideas 4 Transformation,3.0,149,IT Services & Consulting,Mumbai
OptiSol Business Solutions,3.5,149,IT Services & Consulting,Chennai
Karam Industries,3.9,149,Engineering & Construction,Lucknow
Digital Aptech,4.4,149,IT Services & Consulting,Kolkata
Nikhil Adhesives,4.0,149,Chemicals,Mumbai
Sterling Auxiliaries,3.2,149,Chemicals,Bharuch
STJ Electronics,3.3,149,Semiconductors,New Delhi
Peerless Biotech,4.4,148,Medical Equipment,Chennai
Axis Asset Management Company,3.7,148,Financial Services,Mumbai
Delta Technology,3.4,149,IT Services & Consulting,Hyderabad
Arch Pharmalabs,3.8,148,Pharma,Mumbai
Frugal Testing,4.6,148,IT Services & Consulting,Hyderabad
Solitaire World,4.2,148,Real Estate,Pune
Ewac Alloys,4.1,148,Industrial Machinery,Ankleshwar
First Step Babywear,4.0,148,Fashion & Textile,Hosur
Dealmoney Securities,2.9,148,Financial Services,Mumbai
Axis Asset Management Company,3.7,148,Financial Services,Mumbai
Brickwork India,3.4,148,Financial Services,Bengaluru
Toshiba Johnson Elevators,4.2,148,Industrial Machinery,Mumbai
ERA's Lucknow Medical College & Hospital,3.6,148,Education & Training,Lucknow
Eskag Pharma,3.0,148,Pharma,Kolkata
Enfusion,3.2,149,FinTech,Mumbai
Ojas Innovative Technologies,3.6,148,IT Services & Consulting,Hyderabad
Onicra Credit Rating Agency,3.2,148,FinTech,Noida
Ameyo,3.5,148,Software Product,Gurugram
rProcess Outsourcing Services,3.3,148,Analytics & KPO,Mysuru
Seashell Logistics,3.7,148,Logistics,Mumbai
Srei Sahaj e-Village,4.5,148,Retail,Kolkata
Delta Technology,3.4,149,IT Services & Consulting,Hyderabad
W3Softech India,4.1,148,IT Services & Consulting,Hyderabad
Chemveda Life Sciences,3.6,148,Clinical Research,Hyderabad
Archidply Industries,3.5,148,Furniture & Furnishing,New Delhi
Disposafe Health And Life Care,3.3,148,Medical Equipment,Faridabad
Aditya Vision,3.8,149,Retail,Patna
Dangote Cement,4.1,148,Building Material,Hyderabad
Privat Hospital,4.1,148,Healthcare,Bengaluru
Cogencis Information Services,3.2,148,IT Services & Consulting,Mumbai
Magna Steyr,3.9,148,Automobile,Pune
CommVault,3.7,148,Software Product,Bengaluru
Teletext Holidays,3.5,148,Travel & Tourism,Hyderabad
Prestige Estates Projects,4.5,148,Real Estate,Bengaluru
Factspan,3.3,148,IT Services & Consulting,Bengaluru
SKS Ispat & Power,3.3,148,Industrial Machinery,Raipur
MSG Global Solutions,4.2,148,IT Services & Consulting,Bengaluru
Luxor International,3.4,148,Retail,Noida
Sun Pharma Advanced Research Company,3.5,148,Pharma,Vadodara
Worldpay,4.0,148,FinTech,Pune
Revature,3.2,148,IT Services & Consulting,Chennai
FANUC,3.2,148,Industrial Automation,Bengaluru
Newtronic Lifecare Equipment,4.0,148,Pharma,Mumbai
Jsw Infrastructure,4.1,148,Engineering & Construction,Mumbai
Euronet Global Development Center,3.8,148,Financial Services,Mumbai
Komatsu,3.6,148,Industrial Machinery,Chennai
Dream11,4.2,148,Internet,Mumbai
WebFurther,3.2,148,IT Services & Consulting,Hyderabad
Aditya Birla Management Corporation,4.0,148,Management Consulting,Mumbai
Tarasafe International Private Limited,4.5,148,Kolkata +2 other locations,
TerraPay,3.2,148,FinTech,Bengaluru
Pennant Technologies,3.8,148,Software Product,Hyderabad
Interactive Brokers,3.3,148,Financial Services,Mumbai
CL Educate,3.5,148,Education & Training,New Delhi
Avon Cycles,3.7,148,Automobile,Ludhiana
Major Brands,4.1,148,Retail,Mumbai
GKB RX Lens,4.0,147,Medical Equipment,Gurugram
Brady Corporation,4.2,147,Printing & Publishing,Bengaluru
Bdh Industries,4.6,148,Pharma,Mumbai
Shipping Corporation of India,4.5,147,Logistics,Mumbai
Shreeji Infrastructure,3.7,147,Engineering & Construction,Bhopal
Yocket,3.3,147,Education & Training,Mumbai
Choice Equity Broking,3.2,147,Financial Services,Mumbai
Choice Equity Broking,3.2,147,Financial Services,Mumbai
Zeco Aircon,4.1,147,Industrial Machinery,New Delhi
Brady Corporation,4.2,147,Printing & Publishing,Bengaluru
GTN Engineering,4.2,147,Metals & Mining,Coimbatore
Omninos Solutions,4.2,147,Software Product,Sahibzada Ajit Singh Nagar
NewAge Software & Solutions,3.8,147,IT Services & Consulting,Chennai
Shipping Corporation of India,4.5,147,Logistics,Mumbai
Bijak,3.5,147,Internet,Gurugram
Akshayakalpa,3.8,147,Internet,Bengaluru
Yocket,3.3,147,Education & Training,Mumbai
Blue Jet Healthcare,3.8,147,Chemicals,Mumbai
NCDEX,3.4,147,Financial Services,Mumbai
Tanla Platforms,3.0,147,Telecom,Hyderabad
CBNITS,3.8,147,IT Services & Consulting,Kolkata
Hyundai Steel,3.9,147,Iron & Steel,Chennai
mPHATEK Systems,3.3,147,IT Services & Consulting,Pune
Freight Tiger,3.3,147,Logistics,Mumbai
Jio Payments Bank,3.6,147,FinTech,Mumbai
Mapro Foods,3.3,147,FMCG,Pune
ECE Industries,3.9,147,Electrical Equipment,Ghaziabad
Khatib & Alami,3.2,147,Engineering & Construction,Bengaluru
Spinks Softech,4.1,148,Auto Components,Chennai
GIC Housing Finance,3.6,147,NBFC,Mumbai
Alpha Corp,4.3,147,Real Estate,Gurugram
Yanfeng Automotive Interiors,3.7,147,Auto Components,Pune
L&T Power Transmission & Distribution,4.2,147,Power,Chennai
Loyal Textile Mills,3.8,147,Fashion & Textile,Chennai
Phreesia,2.5,147,Healthcare,Pune
Jodo,3.7,146,FinTech,Bengaluru
Tops Security,3.8,146,Law Enforcement & Security,Mumbai
Q Connect Corp,3.5,146,BPO,Hyderabad
Progcap,3.9,147,Financial Services,New Delhi
A.t.e. Enterprises,4.0,146,Industrial Machinery,Ahmedabad
Royal HaskoningDHV,4.4,146,Engineering & Construction,Chennai
Doctors for you,3.7,146,Non-Profit,New Delhi
Aero Club-Woodland Store,3.3,146,Fashion & Textile,New Delhi
Gesco Healthcare,3.7,146,Medical Equipment,Chennai
The Judge Group,3.2,146,Recruitment,Noida
Agastya International Foundation,3.5,146,Non-Profit,Bengaluru
Symbiosis International University,3.7,146,Education & Training,Pune
Byju's Future School,3.3,146,Bengaluru +25 other locations,
Chai Break,4.6,146,Kolkata +3 other locations,
REC Power Development and Consultancy,4.1,146,New Delhi +38 other locations,
Madhavbaug,3.9,146,Healthcare,Mumbai
CEC International,3.9,146,Engineering & Construction,New Delhi
Symbiosis International University,3.7,147,Education & Training,Pune
Agastya International Foundation,3.5,146,Non-Profit,Bengaluru
Jodo,3.7,146,FinTech,Bengaluru
Nutraj,3.6,146,Noida +11 other locations,
Q Connect Corp,3.5,146,BPO,Hyderabad
A.t.e. Enterprises,4.0,146,Industrial Machinery,Ahmedabad
Cummins Sales and Service,3.9,146,Auto Components,Noida
Madras Medical Mission,4.2,146,Healthcare,Chennai
Jamia Hamdard University,3.9,146,Education & Training,New Delhi
Aero Club-Woodland Store,3.3,146,Fashion & Textile,New Delhi
Doctors for you,3.7,146,Non-Profit,New Delhi
Daicel Chiral Technologies,4.2,148,Pharma,Hyderabad
Royal HaskoningDHV,4.4,146,Engineering & Construction,Chennai
ETV Network,4.1,146,Broadcasting,Hyderabad
Deduce Technologies,3.3,146,Bengaluru +10 other locations,
Marquistech,3.5,146,Noida +13 other locations,
Capital Finserve,4.4,146,NBFC,Salem
Web Synergies,3.1,146,IT Services & Consulting,Hyderabad
Mahesh Edible Oil Industries,3.6,146,FMCG,Agra
ESRI India Technologies,3.6,146,IT Services & Consulting,Noida
Sakal Media Group,3.5,146,Media & Entertainment,Pune
Ford Motor Credit Company,4.0,146,Financial Services,Chennai
Panoli Intermediates India,4.1,146,Chemicals,Vadodara
Dantal Hydraulics,4.1,146,Industrial Machinery,Gurugram
Vigour Mobile,3.7,146,Consumer Electronics & Appliances,Gurugram
Actis Technologies,4.2,146,IT Services & Consulting,Mumbai
Repos Energy,3.7,147,Internet,Pune
Kamlesh Kumar Singh Engineers,4.5,146,Engineering & Construction,Panipat
Redisolve Software,2.6,146,Software Product,Chennai
Accumax,3.9,146,Biotechnology,Ahmedabad
Kalpataru International,4.0,146,Engineering & Construction,Mumbai
YFC PROJECTS,3.6,145,Engineering & Construction,New Delhi
Digi Clarity Global Solutions,4.1,146,Analytics & KPO,Chennai
IDrive,3.7,146,Software Product,Bengaluru
Adhunik Metaliks,3.4,145,Metals & Mining,Rourkela
Vibatel Solutions,3.6,145,BPO,Hyderabad
Deoleo India Pvt Ltd,4.1,145,FMCG,Mumbai
Spocto X,3.4,146,Software Product,Mumbai
Bluecraft Agro,3.4,145,Food Processing,Yamunanagar
Reliance Group,4.1,145,Other,Mumbai
NLMK India,3.7,145,Metals & Mining,Chhatrapati Sambhajinagar
Sushima Pharmaceuticals,3.3,145,Pharma,Ghaziabad
IVL Dhunseri Petrochem Industries,3.7,145,Chemicals,Haldia
India Retails & Hospitality,4.4,145,Retail,New Delhi
Servify,3.5,146,Consumer Electronics & Appliances,Mumbai
Mankind Specialities,3.9,146,Pharma,Mumbai
MassMutual,3.6,146,Financial Services,Hyderabad
yellow.ai,3.0,145,Software Product,Bengaluru
Pramati Technologies,4.4,145,IT Services & Consulting,Hyderabad
B.L Agro Oils,4.1,146,Food Processing,Bareilly
S S Enterprises,3.9,148,Industrial Machinery,Mumbai
Neverskip,3.7,145,Education & Training,Chennai
Cresce Technology Private Limited,4.0,145,Software Product,Gurugram
Greytrix India Pvt Ltd,3.5,145,IT Services & Consulting,Mumbai
Areteans,3.5,145,IT Services & Consulting,Hyderabad
Continuum Managed Services,4.1,145,IT Services & Consulting,Mumbai
Surya Hospital,3.6,145,Healthcare,Mumbai
Vtc Tradewings,3.9,145,Logistics,Noida
Wittur Elevator Components,3.6,145,Industrial Machinery,Chennai
One Trust,2.9,145,Software Product,Bengaluru
Core Diagnostics,3.8,145,Healthcare,Gurugram
Pricol Engineering Industries,3.9,145,Auto Components,Coimbatore
Megha Fruit Processing,3.7,145,Hyderabad +40 other locations,
Nifco India,3.8,146,Industrial Machinery,Gurugram
Chalo,3.6,145,Internet,Mumbai
Trangile Services,4.6,145,IT Services & Consulting,Noida
Maneesh Pharmaceuticals,3.9,145,Pharma,Mumbai
FICCI,3.3,145,Government,New Delhi
International Crops Research Institute for the Semi-arid Tropics,3.7,145,Analytics & KPO,Hyderabad
POSCO,3.9,146,Metals & Mining,Pune
CSL Finance,3.7,146,Financial Services,New Delhi
HM Constructions,4.6,145,Real Estate,Bengaluru
Nova IVF Fertility,3.7,146,Healthcare,Bengaluru
SAVE Solutions,4.0,145,Financial Services,New Delhi
LRQA,3.4,145,Analytics & KPO,Mumbai
Bansal Hospital,3.9,145,Healthcare,Bhopal
Skillinabox,4.1,145,Noida +5 other locations,
Xtranet Technologies,3.3,145,IT Services & Consulting,Bhopal
Cogneesol,3.2,145,BPO,Sahibzada Ajit Singh Nagar
Merlin Group,3.8,145,Real Estate,Kolkata
Gits Food Products,4.0,145,FMCG,Pune
Printo Document Services,3.5,145,Retail,Bengaluru
Zenith Leisure Holidays,3.3,145,Travel & Tourism,New Delhi
Fulcrum Worldwide Software,4.3,145,IT Services & Consulting,Pune
Shankar Electricals,3.6,145,Electrical Equipment,Bengaluru
AlgoLeap Technologies,4.1,145,Emerging Technologies,Hyderabad
Livesalesman,4.8,144,BPO,Noida
Bhadra International,3.7,144,Logistics,Chennai
THERMAL SYSTEMS,3.7,144,Industrial Machinery,Hyderabad
Wishup,3.9,144,Financial Services,Bengaluru
Alpha Net Consulting,4.6,144,IT Services & Consulting,Sahibzada Ajit Singh Nagar
Planet PCI Infotech,3.8,144,Recruitment,Gurugram
Perto,3.4,144,Electrical Equipment,Jaipur
StayVista,4.4,144,Travel & Tourism,Mumbai
Electrostar Electronics,4.1,144,Noida +59 other locations,
Eris Therapeutics,3.7,145,Pharma,Ahmedabad
Esyasoft,4.2,145,Software Product,Bengaluru
Facilities And Building Solutions,3.8,144,Engineering & Construction,Bengaluru
Sunil Hitech Engineers,4.5,144,Engineering & Construction,Nagpur
MoEngage,3.4,144,Software Product,Bengaluru
Mobineers Info Systems,4.1,144,IT Services & Consulting,New Delhi
Rigved Technologies,3.8,144,Emerging Technologies,Mumbai
Yasho Industries Limited,3.7,144,Chemicals,Vapi
Modern Insulators,4.0,144,Electrical Equipment,Abu Road
Girl Power Talk,4.6,144,Internet,Sahibzada Ajit Singh Nagar
Demech Chemical Products,4.4,144,Chemicals,Pune
Drake & Scull International PJSC,4.5,144,Engineering & Construction,Mumbai
Nichino,3.4,145,Hyderabad +38 other locations,
IFortis Worldwide,3.8,144,IT Services & Consulting,Bengaluru
Bijnis,3.7,144,Internet,New Delhi
TalentOla,3.2,144,Recruitment,Indore
The Oriental Insurance Co.,4.4,144,Insurance,New Delhi
Viney Corporation,3.9,144,Auto Components,Gurugram
Radixweb,3.3,144,IT Services & Consulting,Ahmedabad
Azuga Telematics,3.5,145,Software Product,Bengaluru
Viney Corporation,3.9,144,Auto Components,Gurugram
Esyasoft,4.2,145,Software Product,Bengaluru
Azuga Telematics,3.5,145,Software Product,Bengaluru
Radixweb,3.3,144,IT Services & Consulting,Ahmedabad
V-Soft Consulting,3.0,144,IT Services & Consulting,Hyderabad
Real Ispat & Power,3.7,144,Power,Raipur
IRIS RegTech Solutions Limited,3.4,144,IT Services & Consulting,Mumbai
Gujarat Energy Transmission Corporation,4.2,144,Government,Vadodara
B New Mobiles,3.1,144,Electronics Manufacturing,Hyderabad
Sri Ramachandra University,4.4,144,Education & Training,Chennai
Monotype,3.4,144,IT Services & Consulting,Noida
MicroGenesis Techsoft,3.4,144,IT Services & Consulting,Bengaluru
MTX Group,3.1,144,IT Services & Consulting,Hyderabad
iSource,2.9,144,Recruitment,Noida
DLF Brands,3.7,144,Retail,New Delhi
Axles India,3.6,144,Auto Components,Chennai
Jai Raj Ispat,3.6,144,Iron & Steel,Kurnool
Aster Medcity,4.6,144,Healthcare,Kochi
SurePrep,3.8,144,Software Product,Mumbai
Mahindra Aerospace,3.8,144,Defence & Aerospace,Bengaluru
Malpani Group,4.1,144,Power,Pune
Aksh Optifibre,3.8,144,Telecom,New Delhi
Hubert Enviro Care Systems,3.0,144,Waste Management,Chennai
ZoomRx,2.6,144,Analytics & KPO,Chennai
KMC Constructions,4.4,144,Engineering & Construction,Hyderabad
Palo Alto Networks,3.7,144,IT Services & Consulting,Bengaluru
Star Paper Mills,3.8,144,Pulp & Paper,Saharanpur
Nayati Hospital,3.4,144,Healthcare,Mathura
Gedu Services Private Limited,3.4,144,Education & Training,Noida
Yeshshree Press Comps,3.7,144,Auto Components,Chhatrapati Sambhajinagar
Centurion University of Technology and Management,3.4,144,Education & Training,Bhubaneswar
Sungwoo Hitech,3.8,144,Auto Components,Chennai
Crif High Mark Credit Information Services,2.7,144,Analytics & KPO,Pune
WsCube Tech,4.9,143,IT Services & Consulting,Jodhpur
Banaras Hindu University,4.8,143,Education & Training,Varanasi
Quadgen Wireless Solutions,3.9,143,Telecom,Bengaluru
Trn Energy,3.5,143,Power,Raigarh
A. Menarini India,3.4,143,Pharma,Mumbai
Bhate & Raje Construction Co.,4.1,143,Engineering & Construction,Pune
Christ University,2.9,143,Education & Training,Bengaluru
B. E. Billimoria,3.8,143,Engineering & Construction,Mumbai
Duroply Industries,3.8,143,Building Material,New Delhi
IIDE - The Digital School,4.0,143,EdTech,Mumbai
POWERCON Ventures India,3.7,143,Power,Pune
Q Tech Microelectronics India,3.6,143,Greater Noida +5 other locations,
Flynaut SaaS,3.1,145,IT Services & Consulting,Pune
Amps Electrical Facility Services,3.1,144,Facility Management Services,Bengaluru
Rus Education,4.3,144,Education & Training,New Delhi
WWICS Group,3.2,143,Travel & Tourism,Sahibzada Ajit Singh Nagar
Ultimate Flexipack,3.7,143,Petrochemicals,Haridwar
Adma Solutions,4.3,143,BPO,New Delhi
Smiths Detection,3.6,143,Defence & Aerospace,Bengaluru
Ampcus Tech,4.1,144,Nashik +10 other locations,
Forbes Facility Services,4.2,143,Facility Management Services,Mumbai
Neo Metaliks,3.6,144,Metals & Mining,Durgapur
Future Market Insights,1.5,143,Analytics & KPO,Pune
IIT Kanpur,4.0,143,Education & Training,Kanpur
Propelld,3.5,143,Internet,Bengaluru
CG Corp Global,3.0,144,FMCG,Gurugram
Omega Hospitals,4.0,143,Healthcare,Hyderabad
Smile Foundation,4.1,143,Non-Profit,New Delhi
Elancer It Solutions,3.0,144,IT Services & Consulting,Hyderabad
Omega Hospitals,4.0,143,Healthcare,Hyderabad
Bhate & Raje Construction Co.,4.1,143,Engineering & Construction,Pune
V-ensure Pharma Technologies,3.4,143,Pharma,Mumbai
Prefr,3.8,143,FinTech,Hyderabad
vConstruct,3.6,143,Engineering & Construction,Pune
Yamaha Motors Solutions,3.0,143,IT Services & Consulting,Faridabad
Q Tech Microelectronics India,3.6,143,Greater Noida +5 other locations,
ITC Group,3.8,143,Kolkata +37 other locations,
94.3 MY FM,3.7,143,Broadcasting,Jaipur
Autobahn Trucking Corporation,4.0,143,Automobile,Pune
Unique Measurement Service,4.3,143,Auto Components,Chennai
Weir Minerals,4.1,143,Metals & Mining,Bengaluru
Ntrust Infotech,3.5,143,IT Services & Consulting,Chennai
Luna Technologies Private Liimited,2.8,143,Industrial Automation,Mumbai
New Swan Multitech,3.8,143,Industrial Machinery,Ludhiana
TD Power Systems,3.7,143,Electrical Equipment,Bengaluru
Jupiter Money,2.3,143,FinTech,Bengaluru
Dinesh Engineers,3.9,143,Telecom,Mumbai
Sofcon India Pvt Ltd,3.5,144,Education & Training,Pune
TTEC Digital,3.7,143,IT Services & Consulting,Hyderabad
Ocean Life Spaces,3.5,143,Engineering & Construction,Chennai
Deutsche Telekom,3.2,143,Telecom,Pune
AL-SUWAIDI INDUSTRIAL SERVICES,3.6,143,Oil & Gas,Al Jubail
Valmont Structures,3.3,143,Engineering & Construction,Pune
Tag Worldwide,3.3,143,Marketing & Advertising,Chennai
Titan Biotech,3.4,143,Biotechnology,New Delhi
K.R.Pulp & Papers,3.1,143,Pulp & Paper,Shahjahanpur
Valdel Engineers & Constructors,3.0,143,Oil & Gas,Bengaluru
Technofab Engineering,4.3,143,Oil & Gas,Faridabad
DNV,4.1,143,Management Consulting,Pune
Nesto Hypermarket,3.8,143,Kozhikode +19 other locations,
Genus Innovation,3.5,143,Power,Jaipur
Mas Rural Housing Mortgage Finance,4.1,143,Financial Services,Ahmedabad
Preet Group,3.8,142,Ghaziabad +9 other locations,
Drums Food International,4.7,143,Food Processing,Mumbai
Multi Mantech International,3.3,142,Engineering & Construction,Ahmedabad
Grew Energy,4.2,143,Power,Jaipur
Perceptive,3.6,142,Clinical Research,Hyderabad
Dana TM4,4.0,142,Power,Pune
ClinicAnywhere,3.2,142,Bengaluru +8 other locations,
Jaypee Infratech,4.0,144,Engineering & Construction,Noida
Housr,4.3,142,Hospitality,Gurugram
Indian School Finance Company,4.6,142,NBFC,Hyderabad
SOGEFI,3.4,142,Auto Components,Pune
New India Co-Op Bank,3.1,142,Banking,Mumbai
BeBran Digital,4.5,142,New Delhi +2 other locations,
Krishna Penstone Automotive,3.9,142,Gurugram +10 other locations,
Drums Food International,4.7,143,Food Processing,Mumbai
Winman Software,4.1,142,Software Product,Mangaluru
Bangalore Electricity Supply Company,3.7,142,Bengaluru +11 other locations,
Abs Fujitsu General,3.6,144,Engineering & Construction,Hyderabad
Sakthi Finance,3.8,142,Financial Services,Coimbatore
Chemie Tech,3.2,142,Oil & Gas,Vadodara
Cooper-Standard Automotive,4.2,142,Auto Components,Chennai
Aravind Eye Hospital,4.2,143,Healthcare,Madurai
New Swan Enterprises,3.6,142,Industrial Machinery,Ludhiana
SDNA Global,4.0,142,Recruitment,Bengaluru
Vista Furnishing Limited,4.1,142,Furniture & Furnishing,Ghaziabad
ClinicAnywhere,3.2,142,Bengaluru +8 other locations,
Dana TM4,4.0,142,Power,Pune
Ascend Telecom Infrastructure,4.3,142,Telecom,Bengaluru
Wings Pharmaceuticals Pvt Ltd.,3.1,142,Pharma,New Delhi
Jaypee Infratech,4.0,144,Engineering & Construction,Noida
Zaggle Prepaid Ocean Services,3.0,142,FinTech,Hyderabad
Oman Shapoorji Llc,3.6,142,Engineering & Construction,Muscat
Sarita Handa Exports,3.4,142,Architecture & Interior Design,Gurugram
THDC,4.0,142,Government,Rishikesh
Piramal Group,4.1,142,Financial Services,Mumbai
Testhouse,4.0,142,IT Services & Consulting,Thiruvananthapuram
Napier Healthcare Solutions,2.5,142,IT Services & Consulting,Hyderabad
Lalbaba Engineering Limited,3.3,142,Industrial Machinery,Kolkata
Tilaknagar Industries Ltd.,4.0,142,Beverage,Mumbai
G7 CR Technologies,2.9,142,IT Services & Consulting,Bengaluru
WebMD,3.3,142,Healthcare,Mumbai
ASA & Associates,3.5,142,Accounting & Auditing,New Delhi
Difacto Robotics and Automation,3.9,142,Industrial Automation,Bengaluru
builder.ai,2.8,142,Software Product,Gurugram
Marwadi Shares & Finance,4.3,142,Financial Services,Rajkot
Shivalik Prints,3.8,142,Fashion & Textile,Faridabad
Blackstone Center of Excellence,2.6,142,Gurugram +8 other locations,
Lalbaba Engineering Limited,3.3,142,Industrial Machinery,Kolkata
Napier Healthcare Solutions,2.5,142,IT Services & Consulting,Hyderabad
G7 CR Technologies,2.9,142,IT Services & Consulting,Bengaluru
Tilaknagar Industries Ltd.,4.0,142,Beverage,Mumbai
WebMD,3.3,142,Healthcare,Mumbai
INDOASIAN,4.1,142,Semiconductors,Noida
DELTA,4.2,142,Events,Bengaluru
HealthAssure,3.3,142,Healthcare,Mumbai
EZ Works,3.9,141,IT Services & Consulting,Gurugram
Nesma Trading,4.2,141,Engineering & Construction,Al Khobar
iQGateway,4.4,141,IT Services & Consulting,Bengaluru
BASIX Academy for Building Lifelong Employability,4.0,141,Education & Training,New Delhi
Saint-Gobain Abrasives,3.5,141,Building Material,Bengaluru
Marquis Technologies,3.2,142,IT Services & Consulting,Mumbai
Vikram Sarabhai Space Centre,4.4,141,Defence & Aerospace,Thiruvananthapuram
42Gears Mobility Systems,3.7,141,Software Product,Bengaluru
Rieco Industries,3.1,141,Industrial Machinery,Pune
Gemini Consulting & Services,3.5,141,IT Services & Consulting,Hyderabad
Sterling Accuris Wellness,4.2,141,Healthcare,Ahmedabad
Mallcom,3.8,141,BPO,Kolkata
Maple Digital Technology,3.3,142,Retail,Mumbai
BASIX Academy for Building Lifelong Employability,4.0,141,Education & Training,New Delhi
SPARX IT Solutions,3.3,141,IT Services & Consulting,Noida
Cococart Ventures,3.5,141,Mumbai +19 other locations,
Novopay Solutions,2.8,141,Software Product,Bengaluru
Saint-Gobain Abrasives,3.5,141,Building Material,Bengaluru
HMT Machine Tools,3.8,141,Industrial Machinery,Hyderabad
Marquis Technologies,3.2,142,IT Services & Consulting,Mumbai
Vikram Sarabhai Space Centre,4.4,141,Defence & Aerospace,Thiruvananthapuram
Winkies,4.0,141,Hospitality,Kolkata
Fia Technology Services,3.5,141,FinTech,Gurugram
Rieco Industries,3.1,141,Industrial Machinery,Pune
42Gears Mobility Systems,3.7,141,Software Product,Bengaluru
Strata Geosystems,3.7,141,Engineering & Construction,Mumbai
Remsons Industries,3.8,141,Auto Components,Gurugram
Smile Electronics,3.6,141,Electronics Manufacturing,Bengaluru
Cachet Pharmaceuticals,3.8,141,Pharma,Mumbai
Emtec,4.4,141,IT Services & Consulting,Pune
Emtec,4.4,141,IT Services & Consulting,Pune
Walko Qsr Company,3.8,141,FMCG,Pune
Inadev,3.2,141,IT Services & Consulting,Kolkata
Sinclus Engineering Consulting,4.1,141,IT Services & Consulting,Mumbai
Lloyd Electric & Engineering,3.7,141,Industrial Machinery,New Delhi
Rinac India Limited,4.0,141,Engineering & Construction,Bengaluru
Korn Ferry,3.0,141,Management Consulting,Bengaluru
EIH,3.8,141,Hospitality,New Delhi
Mizuho Bank,3.1,141,Banking,Mumbai
Nectar Infotel Solutions,3.0,141,IT Services & Consulting,Pune
HireRight,3.4,141,Analytics & KPO,Bengaluru
Shree Maruti Integrated Logistics,3.6,141,Ahmedabad +33 other locations,
Flemingo Duty Free Shop,4.0,141,Retail,Mumbai
Idea Infinity IT Solutions,2.9,141,IT Services & Consulting,Bengaluru
Hindustan Shipyard,4.1,141,Ports & Shipping,Visakhapatnam
Comnet Solutions,3.5,141,Telecom,Mumbai
Mantle Solutions,3.1,141,IT Services & Consulting,Kochi
HL Klemove,3.2,141,Automobile,Chennai
Abu Dhabi Commercial Bank,3.5,141,Banking,Mumbai
SFS Group,3.8,141,Auto Components,Pune
Reynold India,4.6,141,Industrial Machinery,Noida
Global Consumer Products,4.3,140,FMCG,Bengaluru
Proziod Analytics,3.5,140,IT Services & Consulting,Bengaluru
Andhra Pradesh Grama/Ward Sachivalayam,4.1,140,Government,Hyderabad
NJ Group,3.5,140,Surat +40 other locations,
Century Real Estate,3.6,140,Real Estate,Bengaluru
GlobeGround India,3.6,140,Aviation,Bengaluru
R.K. Group,3.3,140,Real Estate,Bengaluru
Herman Miller,4.3,140,Furniture & Furnishing,Bengaluru
APEEJAY EDUCATION SOCIETY,3.0,140,Education & Training,New Delhi
Besmak Components,3.9,140,Auto Components,Chennai
Shalimar Group,4.1,140,Building Material,Lucknow
Shipsy,4.0,140,Software Product,Gurugram
XSEED Education,2.6,140,EdTech,Bengaluru
Affiliated Computer Services,4.1,140,IT Services & Consulting,Bengaluru
Indus Cosmeceuticals,4.2,140,Beauty & Personal Care,Faridabad
Sugam Homes,4.5,140,Real Estate,Kolkata
Adamas University,2.8,140,Education & Training,Kolkata
Gapbridge Software Services,3.2,140,IT Services & Consulting,Bengaluru
A.P.Securitas,4.1,141,Law Enforcement & Security,New Delhi
FundsIndia,3.0,141,FinTech,Chennai
Emonics,3.8,140,IT Services & Consulting,Noida
INDIAN DESIGNS,3.9,140,Fashion & Textile,Bengaluru
YCH Logistics,3.8,140,Logistics,Chennai
R.K. Group,3.3,140,Real Estate,Bengaluru
GlobeGround India,3.6,140,Aviation,Bengaluru
ATPI,3.8,140,Travel & Tourism,Mumbai
Anand Engineering Products,3.1,140,Engineering & Construction,Tiruchirappalli
Altos Global Services,3.8,140,BPO,Noida
Star Estate,4.0,140,Real Estate,Noida
Vikram Tea,4.1,140,FMCG,Mumbai
Eduquity Career Technologies,3.3,140,Recruitment,Bengaluru
Central Academy School,3.5,140,Education & Training,Jodhpur
The Hackett Group,3.3,140,IT Services & Consulting,Hyderabad
Shipsy,4.0,140,Software Product,Gurugram
DigiLantern,3.4,140,IT Services & Consulting,Noida
Jayabheri Automotives,4.0,140,Engineering & Construction,Visakhapatnam
Boyen Haddin,3.4,140,Recruitment,Mumbai
Obeetee,4.0,140,Fashion & Textile,Panipat
Octillion Power Systems,4.1,140,Electronics Manufacturing,Pune
Shahnaz Husain Group Of Companies,3.1,140,Beauty & Personal Care,New Delhi
Lectrix Ev,3.6,140,Gurugram +15 other locations,
Antal International,3.7,140,Recruitment,Mumbai
TechBlocks,3.0,140,IT Services & Consulting,Hyderabad
Moolya Software Testing,3.4,140,IT Services & Consulting,Bengaluru
Decision Point,3.3,140,Analytics & KPO,Gurugram
Medanta S.N. Superspecialty Hospital,4.0,140,Healthcare,Gurugram
Orion Security Solutions,2.8,140,Law Enforcement & Security,New Delhi
Enkei Wheels India,3.6,140,Auto Components,Pune
Xihi Technology,3.5,140,Electronics Manufacturing,Noida
Toyoda Gosei South India,4.0,140,Automobile,Bengaluru
Tcg Digital Solutions,3.3,140,IT Services & Consulting,Kolkata
Sumitomo Mitsui Banking Corporation,2.7,140,Financial Services,New Delhi
Manav Rachna International School,3.6,140,Education & Training,Faridabad
Jolly Containers,3.5,140,Petrochemicals,Daman & Diu
Spectra Technovision India,3.3,140,Electronics Manufacturing,Ahmedabad
Sovereign Pharma,3.8,140,Pharma,Daman & Diu
Amec Foster Wheeler,3.9,139,Oil & Gas,Chennai
Solulab inc,3.1,139,IT Services & Consulting,Ahmedabad
VaaaN Infra,3.2,139,Urban Transport,New Delhi
Hailstone Innovations,4.2,139,Industrial Machinery,Palakkad
West Bengal Power Development Corporation,3.8,139,Power,Kolkata
EasyRewardz Software Services,2.8,139,IT Services & Consulting,Gurugram
Alter Domus,2.9,139,Financial Services,Hyderabad
Linamar,3.7,139,Pune +4 other locations,
Glen Appliances,4.0,139,Consumer Electronics & Appliances,Faridabad
Novigo Integrated Services,3.7,139,Analytics & KPO,Chennai
Shilpa Steel and Power,3.3,139,Iron & Steel,Nagpur
Oman National Engineering & Investment Company,4.0,139,Engineering & Construction,Muscat
Brand Factory,4.7,139,Retail,Mumbai
Orris Infrastructure,4.1,139,Real Estate,Gurugram
P2G Mobilty Tech,4.3,141,Kolkata +22 other locations,
Shyplite,3.8,139,Logistics,New Delhi
Saudi Oger,4.5,139,Engineering & Construction,Riyadh
Overnite Express,3.8,139,Logistics,New Delhi
Thinkapps Solutions,3.5,139,Recruitment,Mumbai
COMSTAR AUTOMOTIVE TECHNOLOGIES,3.8,139,Auto Components,Chennai
Indian Potash,3.6,139,Agro Chemicals,Muzaffarnagar
HP ADHESIVES,3.9,139,Chemicals,Mumbai
GreenTree Immigration,4.6,139,IT Services & Consulting,Chennai
HealthSpring,2.8,139,Fitness & Wellness,Mumbai
QUTONE CERAMIC,3.5,139,Building Material,Ahmedabad
DWD Pharmaceuticals,3.4,139,Pharma,Vadodara
Nucsoft,2.6,139,IT Services & Consulting,Mumbai
Urjanet Energy Solutions,3.9,139,IT Services & Consulting,Chennai
Hicool Electronic Industries,3.9,139,Electrical Equipment,Pune
Apex Kidney Care,3.8,139,Healthcare,Mumbai
Nice Software Solutions,3.3,139,IT Services & Consulting,Pune
Saifee Hospital,3.2,139,Healthcare,Mumbai
Signals & Systems (India) Private Limited,3.8,139,Electronics Manufacturing,Chennai
Gigmo Solutions,3.3,139,IT Services & Consulting,Gurugram
Fabtech Technologies International,3.6,139,Engineering & Construction,Mumbai
Omega Elevators,3.8,139,Industrial Machinery,Ahmedabad
Phoenix Marketcity,3.8,139,Retail,Mumbai
Rockwell Industries,3.5,139,Electronics Manufacturing,Hyderabad
GEEBEE Education,3.4,139,Education & Training,Mumbai
Times Network,3.1,139,Broadcasting,Mumbai
Xoxoday,3.8,139,Software Product,Bengaluru
V.Ships,3.9,139,Ports & Shipping,Mumbai
Telegence Powercomm,3.5,139,Engineering & Construction,Vadodara
Protiviti Consulting,2.8,139,Management Consulting,Gurugram
Cherise India,3.7,139,Beverage,Pune
Birla Century,4.1,139,Fashion & Textile,Bharuch
Kruger Ventilation Industries,3.6,139,Industrial Machinery,Mumbai
IMS Learning Resources,3.8,139,Education & Training,Mumbai
Mangalam Information Technolgies,3.3,139,IT Services & Consulting,Ahmedabad
Avaada Electro,4.2,139,Power,Nagpur
Outlier,3.9,139,Emerging Technologies,Bengaluru
Ramdev Food Products,4.5,139,Food Processing,Ahmedabad
Sanjay Ghodawat Group,3.6,139,FMCG,Kolhapur
DigiVersal Consultants,3.1,139,Internet,Noida
Vertex Homes,3.1,139,Real Estate,Hyderabad
KLES Dr. Prabhakar Kore Hospital & M.R.C,3.7,139,Healthcare,Belagavi
Svarn Infratel,3.5,139,Hardware & Networking,Faridabad
Tokai Rika Minda,3.7,139,Semiconductors,Bengaluru
BNB Groupe,3.3,139,Retail,Ahmedabad
MAJID AL FUTTAIM RETAIL,3.1,139,Retail,Gurugram
Trell,3.0,138,Internet,Bengaluru
Modern Foods,3.6,138,Food Processing,Chennai
PressureJet Systems Pvt. Ltd.,4.0,138,Industrial Machinery,Ahmedabad
Digicommerce Solutions LLP,4.5,138,Internet,Noida
Synthimed Labs,3.7,141,Pharma,Chandigarh
Sagacious IP,3.3,138,Gurugram +5 other locations,
Sunshine Hospitals,4.1,138,Healthcare,Hyderabad
Jss Pro Services,3.9,138,Financial Services,Hyderabad
Cascade Revenue Management,3.2,138,IT Services & Consulting,Kochi
DMI DRAEXLMAIER MANUFACTURING,3.7,138,Industrial Machinery,Pune
Allzone Management Solutions,3.9,139,Healthcare,Chennai
Sourcedesk,4.2,138,IT Services & Consulting,Kolkata
Global FPO,3.4,139,Accounting & Auditing,New Delhi
Food Service India,4.0,138,Food Processing,Mumbai
Pravin Electricals,4.1,138,Electrical Equipment,Mumbai
Nxtgen Datacenter Cloud Technologies,3.2,138,IT Services & Consulting,Bengaluru
Ata Freight Line,3.2,138,Logistics,Pune
MGM Healthcare,3.9,138,Healthcare,Chennai
AstraGen,3.6,138,EdTech,Vijayawada
Rural Electrification Corporation,3.7,138,Power,New Delhi
Oriental Consultants India Pvt Ltd,3.9,138,Engineering & Construction,New Delhi
Serdia Pharmaceuticals,3.7,138,Pharma,Mumbai
PhableCare,2.8,138,Internet,Bengaluru
Cascade Revenue Management,3.2,138,IT Services & Consulting,Kochi
DMI DRAEXLMAIER MANUFACTURING,3.7,138,Industrial Machinery,Pune
Sunshine Hospitals,4.1,138,Healthcare,Hyderabad
Sagacious IP,3.3,138,Gurugram +5 other locations,
AstraGen,3.6,138,EdTech,Vijayawada
Rural Electrification Corporation,3.7,138,Power,New Delhi
Jss Pro Services,3.9,138,Financial Services,Hyderabad
Global FPO,3.4,139,Accounting & Auditing,New Delhi
Bansal Classes,3.3,138,Education & Training,Pune
cloudEQ,3.6,138,IT Services & Consulting,Chandigarh
Oriental Consultants India Pvt Ltd,3.9,138,Engineering & Construction,New Delhi
J. M. Mhatre Infra,3.9,138,Engineering & Construction,Navi Mumbai
Vishakha Glass,4.0,138,Mundra +11 other locations,
Minimalist,3.6,138,Internet,Jaipur
Nxtgen Datacenter Cloud Technologies,3.2,138,IT Services & Consulting,Bengaluru
AXA,3.8,138,Insurance,Bengaluru
Prabha Industries,4.1,138,Chemicals,Bengaluru
Bristol Healthcare Services,3.1,138,BPO,Chennai
Ashland,4.1,138,Chemicals,Hyderabad
MGM Healthcare,3.9,138,Healthcare,Chennai
Maintec Technologies,3.7,138,IT Services & Consulting,Bengaluru
UTI Mutual Fund,3.8,138,Financial Services,Mumbai
Daimler,3.7,138,Automobile,Chennai
EDUGORILLA COMMUNITY,3.3,138,Education & Training,Lucknow
FirstMeridian Business Services,3.7,138,Recruitment,Bengaluru
Accurate Background,3.6,138,Recruitment,Mumbai
Applied Cloud Computing,2.3,138,IT Services & Consulting,Mumbai
SBM Offshore,4.3,138,Oil & Gas,Bengaluru
Alliance Group,4.0,138,Real Estate,Chennai
Foxlink India Electric,3.7,138,Electronics Manufacturing,Tirupati
Axis Clinicals,4.0,138,Clinical Research,Hyderabad
Fixderma,3.6,138,Beauty & Personal Care,Gurugram
Keya Foods International Private Limited,4.1,139,Hospitality,Mumbai
H-one India,3.9,138,Auto Components,Greater Noida
Scott Edil Pharmacia,3.5,138,Pharma,Baddi
GadgEon,4.0,138,IT Services & Consulting,Kochi
RELX Group,3.6,138,Analytics & KPO,Chennai
Glocal Healthcare Systems,3.3,138,Healthcare,Kolkata
Turner International,4.1,138,Engineering & Construction,Mumbai
Zelis,3.8,138,Healthcare,Hyderabad
Lloyds Engineering Works Limited,4.1,138,Industrial Machinery,Mumbai
Csc Computer Education,4.5,138,Education & Training,Chennai
Sureworks Infotech Pvt. Ltd.,4.2,138,IT Services & Consulting,Bengaluru
Norwegian Cruise Line,4.2,137,Travel & Tourism,Mumbai
MK TRON Autoparts,3.4,138,Auto Components,Chennai
Sanathan Textiles,4.2,137,Fashion & Textile,Dadra & Nagar Haveli
Choice International,3.4,137,Mumbai +42 other locations,
Arbro Pharmaceuticals,3.8,137,Pharma,New Delhi
Tata Trusts,4.4,137,Non-Profit,Mumbai
TYPSA,3.3,137,Engineering & Construction,Gurugram
Mochiko Shoes,3.6,137,Fashion & Textile,Dehradun
Idom,4.1,137,Engineering & Construction,New Delhi
Datwyler Group,3.9,137,Pharma,Pune
Voltech Hr Services,3.3,137,Recruitment,Chennai
AIDA Cruises,3.5,137,Travel & Tourism,Mumbai
Njs Engineers India,4.0,138,Waste Management,New Delhi
Benteler Automotive,4.2,137,Electronics Manufacturing,Pune
Pune Institute of Business Management,2.8,137,Education & Training,Pune
Speciality Restaurants,4.0,137,Hospitality,Mumbai
CDYMAX,3.4,137,Pharma,Bengaluru
Harley-Davidson,3.4,137,Automobile,Gurugram
Panda Retail Company,4.3,137,Retail,Bhubaneswar
Shri Ram Murti Smarak Institute of Medical Sciences,3.6,137,Education & Training,Bareilly
SAG Infotech,3.4,137,IT Services & Consulting,Jaipur
Tafe Access,3.8,137,Automobile,Chennai
Seoyon E-HWA Summit,3.3,137,Auto Components,Anantapur
Oxalis Pharmaceuticals,3.8,137,Pharma,Baddi
KION India,3.4,137,Industrial Machinery,Pune
Uttar Pradesh Jal Nigam,4.0,138,Government,Lucknow
The George Telegraph Training Institute,3.1,137,Education & Training,Kolkata
Insurance Company,4.2,137,New Delhi +53 other locations,
Comau,3.5,137,Industrial Automation,Pune
Securonix,2.7,137,Internet,Bengaluru
KWALITY DAIRY (INDIA),3.8,137,FMCG,New Delhi
Kalyaniwalla & Mistry,3.3,137,Accounting & Auditing,Mumbai
Supriya Lifescience,3.7,137,Pharma,Chiplun
Transformers & Rectifiers (India),4.1,137,Electrical Equipment,Ahmedabad
Maharashtra Rail Infrastructure Development Corporation,3.8,137,Government,Mumbai
Ashok Iron Group,3.7,137,Iron & Steel,Belagavi
Yahoo,4.3,137,Internet,Bengaluru
PCS-Global,3.9,137,Education & Training,Kolkata
Serentica Renewables,4.3,138,Power,Gurugram
HyTech Professionals,3.2,137,IT Services & Consulting,Noida
Manpasand Beverages,4.0,137,Beverage,Vadodara
Marino Food Products,3.9,137,Food Processing,Hyderabad
FIL Industries,3.2,137,Chemicals,Srinagar
ClinChoice,3.8,137,Clinical Research,Bengaluru
John Distilleries,3.7,137,Beverage,Bengaluru
Intact Green Services,3.4,138,Urban Transport,Bengaluru
Khandelwal Laboratories,4.2,137,Pharma,Mumbai
Hemani Industries,3.7,137,Agro Chemicals,Bharuch
Viztar International,3.4,137,Education & Training,Mumbai
Total Shipping & Logistics,2.8,137,Logistics,Mumbai
Pratiti Technologies,3.4,137,Software Product,Pune
Aqua Tech Systems,4.2,137,Power,Pune
CriticaLog India Private Limited,4.1,137,Logistics,Bengaluru
Digital Nirvana Information Systems,3.6,136,Software Product,Hyderabad
Dangote Industries,4.2,136,Building Material,Lagos
Earlyjobs,4.7,138,Recruitment,Bengaluru
Unique Infra Engineering India Private Limited,3.1,136,Engineering & Construction,Lucknow
Mutual Industries,3.2,136,Petrochemicals,Mumbai
M G Contractors,4.5,137,Engineering & Construction,Panchkula
Infinity Fincorp Solutions,4.3,136,Mumbai +55 other locations,
Fipola Retail,3.7,136,Food Processing,Chennai
Auma,3.5,136,Industrial Automation,Bengaluru
Electronics for Imaging,3.9,136,Printing & Publishing,Bengaluru
The West Coast Paper Mills,3.6,136,Pulp & Paper,Dandeli
Mac Chem Products,3.2,136,Pharma,Mumbai
SVP Hospital,3.9,136,Government,Ahmedabad
Refex Industries,3.7,136,NBFC,Chennai
LNJ Bhilwara Group,3.5,136,Fashion & Textile,Noida
Farida Group,3.8,136,Leather,Chennai
Devgiri Forgings,3.5,136,Industrial Machinery,Chhatrapati Sambhajinagar
Noble Hospital,3.9,136,Healthcare,Pune
NirogStreet,3.1,136,Internet,New Delhi
Institute of Chemical Technology,4.1,136,Mumbai +32 other locations,
IPAC,3.1,136,Retail,Kolkata
Narayana Superspeciality Hospital,4.0,138,Healthcare,Kolkata
Annet Technologies,3.7,136,Software Product,Mumbai
Kiran Motors,3.5,136,Auto Components,Ahmedabad
RAMADA PLAZA,4.0,136,Hospitality,Chennai
ToXSL Technologies,3.7,136,IT Services & Consulting,Sahibzada Ajit Singh Nagar
Hitachi Automotive Systems,4.2,136,Auto Components,Chennai
Bar Code India,3.6,136,Industrial Automation,Gurugram
Growisto,4.2,136,Marketing & Advertising,Mumbai
Presidium School,3.6,136,Education & Training,New Delhi
Walkin Manpower Solution,4.4,136,New Delhi +6 other locations,
Facile Services,2.7,136,IT Services & Consulting,Pune
Homeocare International,3.5,136,Healthcare,Hyderabad
Eptisa,3.5,136,Engineering & Construction,Kolkata
Delhi Public School Ghaziabad Society,3.0,136,Education & Training,New Delhi
CASHe,3.2,136,Financial Services,Mumbai
LIC Mutual Fund,3.6,136,Financial Services,Mumbai
Sarda Metals & Alloys,4.0,137,Metals & Mining,Visakhapatnam
GLOBALFOUNDRIES,3.2,136,Semiconductors,Bengaluru
Fragma Data Systems,3.9,136,IT Services & Consulting,Bengaluru
Footprints Play School,3.4,136,Education & Training,New Delhi
Consolidated Analytics,3.9,136,Software Product,Chennai
Infotech,4.3,136,IT Services & Consulting,Hyderabad
Kimia Biosciences Limited,3.5,136,Pharma,Gurugram
Quatrro Mortgage Solutions,3.1,136,Financial Services,Mumbai
GoApptiv,4.1,136,Mumbai +50 other locations,
iB Arts,3.9,136,IT Services & Consulting,Kolkata
Monotech Systems,3.4,136,Printing & Publishing,Chennai
Ascentrik Research Services,1.8,136,IT Services & Consulting,Pune
GlowTouch Technologies,3.0,136,BPO,Mangaluru
Sigma,3.9,136,Pharma,Pune
PlasmaGen Biosciences,3.5,136,Pharma,Bengaluru
Statcon Electronic,4.4,136,Industrial Machinery,Noida
R-pac,3.2,136,Packaging,Mumbai
AVON TUBETECH,3.4,136,Iron & Steel,Faridabad
TechNova Imaging Systems,4.1,136,Printing & Publishing,Mumbai
C2L BIZ,3.1,136,Internet,Mumbai
Syncom Formulations India,3.1,136,Pharma,Indore
Akash Blowers,4.4,136,Bahadurgarh +5 other locations,
Dunkin' Donuts,3.7,136,Hospitality,New Delhi
Rashi Peripherals,3.6,136,IT Services & Consulting,Mumbai
Aza Fashions,3.6,136,Fashion & Textile,Mumbai
Crimsoune Club,3.8,136,Fashion & Textile,New Delhi
Robinhood Insurance Broker Limited,3.0,136,Insurance,Mumbai
Dhanlaxmi Bank,4.0,136,Banking,Thrissur
D Light Energy,3.7,135,Waste Management,Gurugram
Aqua Group,4.1,135,Industrial Machinery,Coimbatore
PSG Hospitals,4.0,135,Healthcare,Coimbatore
Ethos,3.0,136,Metals & Mining,New Delhi
Shree Malani Foams,3.9,136,Hyderabad +14 other locations,
Garuda Aerospace,3.3,135,Internet,Chennai
Pyro Group,3.5,135,Telecom,Hyderabad
S K Samanta & Co,3.5,135,Engineering & Construction,Kolkata
SAGE Automation,4.2,135,Industrial Automation,Pune
Paradigm Realty,4.0,135,Real Estate,Mumbai
CallHippo,4.1,135,Ahmedabad +2 other locations,
HashCash Consultants,3.4,135,Software Product,Kolkata
Civet Projects,4.1,136,Engineering & Construction,Hyderabad
Vkc Nuts,,,Food Processing,Noida
FabAlley,3.9,135,Retail,Noida
Mytrah Energy,4.4,135,Power,Hyderabad
Qbss,3.8,135,IT Services & Consulting,Coimbatore
Garrett - Advancing Motion,3.1,135,Auto Components,Pune
Sai Construction,3.6,135,Engineering & Construction,Bengaluru
Planet EDU,3.3,135,EdTech,Gurugram
Stemmons Business Services,4.1,135,BPO,Vadodara
Ebix Smartclass Educational Services,4.0,135,EdTech,New Delhi
Aurore Life Sciences,3.1,135,Pharma,Hyderabad
Chemspec Chemicals Pvt Ltd,3.6,135,Chemicals,Mumbai
Yulu Bikes,4.0,135,Internet,Bengaluru
Gillette,4.3,135,FMCG,Bhiwadi
Abacus Staffing & Services,3.2,135,Recruitment,Hyderabad
91Squarefeet,3.3,135,Internet,Gurugram
Lakshya Powertech Limited,3.9,135,Ahmedabad +16 other locations,
Amol Pharmaceuticals,3.9,135,Pharma,Jaipur
AIT Global,3.1,135,IT Services & Consulting,Pune
Sanzyme,3.7,135,Biotechnology,Hyderabad
Hawa Valves,3.1,135,Oil & Gas,Mumbai
Full Creative,3.3,135,Software Product,Chennai
Fiverr Inc.,4.5,135,Internet,New Delhi
Auriga Research,3.0,135,Analytics & KPO,Bengaluru
Unified Infotech,4.2,135,IT Services & Consulting,Kolkata
I.T. Solutions India Private Limited,3.5,135,IT Services & Consulting,New Delhi
Ocube Services,3.0,135,BPO,Noida
Supreme Petrochem,3.8,135,Chemicals,Mumbai
Full Creative,3.3,135,Software Product,Chennai
Amol Pharmaceuticals,3.9,135,Pharma,Jaipur
Fiverr Inc.,4.5,135,Internet,New Delhi
Chemco Plastic Industries Private Limited,4.5,135,Petrochemicals,Mumbai
Kusalava International,3.7,135,Industrial Machinery,Vijayawada
Equinix,3.3,135,IT Services & Consulting,Bengaluru
Dachser,3.8,135,Logistics,Mumbai
AIT Global,3.1,135,IT Services & Consulting,Pune
Auriga Research,3.0,135,Analytics & KPO,Bengaluru
Amrita Vidyalayam,3.3,135,Education & Training,Chennai
Appcino Technologies,3.4,135,IT Services & Consulting,Jaipur
Vertoz,3.4,135,Marketing & Advertising,Mumbai
Sanzyme,3.7,135,Biotechnology,Hyderabad
eNTrust Software & Services,3.6,135,Software Product,Chennai
Bigshare Services,2.8,135,Legal,Mumbai
Nuvama Wealth Management,3.5,135,Financial Services,Mumbai
PrimeXBT,4.6,134,FinTech,London
31 Parallel,1.8,135,BPO,Shimla
Anik Milk Products,3.5,134,FMCG,Indore
Argl,4.0,134,Gurugram +8 other locations,
31 Parallel,1.8,135,BPO,Shimla
FNF India,3.8,134,IT Services & Consulting,Bengaluru
Eco Protection Engineers,4.1,134,Engineering & Construction,Chennai
OVT India,3.4,134,Electrical Equipment,Noida
NTN NEI Manufacturing,4.0,134,Automobile,Chennai
Defsys Solutions,3.8,134,Defence & Aerospace,Gurugram
ADM India,4.0,134,Food Processing,Bengaluru
Dr. D.Y.Patil Hospital & Research Centre,3.9,134,Healthcare,Pune
Perennial Systems,4.2,134,IT Services & Consulting,Pune
Dr. Rela Institute & Medical Centre,4.2,134,Healthcare,Chennai
Multitex Filtration Engineers,3.6,134,Industrial Machinery,New Delhi
Tranistics Data Technologies,3.5,134,Software Product,Kolkata
Urbanpro,3.6,134,EdTech,Bengaluru
Lineomatic Industries Pvt. Ltd.,3.6,134,Pulp & Paper,Ahmedabad
Anik Milk Products,3.5,134,FMCG,Indore
INVESMATE,3.9,134,Education & Training,Kolkata
Vkl Seasoning,3.9,134,FMCG,Kochi
Apeejay Surrendra Group,3.6,134,Hospitality,Kolkata
Paras Buildtech,3.5,134,Real Estate,Gurugram
Naresh Kumar & Co.,4.2,134,Urban Transport,Jamshedpur
The Nuance Group AG,4.3,134,IT Services & Consulting,Bengaluru
Snovasys,4.4,134,IT Services & Consulting,Hyderabad
Astro Arun Pandit,3.5,135,Noida +3 other locations,
Internship Studio,4.0,135,Pune +30 other locations,
Ptc Industries,3.6,134,Iron & Steel,Lucknow
Hansa Research Group,3.8,134,Analytics & KPO,Mumbai
MotivityLabs,3.0,134,IT Services & Consulting,Hyderabad
Century Rayon,3.9,134,Fashion & Textile,Mumbai
MindSquare Technologies,4.5,134,IT Services & Consulting,Bengaluru
Fortune Business Insights,3.6,134,Analytics & KPO,Pune
Doosan Bobcat India,3.9,135,Industrial Machinery,Chennai
Medgulf Construction Company,3.3,134,Engineering & Construction,Doha
Craft Silicon,3.6,134,IT Services & Consulting,Bengaluru
Ace Creative Learning,3.8,134,Design,Bengaluru
Maharashtra Natural GAS,3.1,134,Oil & Gas,Pune
Safran India - Digit,4.0,134,Mumbai +6 other locations,
Juego Studios,4.1,134,Gaming,Bengaluru
Bansal Wire Industries,3.3,134,Iron & Steel,Ghaziabad
Accountant Anywhere Services,4.2,134,BPO,Pune
Appy Pie,3.7,134,IT Services & Consulting,Noida
Aries Agro,4.0,134,Agro Chemicals,Mumbai
Competent Automobiles,3.9,134,Retail,New Delhi
CORNITOS,4.1,134,FMCG,Roorkee
FBSPL- Fusion Business Solution P Limited,3.4,135,BPO,Udaipur
Spykar Lifestyles,4.1,134,Fashion & Textile,Mumbai
Accountant Anywhere Services,4.2,134,BPO,Pune
Bansal Wire Industries,3.3,134,Iron & Steel,Ghaziabad
Koso India,4.0,134,Industrial Automation,Nashik
Juego Studios,4.1,134,Gaming,Bengaluru
Eastman Cast & Forge,3.2,134,Industrial Machinery,Ludhiana
D2K Technologies India,2.7,134,IT Services & Consulting,Mumbai
Maharashtra Natural GAS,3.1,134,Oil & Gas,Pune
Packt Publishing,3.3,134,Printing & Publishing,Mumbai
Mahathi Infra Services,3.7,134,Oil & Gas,Hyderabad
ITL Industries,3.7,134,Industrial Machinery,Indore
Mangalam Drugs & Organics,3.6,134,Pharma,Vapi
Rollico,4.1,134,Hospitality,Kolkata
Tribeca Developers,4.5,133,Real Estate,Pune
Nestor Pharmaceuticals,2.7,133,Pharma,Faridabad
Aditya Birla Renewables,3.9,134,Power,Mumbai
CamelQ Software Solutions,4.0,133,Software Product,Hyderabad
Siemens Industry Software (India),4.2,133,Industrial Automation,Pune
Almonds Ai,4.3,134,Software Product,Gurugram
Seth Anandram Jaipuria School,3.8,134,Education & Training,Lucknow
Insighte,3.9,133,Healthcare,Bengaluru
TetraSoft,3.7,133,IT Services & Consulting,Hyderabad
Fertilisers and Chemicals Travancore,4.1,133,Agro Chemicals,Kochi
PPS International,3.7,133,Industrial Machinery,Greater Noida
DAEWOO E&C,4.2,133,Engineering & Construction,Patna
APC By Schneider Electric,4.4,133,Electrical Equipment,Bengaluru
Inorbvict Healthcare,3.9,133,Medical Equipment,Pune
Tribeca Developers,4.5,133,Real Estate,Pune
SMARTe,3.7,133,IT Services & Consulting,Mumbai
Zieta Technologies,3.3,133,IT Services & Consulting,Bengaluru
Reliable Business Solutions & Services,2.9,133,BPO,Mumbai
Distacart,4.6,133,Internet,Hyderabad
Nestor Pharmaceuticals,2.7,133,Pharma,Faridabad
WonderBotz,3.9,133,IT Services & Consulting,Bengaluru
JS Auto Cast Foundry,3.8,133,Coimbatore +4 other locations,
Superon Schweisstechnik India,3.9,133,Electronics Manufacturing,Gurugram
Paharpur 3P,4.2,133,Packaging,Ghaziabad
Eaton Industrial Systems,4.3,133,Industrial Machinery,Pune
Srinivasa Farms,3.7,133,Food Processing,Hyderabad
Indo-Tibetan Border Police,4.6,133,Government,New Delhi
Central ParK,4.1,133,Real Estate,Gurugram
Sids Farm,3.2,134,Food Processing,Hyderabad
SA Technologies,3.0,133,IT Services & Consulting,Pune
Smart IMS,3.9,133,IT Services & Consulting,Hyderabad
Viveks,3.9,133,Retail,Chennai
DSM,3.9,133,Chemicals,Hyderabad
Elite Powertech,4.0,133,Power,New Delhi
Saurer,3.8,133,Financial Services,Vadodara
FNZ,3.0,133,FinTech,Gurugram
SATTRIX Information Security,2.9,133,IT Services & Consulting,Ahmedabad
SAL Automotive,3.7,133,Auto Components,Nabha
RFCL,3.7,133,Agro Chemicals,Ramagundam
Risebird Talent Solutions,3.6,133,Recruitment,Noida
Ardom Towergen,3.7,133,Telecom,Gurugram
Tema India,4.1,133,Oil & Gas,Mumbai
Lion Services,3.6,133,Facility Management Services,New Delhi
Secure Network Solutions,4.4,133,IT Services & Consulting,Chennai
Kintetsu World Express,4.0,133,Logistics,Hyderabad
Advance Decorative Laminates Private Limited,4.0,133,Building Material,Hapur
Global Cloud Xchange,3.0,133,Telecom,Mumbai
Helm360,3.6,133,IT Services & Consulting,Noida
Fairmont Hotels & Resorts,3.9,133,Hospitality,Jaipur
LenDenClub,4.0,133,FinTech,Mumbai
Rentokil Initial,3.4,133,Agro Chemicals,Mumbai
Idfy,3.1,133,Software Product,Mumbai
Emrill Services LLC,4.0,133,Facility Management Services,Dubai
ICSIL,3.3,133,Telecom,New Delhi
Life Care Logistic,3.2,133,Pune +22 other locations,
SHREE GANESH CORPORATION,4.1,133,Engineering & Construction,Surat
Mindrill Systems Solutions,3.5,132,Industrial Machinery,Kolkata
Beyondriffs,4.6,132,Education & Training,Ghaziabad
Nethues Technologies,3.2,132,IT Services & Consulting,New Delhi
Powermax Fitness India,4.8,132,Fitness & Wellness,Mumbai
PAVIT CERAMICS ( P),3.4,132,Building Material,Ahmedabad
Riello Power India,3.8,132,Electronics Manufacturing,Gurugram
Oorja Technical Services,4.0,132,Electrical Equipment,Indore
Axtel Industries,3.9,132,Industrial Machinery,Vadodara
Doehler,3.6,132,IT Services & Consulting,Pune
Cambridge Technology Enterprises,3.2,132,IT Services & Consulting,Hyderabad
Connect India E Commerce Services,2.7,132,Logistics,Bengaluru
Mindrill Systems Solutions,3.5,132,Industrial Machinery,Kolkata
A.K.AUTOMATICS,3.7,132,Auto Components,Rohtak
Nissin Abc Logistics,4.0,132,Logistics,Gurugram
Beyondriffs,4.6,132,Education & Training,Ghaziabad
Nethues Technologies,3.2,132,IT Services & Consulting,New Delhi
DUKES,3.8,132,Hospitality,Hyderabad
Channel Soft,3.7,132,IT Services & Consulting,Vijayawada
Dasnac,4.5,132,Real Estate,New Delhi
Wildnet Technologies,4.4,132,Marketing & Advertising,Noida
Riello Power India,3.8,132,Electronics Manufacturing,Gurugram
AutomationEdge,2.8,132,IT Services & Consulting,Pune
Inspace Technologies,3.7,132,Software Product,Chennai
TAM Media Research,3.1,132,Analytics & KPO,Vadodara
Babaji Shivram Clearing & Carriers,3.2,132,Logistics,Mumbai
Baker Gauges,3.5,132,Semiconductors,Pune
Mahansaria Group,3.4,132,Auto Components,Bharuch
Valtech India Systems,3.8,132,IT Services & Consulting,Bengaluru
OCS Services,4.3,132,Oil & Gas,Mumbai
Globsyn Business School,4.3,132,Education & Training,Kolkata
Gainsight,4.0,132,IT Services & Consulting,Hyderabad
Gmr Aero Technic,4.4,132,Aviation,Hyderabad
T & T Infra,4.0,133,Engineering & Construction,Pune
Tekshapers Software Solutions,3.2,132,IT Services & Consulting,Noida
Lee & Nee Softwares Exports,3.7,132,Software Product,Kolkata
Mitel,3.7,132,Telecom,Bengaluru
M3bi,4.1,132,IT Services & Consulting,Hyderabad
Foodhub,3.3,132,Software Product,Chennai
Nians,3.8,132,IT Services & Consulting,Gurugram
Leonia Holistic Destination,3.8,132,Hospitality,Hyderabad
Swarovski India,4.1,132,Jewellery,Pune
SAN Engineering & Locomotive,3.7,132,Industrial Machinery,Bengaluru
Vi-son Industries,3.4,132,Industrial Machinery,Pune
Spardha School of Music,4.3,132,Pune +2 other locations,
Pan Seeds,3.8,132,Agriculture,Kolkata
MOVIN,3.7,132,Gurugram +13 other locations,
Sonepar,4.3,132,Other,Gurugram
Cello,3.7,132,Retail,Mumbai
Tecnics Integration Technologies,3.3,132,Software Product,Hyderabad
PhillipCapital,2.9,132,Financial Services,Mumbai
Lahori Zeera,3.9,132,Beverage,Sahibzada Ajit Singh Nagar
Growel Softech,2.7,132,Recruitment,Pune
Manali Petrochemicals,3.2,132,Chemicals,Chennai
Paramount Products,4.2,132,Import & Export,New Delhi
Snowcem Paints,4.3,132,Building Material,Mumbai
Eye7 Chaudhary Eye Centre,2.9,132,Healthcare,New Delhi
RPG Group,3.5,132,Engineering & Construction,Mumbai
International Institute of SDG's and Public Policy Research,4.7,132,New Delhi +6 other locations,
VRP Telematics,3.4,131,Retail,New Delhi
20 Microns,3.8,131,Chemicals,Vadodara
ImagicaaWorld Entertainment Limited,3.6,131,Events,Mumbai
Navi Finserv,3.4,131,Bengaluru +16 other locations,
Ferromatik Milacron,3.3,132,Industrial Machinery,Ahmedabad
Government Of Tamilnadu,4.0,131,Government,Chennai
Mitarsh Energy,4.4,131,Power,Ahmedabad
Dentcare Dental Lab,3.8,131,Medical Equipment,Kochi
HIREXA SOLUTIONS,4.0,131,IT Services & Consulting,Bengaluru
Nucot,4.5,132,Recruitment,Bengaluru
Camp K-12,3.3,131,EdTech,Gurugram
Envision Overseas Education Consultants,4.0,131,Mumbai +7 other locations,
Zupee,3.7,131,Gaming,Gurugram
BuyMore,4.1,131,Internet,Bengaluru
Planedge Consultants,3.2,132,Management Consulting,Pune
Metalman Microturners,3.8,131,Metals & Mining,Rudrapur
Merck Specialities,4.2,131,Pharma,Bengaluru
Al Fara'a Group,3.1,131,Engineering & Construction,Mumbai
Synergy Systems & Solutions,3.8,132,Industrial Automation,Faridabad
Stellapps Technologies,3.9,131,Software Product,Bengaluru
Shri Bhagwati Machines Pvt. Ltd.,3.6,131,Industrial Machinery,Ajmer
Sical Logistics,4.2,131,Logistics,Bengaluru
Schiller Healthcare India,3.7,131,Medical Equipment,Mumbai
ANY Graphics,3.8,131,Printing & Publishing,Noida
Gulshan Homz,4.0,131,Real Estate,Noida
SIMA Labs,3.9,131,Waste Management,New Delhi
Intelegencia,3.3,131,IT Services & Consulting,Noida
ECS | Enterprise Change Specialists,4.3,131,IT Services & Consulting,Hyderabad
Nims Hospital,3.7,131,Healthcare,Jaipur
Integrated Cleanroom Technologies,4.0,131,Facility Management Services,Hyderabad
Numbertree LLP,3.2,131,Accounting & Auditing,New Delhi
Hidoc Dr,4.7,131,Internet,Pune
TalentSprint,4.0,131,Hyderabad +4 other locations,
Ameriprise India,3.5,131,Financial Services,Gurugram
Holcim Global Hub Business Services,4.1,131,IT Services & Consulting,Mumbai
Zeus Learning,2.8,131,EdTech,Mumbai
Springworks,4.1,131,Software Product,Bengaluru
Small Industries Development Bank of India,3.8,131,NBFC,Mumbai
Bansal Group,3.5,131,Education & Training,Bhopal
Welcomhotel By ITC Hotels,4.2,131,Hospitality,New Delhi
AGI Greenpac,3.9,131,Packaging,Hyderabad
DH Healthcare Software Services India Private Limited (Dedalus),3.5,131,Software Product,Chennai
Forever New,4.0,131,Retail,Gurugram
Hungama,3.3,131,Internet,Mumbai
Volansys Technologies,3.0,131,IT Services & Consulting,Ahmedabad
Hager Electro,3.2,131,Electrical Equipment,Pune
SmartConnect Technologies,2.3,131,IT Services & Consulting,Mumbai
Crane Process Flow Technologies India,3.4,131,Industrial Machinery,Pune
Small Industries Development Bank of India,3.8,131,NBFC,Mumbai
Bansal Group,3.5,131,Education & Training,Bhopal
DH Healthcare Software Services India Private Limited (Dedalus),3.5,131,Software Product,Chennai
Openview Technologies,3.4,131,IT Services & Consulting,Pune
Forever New,4.0,131,Retail,Gurugram
AGI Greenpac,3.9,131,Packaging,Hyderabad
Welcomhotel By ITC Hotels,4.2,131,Hospitality,New Delhi
Crane Process Flow Technologies India,3.4,131,Industrial Machinery,Pune
Hager Electro,3.2,131,Electrical Equipment,Pune
Pharmaffiliates Analytics Synthetics,4.0,131,Pharma,Panchkula
Forace Polymers,3.3,131,Chemicals,Haridwar
Accordion (India),2.6,131,Management Consulting,Hyderabad
Ruban Memorial Hospital,3.7,131,Healthcare,Patna
Labvantage Solutions,3.7,131,Software Product,Kolkata
Tirupati Life Sciences,4.2,131,Pharma,Paonta Sahib
Techavera Solutions,4.2,130,Education & Training,Noida
BMA Wealth Creators,4.4,130,Financial Services,Kolkata
Mylab Discovery Solutions,2.9,130,Internet,Pune
Marvell,3.7,130,Semiconductors,Bengaluru
Dembla Valves,3.7,130,Industrial Machinery,Mumbai
SOLITAIRE GROUP,3.6,130,Engineering & Construction,Pune
Maharishi Ayurveda Products,3.6,130,Pharma,Noida
Amwaj Catering Services,3.8,130,Hospitality,Doha
Frog CellSat,3.8,130,Design,Noida
NGL Fine Chem,3.9,130,Pharma,Mumbai
ABIL Group,4.4,130,Real Estate,Pune
Acent High Soft Technologies,4.5,130,Recruitment,Noida
BEKEM Infra Projects,3.8,130,Engineering & Construction,Hyderabad
Flyweis Technology,4.2,131,IT Services & Consulting,Noida
Next Move Strategy Consulting,4.8,131,Tinsukia +4 other locations,
Arrivae,3.3,130,Mumbai +13 other locations,
FrontierWox Tech,4.5,131,IT Services & Consulting,Tiruchirappalli
Shri Ram ComSoft Pvt Ltd - SRCOMSOFT,3.0,130,IT Services & Consulting,Jabalpur
A2z Infra Engineering,3.6,130,Engineering & Construction,Gurugram
IG Infotech India,2.9,130,IT Services & Consulting,Bengaluru
BMA Wealth Creators,4.4,130,Financial Services,Kolkata
Ajnara India,3.7,131,Real Estate,Noida
Mylab Discovery Solutions,2.9,130,Internet,Pune
Same Deutz-fahr,3.7,130,Industrial Machinery,Vellore
Valu Connex Telecom Services Private,4.4,130,Telecom,New Delhi
Hitachi MGRM Net,3.3,130,IT Services & Consulting,Gurugram
TVS Next,3.3,130,IT Services & Consulting,Chennai
Nation with NaMo,2.5,130,Non-Profit,New Delhi
Krishna Enterprises,3.8,131,Industrial Machinery,Faridabad
myTectra,3.1,130,Education & Training,Bengaluru
Rajagiri Hospital,4.2,130,Healthcare,Kochi
Edge Telecom,3.5,130,Telecom,Gurugram
Kpn Farm Fresh,3.6,130,Internet,Chennai
Skillventory,3.4,130,Indore +10 other locations,
Amplifon,4.0,130,Medical Equipment,Gurugram
Anko,4.5,130,Retail,Bengaluru
United Airlines,3.9,130,Aviation,Gurugram
Rahman Industries,3.7,130,Fashion & Textile,Kanpur
Shantha Biotechnics,4.8,130,Biotechnology,Hyderabad
ZestMoney,4.0,130,FinTech,Bengaluru
NewVision Software & Consultancy,3.4,130,IT Services & Consulting,Pune
Novigo Solutions,3.8,130,IT Services & Consulting,Mangaluru
Coupa Software Inc,3.2,130,Other,Pune
Chargebee,3.5,130,Software Product,Chennai
Jindal Water Infrastructure,3.7,130,Waste Management,New Delhi
Beroe Inc,4.1,130,Management Consulting,Chennai
NETPLUS Broadband Services,3.7,130,Telecom,Ludhiana
Likewize,3.4,130,Telecom,Chennai
CNS Comnet,4.1,130,BPO,Gurugram
Hellmann Worldwide Logistics,3.9,130,Logistics,Chennai
R.K Associates & Hoteliers,2.7,130,Facility Management Services,New Delhi
Desnor Destination,4.3,129,Noida +2 other locations,
Mtandt,3.7,129,Industrial Machinery,Chennai
Gamma Process Hub,3.6,129,BPO,Chennai
Sterling Manufacturing Company,3.7,129,Industrial Machinery,Gurugram
Enrich Agro Food Products,3.6,129,FMCG,Rohtak
Conceptia Software Technologies,4.1,129,Defence & Aerospace,Bengaluru
Doshion,3.6,129,Waste Management,Ahmedabad
Vivekananda Hospital,3.8,129,Healthcare,Durgapur
TableSpace Technologies,3.1,130,Real Estate,Bengaluru
Multi Organics,3.0,129,Chemicals,Chandrapur
Minosha,4.0,129,Hardware & Networking,New Delhi
KSK Mahanadi Power Company,3.9,129,Power,Bilaspur
INFOCRUNCH ANALYTICS,3.0,129,Analytics & KPO,New Delhi
NEXA Service,4.1,129,Automobile,Hyderabad
INFOCRUNCH ANALYTICS,3.0,129,Analytics & KPO,New Delhi
KSK Mahanadi Power Company,3.9,129,Power,Bilaspur
Ageis,3.7,129,Emerging Technologies,Bengaluru
Cybertech Systems & Software,3.3,129,IT Services & Consulting,Mumbai
Veena Developers,4.1,129,Real Estate,Mumbai
AKGVG & Associates,3.3,129,Accounting & Auditing,New Delhi
IndiaCan,4.8,129,EdTech,New Delhi
D&H Sécheron Electrodes,3.8,129,Industrial Machinery,Indore
Gamma Process Hub,3.6,129,BPO,Chennai
Enrich Agro Food Products,3.6,129,FMCG,Rohtak
Conceptia Software Technologies,4.1,129,Defence & Aerospace,Bengaluru
Sterling Manufacturing Company,3.7,129,Industrial Machinery,Gurugram
Jain Amar,3.0,129,Retail,Ludhiana
Doshion,3.6,129,Waste Management,Ahmedabad
Minosha,4.0,129,Hardware & Networking,New Delhi
YouGov,3.6,129,Analytics & KPO,Mumbai
IVY SOFTWARE DEVELOPMENT SERVICES,3.9,129,IT Services & Consulting,Hyderabad
ERGO Technology & Services,3.2,129,IT Services & Consulting,Mumbai
Foodlink F&B Holdings,4.1,129,Hospitality,Mumbai
Kaplan,3.9,129,EdTech,Bengaluru
Kaplan,3.9,129,EdTech,Bengaluru
Techila Global Services,3.5,129,IT Services & Consulting,Pune
The AEC Associates,4.4,129,Engineering & Construction,Noida
Glory Global Solutions (south Asia),3.3,129,IT Services & Consulting,Mumbai
Foodlink F&B Holdings,4.1,129,Hospitality,Mumbai
Medicamen Biotech,3.1,129,Pharma,New Delhi
Ediglobe,3.9,129,EdTech,Bengaluru
BASIC Home Loan,3.8,130,FinTech,Gurugram
Nelson Global Products,3.5,129,Industrial Machinery,Pune
BHARAT TECHNO PLAST,3.8,129,Auto Components,Ahmedabad
Computer Junction,3.6,129,IT Services & Consulting,New Delhi
Hester Biosciences,3.5,129,Biotechnology,Ahmedabad
Indian Synthetic Rubber,4.1,129,Petrochemicals,Panipat
Core Energy Systems Limited,3.8,129,Defence & Aerospace,Mumbai
Sigma Corporation India,4.0,129,Auto Components,Gurugram
Omni Hospital,3.6,129,Healthcare,Hyderabad
Kajaria Bathware,4.2,129,Building Material,Bhiwadi
Sobha Projects and Trade,4.0,129,Engineering & Construction,Bengaluru
Indore Composite,4.0,129,Telecom,Mumbai
Tex Corp.,3.7,129,Fashion & Textile,Gurugram
Prodocs Solutions,3.4,129,Legal,Mumbai
Siec Education,2.7,128,Recruitment,New Delhi
Sfj Business Solutions,2.4,128,IT Services & Consulting,Bengaluru
FR8,3.7,128,Internet,Chennai
Nikon,4.0,128,Consumer Electronics & Appliances,Gurugram
RN Valves & Faucets,3.1,128,Ghaziabad +17 other locations,
GetMyUni,3.3,128,Education & Training,Bengaluru
Kilitch Healthcare India,4.5,128,Marketing & Advertising,Mumbai
IMCS Group.,3.1,128,IT Services & Consulting,Noida
Galore Networks,2.7,128,IT Services & Consulting,Chennai
Vedang Radio Technology,4.2,128,Telecom,Mumbai
Ganga Medical Centre & Hospitals,4.1,129,Healthcare,Coimbatore
DelEx Cargo,4.6,128,Logistics,Mumbai
Sadara Chemical Company,4.0,128,Chemicals,Al Jubail
TRUGlobal,3.7,128,IT Services & Consulting,Bengaluru
GE Capital,4.4,128,Financial Services,Gurugram
Ethara AI,3.3,132,Gurugram +6 other locations,
Paranjape Autocast,3.4,128,Auto Components,Pune
Scholastic,4.1,128,Printing & Publishing,Gurugram
Odisha Power Transmission Corporation,4.3,128,Power,Bhubaneswar
Atandra Energy,4.3,128,Electronics Manufacturing,Chennai
Dentsu Global Services,3.4,130,Marketing & Advertising,Pune
RouteMobile,3.4,128,IT Services & Consulting,Mumbai
Daelim Industrial Co.,4.9,128,Petrochemicals,Chennai
Clinic Dermatech,3.3,128,Beauty & Personal Care,New Delhi
Storia Foods,3.8,128,Beverage,Mumbai
TSR Darashaw,3.4,128,BPO,Mumbai
Dharmaj Crop Guard,4.0,128,Agro Chemicals,Ahmedabad
Saya homes,4.1,128,Real Estate,Noida
Indian Acrylics,3.9,128,Chemicals,Sangrur
Ufi Filters,4.0,128,Auto Components,Bawal
Aapna Infotech,4.2,128,IT Services & Consulting,New Delhi
C-Square Info Solutions,3.5,128,IT Services & Consulting,Bengaluru
Regus,3.2,129,Facility Management Services,Mumbai
Stivaph Healthcare,4.1,128,Pharma,Ahmedabad
Isgec Hitachi Zosen,3.5,128,Industrial Machinery,Bharuch
Kewaunee Labway,4.1,128,Furniture & Furnishing,Bengaluru
Zopsmart Technology,3.3,128,Software Product,Bengaluru
S R Enterprises,3.9,128,Electrical Equipment,New Delhi
Tasmed,3.5,128,Pharma,Chandigarh
Interview Kickstart,3.6,128,Education & Training,Bengaluru
MAP Systems,2.8,128,IT Services & Consulting,Bengaluru
Vector India,3.9,129,Auto Components,Hyderabad
Uk Realty,3.8,128,Real Estate,Mumbai
Qseap Infotech,3.5,128,IT Services & Consulting,Mumbai
KW Group,3.9,128,Non-Profit,Ghaziabad
The India Thermit Corporation,3.6,128,Industrial Machinery,Kanpur
Bridgenext,3.4,128,IT Services & Consulting,Pune
Devon Software Services,3.8,128,IT Services & Consulting,Bengaluru
Auxein Medical,3.0,128,Medical Equipment,New Delhi
Gateway Distriparks,3.4,128,Logistics,New Delhi
BL Lifesciences,3.2,128,Medical Equipment,New Delhi
SJS Enterprises,4.0,128,Auto Components,Bengaluru
Kanan International,3.0,128,Internet,Vadodara
La opala rg,3.9,128,Retail,Sitarganj
Lot Mobiles,3.5,128,Retail,Hyderabad
Nahar Spinning Mills,4.0,128,Fashion & Textile,Ludhiana
Jain Housing & Constructions,4.3,128,Real Estate,Chennai
Magnum Mi Steel,3.4,128,Iron & Steel,Gurugram
Covenant Consultants,4.0,128,Recruitment,Chennai
Magnum Mi Steel,3.4,128,Iron & Steel,Gurugram
Saasguru,2.0,127,Education & Training,Pune
Nala Robotics,1.8,127,Hyderabad +2 other locations,
Redington Gulf,3.6,127,IT Services & Consulting,Chennai
Grid Dynamics,3.2,129,IT Services & Consulting,Hyderabad
MSN,3.7,127,Internet,Hyderabad
IMARC Group,3.2,128,Analytics & KPO,New Delhi
Jaya Shree Textiles,3.9,128,Fashion & Textile,Kolkata
Karma Ayurveda,3.6,127,Healthcare,New Delhi
MCaffeine,2.9,128,Beauty & Personal Care,Mumbai
PeopleStrong Technologies,3.1,127,Software Product,Gurugram
Basavatarakam Indo American Cancer Hospital Research Institute,4.3,127,Healthcare,Hyderabad
Airworks,3.7,127,Aviation,Hosur
Avvashya Cci Logistics,3.7,127,Logistics,Mumbai
Great Champ Technology Limited,2.8,127,EdTech,Noida
Genus Electrotech,3.3,127,Semiconductors,Gandhidham
ShipBob,3.9,127,Logistics,New Delhi
Creative Projects & Contracts,4.0,127,Engineering & Construction,Jaipur
Bharatiya Vidya Bhavan,3.9,127,Education & Training,Nagpur
ams OSRAM,3.1,127,Electronics Manufacturing,Bengaluru
Arki Techno Consultants,3.0,127,Engineering & Construction,Bhubaneswar
KMC HOSPITAL,4.1,127,Healthcare,Mangaluru
Ftcash,3.9,127,FinTech,Mumbai
CTA Apparels,3.9,127,Fashion & Textile,Noida
Tega McNally Minerals,2.8,127,Industrial Machinery,Bengaluru
Sparkline Equipments,4.2,127,Industrial Machinery,Pune
Cheers Interactive,2.9,127,Management Consulting,Mumbai
BrandMuscle,3.4,127,IT Services & Consulting,Bengaluru
DDRC Agilus Diagnostics,3.8,127,Kochi +16 other locations,
JU Agri Sciences,4.3,127,Agro Chemicals,Noida
DEC Property Management,4.0,127,Facility Management Services,New Delhi
Nirmaan Organization,3.6,127,Financial Services,Hyderabad
Orient Blackswan,4.2,127,Printing & Publishing,Hyderabad
AachiGroup,3.8,127,Chennai +22 other locations,
Swami Rama Himalayan University,3.9,127,Education & Training,Dehradun
Gromax Agri Equipment,3.7,127,Automobile,Vadodara
Applore Technologies,4.2,127,IT Services & Consulting,Noida
AVASO Technology Solutions,3.3,127,IT Services & Consulting,Sahibzada Ajit Singh Nagar
Coloplast,3.4,127,Healthcare,New Delhi
Bioworld Merchandising,3.4,127,Retail,Gurugram
Sud Chemie,4.5,127,Chemicals,Vadodara
TTK Services,3.3,127,Internet,Bengaluru
Indian Institute of Science Education and Research,3.9,127,Analytics & KPO,Pune
NDS InfoServ,3.1,127,BPO,Mumbai
Deqode,3.4,127,IT Services & Consulting,Indore
Cerence,3.2,127,Software Product,Pune
Eidiko Systems Integrators,3.3,127,IT Services & Consulting,Hyderabad
Techversant Infotech,3.8,127,IT Services & Consulting,Thiruvananthapuram
Jaipuria Institute of Management,4.3,127,Education & Training,Lucknow
Wipfli,3.5,127,Accounting & Auditing,Bengaluru
Nitin Spinners,4.3,127,Fashion & Textile,Bhilwara
Meritshot,4.5,127,Education & Training,Noida
Ghaziabad Precision Products,3.6,127,Automobile,Ghaziabad
Funskool India,3.9,127,Other,Chennai
Getronics,4.3,127,IT Services & Consulting,Bengaluru
Input Zero Technologies,3.5,127,Analytics & KPO,Bengaluru
Viaante Business Solutions,2.9,127,BPO,Mumbai
Honeywell Building Solutions,3.7,127,Engineering & Construction,Pune
Starion India,3.5,127,Electronics Manufacturing,Pune
Modern Informatics,3.8,127,IT Services & Consulting,Mumbai
InSemi Technology Services,3.9,127,Semiconductors,Bengaluru
Perpetuuiti Technosoft Services,3.6,127,IT Services & Consulting,Pune
Performics,3.8,127,Marketing & Advertising,Mumbai
P&R Infraprojects,3.8,127,Engineering & Construction,Chandigarh
ADS Spirits,4.4,127,Beverage,New Delhi
PNG Jewellers,4.4,127,Jewellery,Pune
Microscan Infocommtech,4.0,126,Telecom,Mumbai
Modelyze Labs,4.8,137,IT Services & Consulting,Bengaluru
G.S.E.C,2.9,126,Logistics,Ahmedabad
Sri Sai Power and Equipments,3.7,126,Industrial Machinery,Surat
Abhijeet Group,3.8,126,Power,Visakhapatnam
Celebrity Cruises,4.1,126,Travel & Tourism,Mumbai
Radiant Guard Services Pvt. Ltd. - India,4.8,126,Law Enforcement & Security,Pune
BACS HITECH ENGINEERING,3.0,126,Engineering & Construction,Bhilai Nagar
Hombale Constructions and Estates,4.4,126,Engineering & Construction,Bengaluru
Sicagen,3.7,126,Industrial Automation,Chennai
Neural IT,3.3,126,Financial Services,Mumbai
HERO ECOTECH,3.6,126,Automobile,Ludhiana
Vishnu Solutions,3.5,126,BPO,Kolkata
Sudisa Foundry,3.5,127,Auto Components,Jamshedpur
Dai Ichi,4.2,126,Chemicals,Bharuch
Rich Products & Solutions,3.6,127,Food Processing,Pune
Bilt,4.0,126,Pulp & Paper,Yamunanagar
QO BOX,4.6,126,IT Services & Consulting,Chennai
Panchayati Raj,3.4,126,Government,Lucknow
Oaknet Healthcare,3.1,126,Pharma,Mumbai
Continuum Global Solutions,3.6,126,BPO,Indore
MPOnline,3.3,128,IT Services & Consulting,Bhopal
DANA Graziano India,4.1,126,Ahmedabad +11 other locations,
Information Evolution,3.7,126,IT Services & Consulting,Coimbatore
Weizmann Forex,4.4,126,Financial Services,Mumbai
C H Robinson Worldwide Freight,3.3,126,Logistics,Mumbai
NETIMPACT SOLUTIONS PVT LTD,3.3,126,Analytics & KPO,Noida
Centuary Fibre Plates,4.2,126,Furniture & Furnishing,Hyderabad
Verificient Technologies,2.9,126,Emerging Technologies,Pune
TM International Logistics,3.6,126,Logistics,Kolkata
Government Polytechnic Nagpur,4.0,126,Education & Training,Pune
Yuto Printing and Packaging,3.3,126,Packaging,Bengaluru
Gj Solutions,3.7,126,Recruitment,Hyderabad
Saarloha Advanced Materials,3.1,126,Iron & Steel,Pune
Oremus Corporate Services,3.7,126,Financial Services,Hyderabad
Vishnu Solutions,3.5,126,BPO,Kolkata
Sudisa Foundry,3.5,127,Auto Components,Jamshedpur
Noida International University,3.1,126,Education & Training,Noida
GREEN POWER INTERNATIONAL,4.4,126,Oil & Gas,Noida
Avantel,3.6,126,Hardware & Networking,Visakhapatnam
Galacon Infrastructure and Projects,3.4,126,Engineering & Construction,Hyderabad
Ambit Collective,3.6,126,Management Consulting,New Delhi
Petronet LNG,4.5,126,Oil & Gas,Bharuch
Skanray Technologies,2.5,126,Medical Equipment,Mysuru
Bizbox Publishing,2.8,126,IT Services & Consulting,New Delhi
Mumbai Metro One,3.9,126,Urban Transport,Mumbai
Richmondd Global School,4.8,126,Education & Training,New Delhi
Indian Institute of Commerce Lakshya,4.0,126,Education & Training,Bengaluru
Believe Cosmetics,3.2,126,Bengaluru +21 other locations,
INTECH Creative Services Pvt. Ltd.,3.8,126,IT Services & Consulting,Gandhinagar
Numero Uno Clothing,4.2,126,Fashion & Textile,Gurugram
Aster Pharmacy,3.7,126,Pharma,Bengaluru
Ador Powertron,3.6,126,Electrical Equipment,Pune
Anmol Biscuits,4.3,126,FMCG,Kolkata
Geekyants Software,3.2,126,IT Services & Consulting,Bengaluru
Impulse,3.4,126,IT Services & Consulting,Gurugram
Chetak Logistics,3.1,126,Logistics,New Delhi
TSS Consultancy,3.3,126,IT Services & Consulting,Mumbai
The Hi-tech Robotic Systemz,3.5,126,Emerging Technologies,Gurugram
Rama group,3.5,126,Real Estate,Pune
Cogeme Precision Parts,3.8,126,Industrial Machinery,Pune
Geeklurn,3.6,126,EdTech,Bengaluru
Sahara India Financial Corporation,3.9,125,Financial Services,Lucknow
Woodkraft (India) Private Limited,3.7,132,Real Estate,Bengaluru
Gemba Concepts,3.0,126,Management Consulting,Bengaluru
Bellfast Management,4.3,126,Recruitment,Bengaluru
Alstone Manufacturing,4.0,125,Building Material,New Delhi
Hi-Tech Arai,3.6,125,Auto Components,Madurai
Zenith Industrial Rubber Products,3.5,125,Petrochemicals,Mumbai
Nimap Infotech,3.3,125,IT Services & Consulting,Mumbai
Zeomega Infotech,3.5,125,IT Services & Consulting,Bengaluru
The Digital Group Infotech,3.4,125,IT Services & Consulting,Pune
EB1A Experts,4.3,125,Hyderabad +1 other locations,
Stratogent Technology Services,3.2,125,IT Services & Consulting,Bengaluru
Bird Group,2.8,125,Aviation,New Delhi
CliniSys Group,3.1,125,IT Services & Consulting,Bengaluru
INFAC,3.8,126,Auto Components,Chennai
Ars Steels,3.6,125,Iron & Steel,Chennai
Dar Group,3.3,125,Architecture & Interior Design,Pune
Radiant Enterprise,3.7,125,Furniture & Furnishing,Kolkata
Wave Beverages,3.7,125,Beverage,Amritsar
Chetak Enterprises,4.5,125,Engineering & Construction,Mumbai
Express Housekeeper,3.8,125,Facility Management Services,Kolkata
Object Frontier Software,3.7,125,IT Services & Consulting,Chennai
Guardian Healthcare Services,3.9,125,Fitness & Wellness,New Delhi
DELLA LEADERS CLUB,4.6,125,IT Services & Consulting,Mumbai
Alstrong Enterprises,4.2,125,Building Material,New Delhi
Central Bureau of Investigation,3.7,125,Defence & Aerospace,New Delhi
Adnet Global,3.0,125,Animation & VFX,Mumbai
Infotree Global Solutions,3.2,125,Recruitment,Jammu
Mawai Infotech,3.1,125,IT Services & Consulting,Noida
Mahindra Agri Solutions,3.7,125,Agriculture,Mumbai
Suzlon Gujarat Wind Park,4.5,125,Power,Bhuj
Drip Capital,3.5,125,FinTech,Mumbai
Xome,4.3,125,Internet,Chennai
Woodkraft (India) Private Limited,3.7,132,Real Estate,Bengaluru
Gemba Concepts,3.0,126,Management Consulting,Bengaluru
Scorg International,3.3,125,Recruitment,Bengaluru
HirePro Consulting,3.7,125,Software Product,Bengaluru
Alstone Manufacturing,4.0,125,Building Material,New Delhi
Nimap Infotech,3.3,125,IT Services & Consulting,Mumbai
Zenith Industrial Rubber Products,3.5,125,Petrochemicals,Mumbai
Hi-Tech Arai,3.6,125,Auto Components,Madurai
Seneca Global IT Services,4.2,125,IT Services & Consulting,Hyderabad
Edvoy,4.1,125,Chennai +6 other locations,
Graphic Era Institute of Medical Sciences,3.6,125,Dehradun +6 other locations,
Pharmalex,3.3,126,Medical Equipment,Noida
Bijlipay,3.4,125,FinTech,Chennai
Anuhar Homes,3.4,125,Real Estate,Hyderabad
Affordplan,3.2,125,FinTech,Gurugram
Indwell,3.7,125,Engineering & Construction,Vijayawada
Consort Builders,4.4,125,Real Estate,Chandigarh
Pipeline Infrastructure,4.2,125,Oil & Gas,Mumbai
Rippling,2.7,125,Internet,Bengaluru
Parekh Group,3.6,125,Logistics,Mumbai
Bernhard Schulte Shipmanagement,4.2,125,Ports & Shipping,Mumbai
BramhaCorp,3.6,125,Real Estate,Pune
Mitratech,3.7,125,Software Product,Hyderabad
Shore Infotech India,2.9,125,IT Services & Consulting,Hyderabad
Tvs Training And Services,3.6,125,Education & Training,Chennai
GALAXY OFFICE AUTOMATION,4.1,125,IT Services & Consulting,Mumbai
Lincoln Electric,4.1,125,Electrical Equipment,Chennai
Accentuate IT Solutions,3.8,125,IT Services & Consulting,Bengaluru
Pace IIT & Medical,3.4,125,Education & Training,Mumbai
Accubits Technologies,3.1,125,IT Services & Consulting,Thiruvananthapuram
Consort Builders,4.4,125,Real Estate,Chandigarh
Falabella,2.9,125,Retail,Bengaluru
Oncospark India Private Limited,3.7,125,Analytics & KPO,Chennai
InfinityLabs,3.9,125,IT Services & Consulting,Noida
Kun Hyundai,4.0,125,Automobile,Chennai
Gram Panchayat,4.2,125,Government,Pune
Adyar Ananda Bhavan Sweets,4.0,125,Hospitality,Chennai
Global Market Insights,3.1,125,Analytics & KPO,Pune
Highly Electrical Appliances India,3.5,125,Electrical Equipment,Ahmedabad
Global Market Insights,3.1,125,Analytics & KPO,Pune
Highly Electrical Appliances India,3.5,125,Electrical Equipment,Ahmedabad
Adyar Ananda Bhavan Sweets,4.0,125,Hospitality,Chennai
InnoEye Technologies,3.1,124,IT Services & Consulting,Indore
NexWave Talent Management Solutions,3.4,124,Recruitment,Hyderabad
Retailio,3.8,124,Internet,Mumbai
Badafinance S&P Services,4.1,125,Mumbai +1 other locations,
MyCar,4.0,124,Automobile,Pune
Mendine Pharmaceuticals,4.5,124,Pharma,Kolkata
M.P. State Electronics Development Corporation,3.6,124,Bhopal +9 other locations,
Techwise Digital,4.6,124,IT Services & Consulting,Bengaluru
Indira Gandhi National Open University,4.2,124,Education & Training,New Delhi
Public Works Department Rajasthan,4.4,124,Chennai +67 other locations,
Auxilo Finserve,3.7,124,NBFC,Mumbai
Everest Blowers & Vacuum Pumps,3.3,124,Industrial Machinery,New Delhi
Net Business Solutions,3.6,124,IT Services & Consulting,Mumbai
R.k.industries,3.7,124,Industrial Machinery,Chennai
Pearl Organisation,3.3,124,IT Services & Consulting,Dehradun
TeamLease Staffing Solutions,3.3,124,Internet,Bengaluru
Provab Technosoft,3.0,124,IT Services & Consulting,Bengaluru
Saraswati Vidya Mandir,3.9,124,Education & Training,New Delhi
MAHLE Holding (India),3.8,124,Auto Components,Pune
Bikayi,2.8,124,Marketing & Advertising,Bengaluru
JBF Industries,3.5,125,Fashion & Textile,Dadra & Nagar Haveli
Dewar's Garage,3.1,124,Automobile,Kolkata
TDS Group,4.1,124,Financial Services,New Delhi
Migsun Group,3.2,124,Real Estate,Ghaziabad
Alchemist Hospital,4.3,124,Healthcare,Chandigarh
Vydehi Institute Of Medical Sciences And Research Centre,3.7,124,Healthcare,Bengaluru
Cybernetik Technologies,4.0,124,Industrial Automation,Pune
Rocket Software,4.1,124,IT Services & Consulting,Pune
Gojavas,4.7,124,Logistics,New Delhi
DentalKart,2.9,124,Internet,New Delhi
House of Beauty,3.7,124,Internet,Gurugram
Harsha Toyota,4.1,124,Automobile,Chennai
Ayushman Hospital & Health Services,3.7,125,Healthcare,New Delhi
ElringKlinger AG,3.7,124,Auto Components,Pune
Skyi Developers,4.4,124,Real Estate,Pune
Quadrafort Technologies,3.5,124,IT Services & Consulting,Noida
Platinum One,3.4,124,BPO,Mumbai
Jse Engineering Private Limited,3.4,124,Engineering & Construction,Chennai
Biyani Technologies,3.6,124,Software Product,Kolhapur
Jagannath Gupta Institute of Medical Sciences & Hospital,3.5,124,Healthcare,Kolkata
Union Mutual Fund,3.4,124,Financial Services,Mumbai
Dormakaba India,3.8,124,Building Material,Chennai
INTERPLEX,4.1,124,Industrial Automation,Bengaluru
Marc Laboratories,3.2,124,Pharma,Lucknow
National Public School,3.4,124,Education & Training,Bengaluru
Menzies Aviation Bobba,3.7,124,Aviation,Bengaluru
Viswaat Chemicals,3.8,124,Chemicals,Mumbai
Iswarya Fertility Centre,3.1,124,Healthcare,Chennai
IBCC Industries,4.0,124,Engineering & Construction,Ahmedabad
Sentini,3.5,124,Vijayawada +16 other locations,
Reliable Spaces,2.6,124,Real Estate,Mumbai
Bioplus Life Sciences,3.7,124,Pharma,Bengaluru
Indogulf Cropsciences Ltd,3.5,124,Agro Chemicals,New Delhi
Kyocera Document Solutions India,3.4,124,Printing & Publishing,Gurugram
Indus International School,3.2,124,Education & Training,Bengaluru
Integral University,3.4,124,Education & Training,Lucknow
Shiv Nadar University,4.0,124,Education & Training,New Delhi
Bioplus Life Sciences,3.7,124,Pharma,Bengaluru
Integral University,3.4,124,Education & Training,Lucknow
Hitachi Rail STS,4.0,124,Railways,Bengaluru
Caterpillar Signs,3.3,124,Printing & Publishing,Ahmedabad
ACPL Systems,3.4,124,Law Enforcement & Security,Gurugram
LS Cable,4.4,124,Electrical Equipment,Gurugram
Reliable Spaces,2.6,124,Real Estate,Mumbai
Prabhudas Lilladher,3.3,124,Financial Services,Mumbai
ICG Medical,2.2,124,Recruitment,Gurugram
Vardhman Acrylics,3.5,124,Fashion & Textile,Bharuch
S10 Healthcare Solutions,3.5,124,Fitness & Wellness,Chennai
Pride Technologies,3.3,124,Recruitment,Chennai
Vahdam India,4.1,124,Beverage,Noida
Local Company,4.1,124,Real Estate,New Delhi
PSRI Hospital,3.9,124,Healthcare,New Delhi
IndiQube,4.2,124,Real Estate,Bengaluru
APPL Industries,3.7,124,Chemicals,Pune
REVA University,3.9,124,Education & Training,Bengaluru
Claritus Management Consulting,4.2,123,IT Services & Consulting,Noida
AJ Hospital and Research Centre,3.7,123,Healthcare,Mangaluru
Glowlogics Solutions,4.1,127,Bengaluru +5 other locations,
Minfy Technologies,3.0,123,IT Services & Consulting,Hyderabad
Entra Solutions,3.3,123,Financial Services,Gurugram
Felix Hospital,3.2,123,Healthcare,Noida
Pinnacle Life Science,3.5,123,Baddi +8 other locations,
AJ Hospital and Research Centre,3.7,123,Healthcare,Mangaluru
Digiperform,3.4,123,Education & Training,New Delhi
CL MICROMED,4.0,123,Medical Equipment,New Delhi
ATS Services,3.5,123,Analytics & KPO,New Delhi
AMR INDIA,4.3,123,Engineering & Construction,Hyderabad
Marc Enterprises,3.7,123,Electronics Manufacturing,New Delhi
Shreeja Mahila Milk Producer Company,4.3,123,Food Processing,Tirupati
GemPundit,4.1,123,Jewellery,Gurugram
NovelVox Softwares India Pvt. Ltd.,4.3,123,IT Services & Consulting,Faridabad
Chumbak Design,3.3,123,Retail,Bengaluru
Shreeyam Power And Steel Industries,4.0,123,Iron & Steel,Gandhidham
Paytm Mall,3.6,123,Internet,Noida
NU Hospitals,3.8,123,Healthcare,Bengaluru
Dexian DISYS,3.2,124,IT Services & Consulting,Chennai
Wicked Ride Adventures,4.1,123,Internet,Bengaluru
GO MO Group AB,4.0,123,Marketing & Advertising,Pune
Sterling E-Mobility Solutions,3.8,123,Auto Components,Faridabad
Dish Network Technologies,3.0,124,Bengaluru +6 other locations,
South India Krishna Oil & Fat,4.2,123,Oil & Gas,Nellore
Gadre Marine Export,3.6,123,Food Processing,Ratnagiri
HWASHIN Automotive,3.8,123,Auto Components,Chennai
Decision Minds,3.4,123,IT Services & Consulting,Bengaluru
Anna University,4.2,123,Education & Training,Chennai
Government of Kerala,4.0,123,Government,Thiruvananthapuram
Gandhar Oil Refinery India,3.3,123,Oil & Gas,Mumbai
Expound Technivo,4.3,123,IT Services & Consulting,Mumbai
Maxvalue Credits & Investments,3.8,123,NBFC,Thrissur
Steelcase Asia Pacific Holdings India,3.6,123,Furniture & Furnishing,Pune
GD Goenka International School,3.3,123,Surat +16 other locations,
Total IT Global,3.7,123,IT Services & Consulting,New Delhi
Chinmaya Vidyalaya,3.9,123,Education & Training,New Delhi
Shindengen,3.7,123,Semiconductors,Bengaluru
Medhavi Skills University,4.4,127,Education & Training,Kolkata
Media NV,4.4,123,Ahmedabad,
Mani Group,3.5,123,Real Estate,Kolkata
iPlace,3.7,123,Pune +2 other locations,
Government of Madhya Pradesh,4.0,123,Government,Bhopal
GOOD,4.4,123,Marketing & Advertising,Bengaluru
CoreEL Technologies,3.8,123,Electronics Manufacturing,Bengaluru
Diversey India Hygiene,3.9,123,Mumbai +27 other locations,
S.R. Batliboi & Associates,3.0,123,Accounting & Auditing,Bengaluru
Biomatrix Healthcare,3.5,123,Ahmedabad +7 other locations,
BPL,4.1,123,Consumer Electronics & Appliances,Bengaluru
Texport Syndicate India,3.8,123,Fashion & Textile,Bengaluru
DAS Offshore Engineering,3.8,123,Industrial Machinery,Mumbai
Xtrim Global Solutions,4.6,123,BPO,Indore
Shj International,4.4,123,IT Services & Consulting,Indore
PVR PROJECTS,3.8,123,Engineering & Construction,Hyderabad
MSP Group,3.8,123,Raigarh +13 other locations,
Renishaw Metrology Systems Limited,4.0,123,Industrial Automation,Pune
TRACKS AND TOWERS INFRATECH,3.7,123,Engineering & Construction,Hyderabad
Arvog,4.6,123,Financial Services,Mumbai
IMA-PG,3.8,123,Medical Equipment,Indore
Cartrade.com,3.7,123,Internet,Mumbai
TekFriday Processing Solutions,3.5,123,Financial Services,Hyderabad
S.R. Batliboi & Associates,3.0,123,Accounting & Auditing,Bengaluru
Xtrim Global Solutions,4.6,123,BPO,Indore
Uttam Sugar Mills,3.9,123,Food Processing,Roorkee
IMA-PG,3.8,123,Medical Equipment,Indore
Rds Project,3.4,123,Real Estate,Port Blair
Renishaw Metrology Systems Limited,4.0,123,Industrial Automation,Pune
Arvog,4.6,123,Financial Services,Mumbai
TRACKS AND TOWERS INFRATECH,3.7,123,Engineering & Construction,Hyderabad
Bounce,3.2,123,Automobile,Bengaluru
Shj International,4.4,123,IT Services & Consulting,Indore
TekFriday Processing Solutions,3.5,123,Financial Services,Hyderabad
Paradigm IT,3.4,123,IT Services & Consulting,Hyderabad
Raj Process Equipments And System,3.7,123,Industrial Machinery,Pune
Cartrade.com,3.7,123,Internet,Mumbai
CS Soft Solutions,3.4,124,IT Services & Consulting,Sahibzada Ajit Singh Nagar
Adarsh Group,4.5,123,Bengaluru +10 other locations,
Electronica India Limited,4.6,122,Pune +25 other locations,
Orient Fashions,4.0,122,Fashion & Textile,New Delhi
FiftyFive Technologies,4.2,122,IT Services & Consulting,Jaipur
SPS Hospitals,3.9,122,Healthcare,Ludhiana
VALEUR FABTEX,3.2,122,Education & Training,New Delhi
Veoneer India,3.9,122,Auto Components,Bengaluru
Vianaar Homes,4.0,122,Real Estate,New Delhi
Chemtrols Industries,3.2,122,Industrial Automation,Mumbai
Rajasthan Antibiotics,3.7,122,Pharma,Bhiwadi
MNR Solutions,4.1,122,Recruitment,Noida
The Heritage School,3.7,122,Education & Training,New Delhi
EasyBuy Lifestyle,3.9,122,Retail,Bengaluru
Polmon Instruments,3.5,122,Industrial Automation,Hyderabad
RD Public School,4.0,122,Education & Training,Betul
Oriental Rubber Industries,3.0,122,Petrochemicals,Pune
iRISE India,3.3,122,Engineering & Construction,Mumbai
R M Chemicals,3.5,122,FMCG,Baddi
Futures Group,4.6,122,Retail,New Delhi
Sarens Heavy Lift India,3.7,122,Industrial Machinery,New Delhi
Elysium Pharmaceuticals,3.3,122,Pharma,Vadodara
Absolutelabs,4.3,122,IT Services & Consulting,Hyderabad
BARSYL,3.6,122,Railways,Hyderabad
Saboo RKS Motor,4.1,124,Automobile,Hyderabad
SKDRDP,4.3,123,Non-Profit,Bengaluru
BARSYL,3.6,122,Railways,Hyderabad
Artson Engineering,4.0,122,Engineering & Construction,Hyderabad
Nova Techset,3.3,122,Printing & Publishing,Chennai
Stridely Solutions,2.8,122,IT Services & Consulting,Ahmedabad
SPS Hospitals,3.9,122,Healthcare,Ludhiana
Udaan Technologies,3.8,122,IT Services & Consulting,Bengaluru
Government Polytechnic College,4.0,122,Education & Training,Bengaluru
Comed Chemicals,3.8,122,Pharma,Vadodara
EasyBuy Lifestyle,3.9,122,Retail,Bengaluru
Vianaar Homes,4.0,122,Real Estate,New Delhi
The Heritage School,3.7,122,Education & Training,New Delhi
Paladion Networks,3.7,122,Hardware & Networking,Bengaluru
Sher-I-Kashmir Institute of Medical Sciences,4.2,122,Healthcare,Srinagar
DY Patil University,3.4,122,Education & Training,Pune
Vasu Chemicals,3.8,122,Waste Management,Mumbai
Smarter BIZ Technologies,3.1,122,IT Services & Consulting,Bengaluru
Chemtrols Industries,3.2,122,Industrial Automation,Mumbai
Rajasthan Antibiotics,3.7,122,Pharma,Bhiwadi
MNR Solutions,4.1,122,Recruitment,Noida
Dubai Electricity & Water Authority (DEWA),3.3,122,Power,Dubai
Kale Logistics Solutions,3.0,122,Software Product,Mumbai
HuntingCube Recruitment Solution,3.8,122,Recruitment,Noida
iRISE India,3.3,122,Engineering & Construction,Mumbai
Sandip University,3.2,122,Education & Training,Nashik
Antier,2.8,122,IT Services & Consulting,Sahibzada Ajit Singh Nagar
Golcha Associated Group,3.7,122,Metals & Mining,Udaipur
Biomerieux,3.2,122,Biotechnology,New Delhi
Wizertech Informatics,4.3,122,IT Services & Consulting,Kolkata
Kalpa Electrikal,3.6,122,Electrical Equipment,Bengaluru
Citi Style,4.2,122,Retail,Kolkata
Rotary Engineering,4.1,122,Oil & Gas,Chennai
KMK Ventures,4.0,122,Accounting & Auditing,Ahmedabad
Customer Analytics,4.1,122,IT Services & Consulting,Chennai
Indiana Gratings,3.4,122,Import & Export,Pune
Petron Engineering Construction,4.4,122,Engineering & Construction,Mumbai
E2E Networks,3.0,122,Hardware & Networking,New Delhi
Saviynt,3.2,122,Software Product,Bengaluru
Paix Services,4.0,122,Analytics & KPO,Chennai
Guru Amardass International,3.5,122,Electronics Manufacturing,Noida
Travclan Technology India,3.4,122,Travel & Tourism,New Delhi
KSB Tech,3.3,122,Industrial Machinery,Pune
Trend Technologies,3.8,122,Pune +3 other locations,
SAIL Bokaro Steel Plant,4.0,122,Iron & Steel,Bokaro
T&T Group,4.0,122,Real Estate,Noida
Terminal Technologies (i),4.2,122,Telecom,Pune
Detroit Engineered Products,3.3,122,Software Product,Chennai
Epicu Agro Products,3.1,122,Food Processing,Ambala
Lyka Labs,3.8,122,Pharma,Ankleshwar
Rolex Rings,3.8,122,Industrial Machinery,Rajkot
Pragati Infra Solutions,3.9,122,Real Estate,Gurugram
Amco Batteries,4.3,121,Auto Components,Chennai
The Web Plant,2.7,121,IT Services & Consulting,New Delhi
Maaden Phosphate Company,4.3,121,Metals & Mining,Chennai
Keltron,4.2,121,Electronics Manufacturing,Thiruvananthapuram
Smpp,3.5,121,Defence & Aerospace,New Delhi
Gandour India Food Processing,4.2,121,Food Processing,Hyderabad
VProtect,3.0,122,Gurugram +10 other locations,
Nath Bio - Genes,4.0,121,Agro Chemicals,Chhatrapati Sambhajinagar
BetterPlace Select,4.2,121,Recruitment,Bengaluru
Colorshine Coated,3.9,121,Iron & Steel,Gudur
Spl Infrastructure,4.0,121,Engineering & Construction,Chennai
Affordable Robotic and Automation,2.8,121,IT Services & Consulting,Pune
Haridwar University,4.4,121,Education & Training,Roorkee
Finulent Solutions,4.1,121,Power,Mumbai
Wealth Clinic,3.1,121,Real Estate,Noida
Cinntra Info Tech Solutions,3.4,121,IT Services & Consulting,Noida
BYD India,3.2,122,Automobile,Chennai
Vectone Mobile,1.7,121,Telecom,Chennai
TEXILA AMERICAN UNIVERSITY,3.8,121,Education & Training,Coimbatore
INDI IT SOLUTIONS,4.4,121,IT Services & Consulting,Sahibzada Ajit Singh Nagar
Suhail Bahwan Automobiles,4.0,121,Auto Components,Muscat
Mobikasa,3.7,122,IT Services & Consulting,New Delhi
Morarjee Textiles,3.8,121,Fashion & Textile,Nagpur
Spack Automotives,3.2,121,Greater Noida +11 other locations,
GlobalHunt,4.0,121,Recruitment,New Delhi
Brahmaputra Cracker and Polymer,4.2,121,Dibrugarh +19 other locations,
ABB GISL,3.9,121,Electrical Equipment,Bengaluru
Ghodawat Consumer Products,3.4,122,FMCG,Kolhapur
Futuretech Factory One,4.5,121,IT Services & Consulting,Pune
Digitas,3.6,121,Marketing & Advertising,Mumbai
Digitas,3.6,121,Marketing & Advertising,Mumbai
Finulent Solutions,4.1,121,Power,Mumbai
AFour Technologies,3.4,121,IT Services & Consulting,Pune
Maithan Steel And Power,3.8,121,Building Material,Asansol
KLC CONSTRUCTION,3.8,121,Engineering & Construction,Hyderabad
SKM Animal Feeds and Foods,3.2,121,Food Processing,Erode
Jamkash Vehicleades,3.3,121,Automobile,Jammu
Haridwar University,4.4,121,Education & Training,Roorkee
Wealth Clinic,3.1,121,Real Estate,Noida
Cinntra Info Tech Solutions,3.4,121,IT Services & Consulting,Noida
Chevron,3.5,121,Oil & Gas,Bengaluru
Netradyne Technology,3.1,122,Software Product,Bengaluru
Edukyu,3.7,121,EdTech,Noida
Acme Services,4.2,121,Recruitment,Mumbai
Ashoka Builders,3.6,121,Real Estate,Hyderabad
Ministry of Rural Development India,3.6,121,Government,New Delhi
IBN Technologies,3.6,121,Financial Services,Pune
Yingjia Communication Private Limited,4.4,121,Telecom,Kolkata
IND-SPHINX PRECISION,4.1,121,Industrial Machinery,Solan
Stallion Laboratories,3.3,121,Pharma,Ahmedabad
Acme Services,4.2,121,Recruitment,Mumbai
Netradyne Technology,3.1,122,Software Product,Bengaluru
Reliance Broadcast Network,3.2,121,Broadcasting,Mumbai
Derewala Jewellery Industries,3.5,121,Jewellery,Jaipur
Pavna Group of Industries,3.4,121,Auto Components,Aligarh
IBN Technologies,3.6,121,Financial Services,Pune
Ashoka Builders,3.6,121,Real Estate,Hyderabad
L&T SuFin,3.2,121,Internet,Mumbai
Faze Three,3.5,121,Fashion & Textile,Dadra & Nagar Haveli
Winsome Textile Industries,3.3,121,Fashion & Textile,Baddi
Ministry of Rural Development India,3.6,121,Government,New Delhi
Oxane Partners,3.4,121,Financial Services,Gurugram
Mahabal Group of Industries,3.7,121,Auto Components,Sangli Miraj Kupwad
Appventurez,2.8,121,IT Services & Consulting,Noida
MAHLE Engineering,3.9,121,Pune +1 other locations,
ADNH Compass,4.3,120,Hospitality,Abu Dhabi
Bharat Intern,3.9,120,Hyderabad +23 other locations,
SAAB ENGINEERING,3.9,120,Auto Components,Bengaluru
Aayan Infotech,4.8,120,IT Services & Consulting,Lucknow
Maharashtra State Power Generation Company,4.3,120,Power,Nagpur
ProProfs,4.0,120,Software Product,Noida
ADG Online Solutions,2.2,120,New Delhi +6 other locations,
Jeeva Organic Private Limited,3.6,120,Pharma,Bhubaneswar
Kcm Appliances,3.5,120,Consumer Electronics & Appliances,Bengaluru
Ingenuity Gaming,2.8,120,Food Processing,Noida
Biz2X,3.9,120,Financial Services,Noida
Ahlcon Parenterals,4.6,121,Pharma,Bhiwadi
Tulip Infratech,3.6,120,Real Estate,Gurugram
iQuest Management Consultants,3.4,120,Recruitment,Pune
Ramkrishna Care Hospital,3.7,121,Healthcare,Raipur
Aayan Infotech,4.8,120,IT Services & Consulting,Lucknow
SAAB ENGINEERING,3.9,120,Auto Components,Bengaluru
Maharashtra State Power Generation Company,4.3,120,Power,Nagpur
Upland Software,4.7,120,Software Product,Bengaluru
Constantia Flexibles,4.0,120,Packaging,Ahmedabad
JMD Group,3.9,120,Real Estate,Gurugram
T.R. Sawhney Motors,3.8,121,Automobile,New Delhi
Senrysa Technologies,4.1,121,IT Services & Consulting,Kolkata
Simeio Solutions,3.9,121,IT Services & Consulting,Bengaluru
Pune Property Investor,4.7,120,Real Estate,Pune
Ramkrishna Care Hospital,3.7,121,Healthcare,Raipur
JMD Group,3.9,120,Real Estate,Gurugram
Nagravision,3.5,120,IT Services & Consulting,Bengaluru
Hirotec,3.8,120,Auto Components,Coimbatore
Adaequare,3.2,120,IT Services & Consulting,Hyderabad
Shrim Bhanu Construction,3.5,120,Engineering & Construction,Mumbai
ADG Online Solutions,2.2,120,New Delhi +6 other locations,
ProProfs,4.0,120,Software Product,Noida
Ingenuity Gaming,2.8,120,Food Processing,Noida
Kcm Appliances,3.5,120,Consumer Electronics & Appliances,Bengaluru
Jeeva Organic Private Limited,3.6,120,Pharma,Bhubaneswar
Seeh Al Sarya Engineering,3.6,120,Oil & Gas,Muscat
PaywithRING,4.2,120,FinTech,Mumbai
Bankedge,4.0,120,Education & Training,Mumbai
Quampetence Business Solutions,3.0,120,BPO,Gurugram
Room to Read,3.6,120,Non-Profit,New Delhi
ImpactQA,3.9,120,IT Services & Consulting,Noida
iQuest Management Consultants,3.4,120,Recruitment,Pune
SEPC Limited,4.3,120,Oil & Gas,Chennai
Josh Software,3.0,120,IT Services & Consulting,Pune
SEPC Limited,4.3,120,Oil & Gas,Chennai
Shubham Goldiee Masale,4.2,120,Food Processing,Kanpur
Twin Health,3.1,120,Healthcare,Bengaluru
Uralungal Labour Contract Cooperative Society,3.3,120,Kozhikode +11 other locations,
Classic Legends,2.7,120,Pune +19 other locations,
Hemmersbach,3.2,120,IT Services & Consulting,Bengaluru
TEJRAJ PROMOTERS & BUILDERS,4.3,120,Real Estate,Pune
Centric Consulting,3.5,120,IT Services & Consulting,Gurugram
Mersen,3.7,120,Industrial Machinery,Bengaluru
uCertify,3.7,120,EdTech,Noida
Daloopa,3.3,120,Software Product,Noida
Agilisium,3.1,120,IT Services & Consulting,Chennai
Axis Risk Consulting Services,3.4,120,Gurugram +13 other locations,
Creative Info-link,2.6,120,IT Services & Consulting,Pune
Pena4 Tech Solutions,4.0,120,IT Services & Consulting,Visakhapatnam
Indication Instruments,3.8,120,Auto Components,Faridabad
Apollo Global Management,3.1,120,Banking,Mumbai
ERD Technologies,3.5,120,Electronics Manufacturing,Noida
Lansum Properties,3.9,120,Real Estate,Hyderabad
Br.CAT International,3.8,120,Oil & Gas,Dammam
ERD Technologies,3.5,120,Electronics Manufacturing,Noida
Br.CAT International,3.8,120,Oil & Gas,Dammam
Hipad Technology India,4.0,119,Electronics Manufacturing,Noida
Namaste Credit,3.1,119,FinTech,Bengaluru
Syscom Corporation,4.4,119,IT Services & Consulting,Noida
Voltas Beko Home Appliances,3.7,119,Ahmedabad +14 other locations,
First Connect Health,4.5,119,Healthcare,Noida
Municipal Corporation of Greater Mumbai,3.7,119,Government,Mumbai
JK Organisation,3.9,119,Auto Components,New Delhi
Learnbay,3.6,119,Bengaluru +4 other locations,
Vendasta Technology (India) Private Limited,3.8,120,Software Product,Chennai
The Walt Disney Company,4.4,119,Media & Entertainment,Mumbai
RNS Motors,3.4,120,Automobile,Bengaluru
KORE.AI SOFTWARE INDIA,3.2,119,Emerging Technologies,Hyderabad
Abhyudaya Co-operative Bank,3.9,119,Banking,Mumbai
Gujarat Insecticides,4.0,119,Biotechnology,Ankleshwar
Sunrise Biztech Systems,3.5,119,IT Services & Consulting,Bengaluru
Mindspace Outsourcing Services,3.6,119,Jaipur +1 other locations,
Rhydburg Pharmaceuticals,2.8,119,Pharma,Dehradun
21K School,3.2,119,EdTech,Bengaluru
Shree Shubham Logistics,4.1,119,Logistics,Mumbai
Vishnu Prakash R Pungaliya Construction,2.7,119,Engineering & Construction,Jodhpur
Snabbit,3.8,119,Internet,Bengaluru
Six Sails Technologies,4.1,119,IT Services & Consulting,New Delhi
Central Board of Secondary Education,4.3,119,Government,New Delhi
Codleo Consulting,4.6,119,IT Services & Consulting,New Delhi
Velvex,3.8,119,Mumbai +33 other locations,
Oswal Industries,3.4,119,Financial Services,Ahmedabad
Manipal Global Education Services,3.6,119,Education & Training,Bengaluru
Eben Telecom,3.9,119,Telecom,Kochi
EdLernity,3.9,119,Bengaluru +3 other locations,
Hotel Sahara Star,3.5,119,Hospitality,Mumbai
RED CHIEF,3.8,119,Retail,Kanpur
Rotomaker,3.6,119,Animation & VFX,Hyderabad
Nkgsb CO-OP Bank,3.9,119,Banking,Mumbai
ABK Imports,4.1,119,Import & Export,Pune
Grohe,4.1,119,Architecture & Interior Design,Gurugram
Quadlabs Technologies,2.9,119,Software Product,Gurugram
Presto Stantest,3.8,119,Industrial Machinery,Faridabad
inTarvo Technologies,4.4,119,BPO,Noida
Eben Telecom,3.9,119,Telecom,Kochi
Grohe,4.1,119,Architecture & Interior Design,Gurugram
Presto Stantest,3.8,119,Industrial Machinery,Faridabad
Fotografik Enterprises,3.6,119,Media & Entertainment,Chandigarh
DeliverHealth Solutions,3.3,119,Software Product,Bengaluru
R K Construction,4.1,119,Engineering & Construction,Jamshedpur
Sjr Prime Corporation,4.0,119,Real Estate,Bengaluru
Wockhardt Biotech Park,3.9,119,Pharma,Chhatrapati Sambhajinagar
Shiv Enterprises,3.8,119,Recruitment,New Delhi
Gvr Technolabs,3.6,119,Engineering & Construction,Bengaluru
Bnk Power Solution,3.7,119,Power,Nagpur
2050 Healthcare,3.1,119,Healthcare,Bengaluru
Chandan Hospital,3.9,119,Healthcare,Lucknow
Minda Silca Engineering,3.7,119,Industrial Automation,Greater Noida
Gurit India,4.0,119,Internet,Chennai
Central Board of Secondary Education,4.3,119,Government,New Delhi
Brightsun Travel,2.8,119,Travel & Tourism,Gurugram
U K Paints,3.0,120,Building Material,New Delhi
Ksk Energy Ventures,4.5,119,Oil & Gas,Hyderabad
BITS Pilani,3.9,119,Education & Training,Hyderabad
Govt of Karnataka,3.8,119,Government,Bengaluru
MAMTA Health Institute for Mother and child,4.2,119,Healthcare,New Delhi
Six Sails Technologies,4.1,119,IT Services & Consulting,New Delhi
Pickyourtrail,2.9,119,Travel & Tourism,Chennai
BONbLOC,3.5,119,IT Services & Consulting,Chennai
Kapiva,3.5,119,Fitness & Wellness,Bengaluru
Rishita Developers,4.0,119,Real Estate,Lucknow
Stonemen Crafts,3.8,119,Furniture & Furnishing,Agra
Bhargava Phytolab,3.6,119,Pharma,Noida
Sambhav Foundation,3.9,119,Non-Profit,Bengaluru
Career Point,3.9,119,Recruitment,Kota
Woxsen University,3.2,119,Hyderabad +6 other locations,
R. K. Associates Valuers & Techno Engineering Consultants,3.8,119,Management Consulting,New Delhi
Mobily Infotech,3.1,119,Telecom,Bengaluru
Vaibhav Plasto Printing & Packaging,4.0,119,Packaging,Nagpur
Emerald Haven Realty,3.7,119,Real Estate,Chennai
KTM,3.8,119,Automobile,Pune
Vasu Healthcare,4.0,119,Healthcare,Vadodara
Indorama Ventures Global Shared Services,3.3,119,Chemicals,Kolkata
Richi Circuitronix,3.4,119,Electronics Manufacturing,Gurugram
N R Agarwal Industries,3.8,119,Pulp & Paper,Vapi
B Gauss,3.8,119,Automobile,Pune
Shriji Polymers,3.8,119,Packaging,Ujjain
Nissan Digital,3.5,119,IT Services & Consulting,Thiruvananthapuram
TopSource,3.6,119,Other,Pune
Khosla Profil Private Limited,3.4,119,Fashion & Textile,Mumbai
NICE Actimize,3.4,119,IT Services & Consulting,Pune
Agile Capital Services,2.5,120,New Delhi +16 other locations,
ACCE GLOBAL SOFTWARE,3.7,118,Software Product,Kolkata
My Engineering Buddy,4.7,118,Education & Training,Bengaluru
BAPS Shastriji Maharaj Hospital,4.4,118,Healthcare,Vadodara
AccioJob,3.6,118,EdTech,Gurugram
ORIX Leasing & Financial Services,4.1,118,Financial Services,New Delhi
Jaycee Punching Solution,4.1,118,Electronics Manufacturing,Faridabad
Analog Devices,4.0,118,Semiconductors,Bengaluru
Suncity Projects,4.1,118,Real Estate,Gurugram
Gala Precision Engineering Limited,3.8,118,Engineering & Construction,Mumbai
GOURMET INVESTMENTS,3.9,118,Hospitality,Mumbai
Svamaan Financial Services,3.4,118,Financial Services,Mumbai
Xitadel CAE Technologies,3.3,118,Analytics & KPO,Bengaluru
Phoenix Mecano,3.9,118,Industrial Machinery,Pune
Pushpanjali Hospital & Research Centre,4.0,118,Healthcare,Agra
Network People Services Technologies,3.1,118,IT Services & Consulting,Mumbai
Mobicule Technologies,3.0,118,Software Product,Mumbai
GrayQuest Finance,3.3,118,Mumbai +21 other locations,
Paloma Turning,4.0,118,Industrial Machinery,Bengaluru
Oswal Woollen Mills,4.1,118,Fashion & Textile,Ludhiana
ACS Group,3.4,118,Noida +7 other locations,
iB Hubs,4.1,118,IT Services & Consulting,Kurnool
24seven,4.5,118,Retail,New Delhi
Trimed Solutions India,3.5,118,Medical Equipment,Hyderabad
Sofitel Luxury Hotel,4.1,118,Hospitality,Mumbai
Gram Tarang Employability Training Services,3.6,118,Recruitment,Bhubaneswar
JSS Medical Research,3.0,118,Clinical Research,New Delhi
Seagate,3.3,118,Hardware & Networking,Pune
SCOPE T&M,3.5,118,Import & Export,Pune
Relinns Technologies,4.5,118,IT Services & Consulting,Sahibzada Ajit Singh Nagar
Jay Fe Cylinders,3.8,118,Bhiwadi +14 other locations,
Encore Healthcare,3.7,118,Pharma,Chhatrapati Sambhajinagar
Atulaya Healthcare,3.8,118,Healthcare,Chandigarh
Vijay Raja Homes,4.3,118,Real Estate,Chennai
IMS Proschool,4.3,118,Education & Training,Mumbai
LA Technologies,3.9,118,IT Services & Consulting,Mumbai
BeeperMD,3.8,118,Chandigarh +4 other locations,
Acme Industries,4.0,118,Guwahati +10 other locations,
Glassdoor,4.3,121,Internet,Kolkata
Velox Solutions,4.1,118,Emerging Technologies,Navi Mumbai
SunSource Energy,4.4,118,Power,Noida
Central Electronics,3.8,118,Government,Ghaziabad
Forever 21,3.7,118,Fashion & Textile,New Delhi
anovIP,3.3,118,Legal,New Delhi
TDCX Digilab India,2.6,118,Telecom,Hyderabad
City Hospital,4.2,118,Healthcare,Nagpur
Cemtics,3.6,118,Telecom,Gurugram
Gear Inc,2.7,118,Gaming,Kolkata
Revv,3.7,118,Internet,Gurugram
CredFlow,3.1,118,Internet,Noida
HP Global e-Business Operations,4.2,118,BPO,Bengaluru
SDG Software,3.8,118,IT Services & Consulting,Noida
New Horizon College of Engineering,3.6,118,Education & Training,Bengaluru
Svamaan Financial Services,3.4,118,Financial Services,Mumbai
Xitadel CAE Technologies,3.3,118,Analytics & KPO,Bengaluru
City Hospital,4.2,118,Healthcare,Nagpur
Soffit Infrastructure Services,3.7,119,Real Estate,Kochi
Concept Pharmaceuticals,3.1,119,Pharma,Mumbai
iXceed Solutions,4.0,118,Recruitment,Noida
Mangalore Refinery and Petrochemicals,4.0,118,Oil & Gas,Mangaluru
Finacus Solutions,2.5,118,IT Services & Consulting,Mumbai
Vinsys IT Services India Limited,2.9,118,Education & Training,Pune
Loylty Rewardz Mngt,3.6,118,Software Product,Mumbai
Jamshedpur Continuous Annealing and Processing Company,3.3,118,Metals & Mining,Jamshedpur
Taural India,3.9,118,Industrial Machinery,Pune
Velan Info Services,3.4,118,IT Services & Consulting,Coimbatore
DTCC,3.7,118,Financial Services,Chennai
WebPT,3.8,118,Software Product,Hyderabad
Eagle Information Systems,3.6,118,IT Services & Consulting,New Delhi
Birla Estates,4.0,118,Real Estate,Mumbai
Medsource Ozone Biomedicals,3.4,118,Pharma,Faridabad
Markem Imaje,3.7,118,Industrial Automation,Bhiwadi
Pixis,3.7,118,Internet,Bengaluru
Adani Defence and Aerospace,3.9,118,Defence & Aerospace,Hyderabad
National Dairy Development Board,3.9,118,Food Processing,Anand
Progression Infonet,4.2,118,IT Services & Consulting,Gurugram
Mondee,3.3,118,Internet,Hyderabad
Site Engineering,4.2,118,Engineering & Construction,Chennai
Windals Precision,3.4,118,Auto Components,Pune
Lark Laboratories (I),2.9,118,Pharma,Bhiwadi
MyOperator,3.7,118,Software Product,Noida
Srmb Steel,3.4,118,Iron & Steel,Kolkata
Newaco Grupo,3.2,118,Luanda +14 other locations,
Elevate,2.9,118,Internet,New Delhi
SuperProcure,4.7,118,Software Product,Kolkata
Durovalves India,3.3,118,Auto Components,Chhatrapati Sambhajinagar
Wacker Metroark Chemicals,2.9,118,Chemicals,Kolkata
Resmed,4.2,118,Medical Equipment,Bengaluru
Korcomptenz Consultancy,4.3,118,IT Services & Consulting,Chennai
Palsons Derma,3.0,118,Fitness & Wellness,Kolkata
Bryka Electrosystems & Software,3.1,118,Semiconductors,Mumbai
EPACK Prefab,3.5,118,Engineering & Construction,Greater Noida
Railrestro.com,4.4,117,Internet,Patna
Finnew Solutions,4.1,117,FinTech,Bengaluru
Galaxy Toyota,3.2,118,Automobile,New Delhi
BMD Private Limited,3.9,117,Engineering & Construction,Banswara
Privi Life Sciences,3.4,117,Agriculture,Mumbai
Matangi Industries,3.2,118,Chemicals,Ahmedabad
Securitrans India,4.0,117,Financial Services,New Delhi
Indian Red Cross Society,4.0,117,Non-Profit,Ahmedabad
Ashwini Hospital,3.2,118,Healthcare,Cuttack
Graphura India Private Limited,4.4,117,Marketing & Advertising,Gurugram
JIVAH,3.8,118,Electrical Equipment,Kolkata
ANS Commerce,3.5,117,Internet,Gurugram
Amogha Polymers,3.7,117,Building Material,Coimbatore
Y Equipment Services Pvt Ltd,4.0,117,Building Material,Greater Noida
Tecosim Engineering Services,3.3,117,Industrial Machinery,Bengaluru
Udaan Express,4.3,117,New Delhi +49 other locations,
Oxigen Services,4.4,117,FinTech,Gurugram
Dream India Schools,3.6,117,Education & Training,Lucknow
Shaze Luxury Retail,4.1,117,Retail,Mumbai
Oman Pharmaceutical Products,2.8,118,Pharma,Salalah
Ministry Of Education,3.5,117,Government,New Delhi
Dream India Schools,3.6,117,Education & Training,Lucknow
Galaxy Toyota,3.2,118,Automobile,New Delhi
BMD Private Limited,3.9,117,Engineering & Construction,Banswara
Privi Life Sciences,3.4,117,Agriculture,Mumbai
Oman Pharmaceutical Products,2.8,118,Pharma,Salalah
Shaze Luxury Retail,4.1,117,Retail,Mumbai
Udaan Express,4.3,117,New Delhi +49 other locations,
Tecosim Engineering Services,3.3,117,Industrial Machinery,Bengaluru
Amogha Polymers,3.7,117,Building Material,Coimbatore
Y Equipment Services Pvt Ltd,4.0,117,Building Material,Greater Noida
CISB,3.5,117,Law Enforcement & Security,Mumbai
SWISS PARENTERALS,3.7,117,Pharma,Ahmedabad
Navin Fluorine Advanced Sciences,3.7,117,Bharuch +6 other locations,
Exl Technosolutions,3.7,117,IT Services & Consulting,New Delhi
Hard Rock Cafe,4.3,117,Hospitality,Bengaluru
Model Infra Corporation,3.5,117,Engineering & Construction,Pune
Poddar Tyres,3.8,117,Auto Components,Ludhiana
Bajaj Allianz Staffing Solutions,3.8,117,Recruitment,Pune
Hindusthan Microfinance,3.8,117,NBFC,Mumbai
CLSA,3.1,117,Investment Banking / Venture Capital / Private Equity,Pune
Vibrant Infocom,2.6,117,Other,Kolkata
DP Chocolates,4.2,117,Food Processing,Baddi
We Win,3.1,117,BPO,Lucknow
Statcon Energiaa,4.0,117,Electronics Manufacturing,Noida
Le Marche,3.2,117,Retail,New Delhi
Go-Jek,3.7,117,Financial Services,Bengaluru
Lexmark International,3.9,117,IT Services & Consulting,Kolkata
ANS Commerce,3.5,117,Internet,Gurugram
Driver Logistics,4.1,117,Logistics,Bengaluru
East West Seeds,4.4,117,FMCG,Chhatrapati Sambhajinagar
Maharashtra Feeds,3.1,117,Agriculture,New Delhi
IT Convergence,3.3,117,IT Services & Consulting,Hyderabad
Sureminds Solutions,3.4,117,Recruitment,Hyderabad
Teaching at home,4.4,117,Design,New Delhi
Telecomone Teleservices,4.0,117,Telecom,Bengaluru
Saudi Arabian Airlines,4.0,117,Aviation,Mumbai
Volvo Buses,3.1,117,Automobile,Bengaluru
Information Dynamics,3.6,117,IT Services & Consulting,Chennai
Associated Power Structures,4.3,117,Oil & Gas,Vadodara
Tupperware,3.5,117,Retail,Dehradun
Information Dynamics,3.6,117,IT Services & Consulting,Chennai
Associated Power Structures,4.3,117,Oil & Gas,Vadodara
Volvo Buses,3.1,117,Automobile,Bengaluru
Choksi Laboratories,2.9,117,Pharma,Indore
VST Motors,3.8,117,Automobile,Chennai
Altudo,2.9,117,IT Services & Consulting,Gurugram
Melento,3.7,117,Bengaluru +1 other locations,
Parsvnath Developers,2.5,117,Real Estate,New Delhi
Tolaram Group,4.2,117,FMCG,Lagos
Imark InfoTech,4.2,117,IT Services & Consulting,Chandigarh
Seinumero Nirman,3.2,117,Industrial Machinery,Pune
Affinity Global Advertising,2.8,117,Marketing & Advertising,Mumbai
Tatsuno India,3.4,117,Oil & Gas,Navi Mumbai
Omni Net Technologies,4.0,117,IT Services & Consulting,Lucknow
Life Care Hospital,3.8,117,Healthcare,Mumbai
K & J Project,2.9,117,Engineering & Construction,Nagpur
Smart Software Services(I),4.7,117,Software Product,Pune
Planview,3.1,117,Software Product,Bengaluru
GoldenSource,3.1,117,Financial Services,Mumbai
Bhagyalaxmi Rolling mill,3.6,117,Iron & Steel,Jalna
Tristha Global,4.2,117,IT Services & Consulting,Chennai
ZaranTech,4.7,117,EdTech,Bengaluru
Dynata,4.0,117,Analytics & KPO,Hyderabad
TruckX Technologies,4.2,117,IT Services & Consulting,Pune
Kalki Fashion,3.0,117,Fashion & Textile,Mumbai
Suspa Pneumatics,4.2,117,Automobile,Chennai
Yellow Banana Food Company,3.4,117,Hospitality,Mumbai
Jekson Vision,3.9,117,IT Services & Consulting,Ahmedabad
Knowcraft Analytics,2.8,117,Financial Services,Ahmedabad
Hatch Associates India,3.8,118,Engineering & Construction,Gurugram
SAP Ariba,3.5,118,Software Product,Bengaluru
Kich Architectural Products,3.5,117,Building Material,Rajkot
Husky Injection Molding Systems,4.1,117,Industrial Machinery,Chennai
Sandberg Translation Partners,3.6,117,Chemicals,New Delhi
MarketStar,3.1,117,Marketing & Advertising,Bengaluru
Arora Iron & Steel Rolling Mills,3.8,117,Iron & Steel,Ludhiana
GlowTouch,2.8,117,Mangaluru +5 other locations,
Waah Jobs,4.2,117,Internet,Mumbai
First Quantum Minerals,4.2,116,Metals & Mining,Lusaka
First Data,4.2,116,Mumbai +11 other locations,
Hamad Medical Corporation,4.0,116,Healthcare,Doha
Ujaas Energy,3.5,116,Power,Indore
Maybright Ventures,3.5,116,FinTech,Kolkata
Apac Housing Finance,4.1,116,Financial Services,Mumbai
Tecno Mobile,3.8,116,Consumer Electronics & Appliances,Noida
DNV GL,4.0,116,"Testing, Inspection and Certification (TIC)",Mumbai
Accu Pack Engineering,3.5,116,Engineering & Construction,Mumbai
Bal Bharati Public School,4.3,116,Education & Training,New Delhi
6Sense,3.5,116,Software Product,Bengaluru
Quality Needles,3.6,116,Medical Equipment,Noida
Stanley Engineered Fastening,3.9,116,Industrial Machinery,Chennai
Versa Drives,4.1,116,Electronics Manufacturing,Coimbatore
Arya Iron & Steel Co.,4.3,116,Iron & Steel,Barbil
Borderless Access Panels,3.4,116,Analytics & KPO,Bengaluru
Modern Construction Company,3.5,117,Engineering & Construction,New Delhi
Tricolite Electrical Industries,4.0,116,Electrical Equipment,New Delhi
Eat 'N' Fit Agro Foods,1.8,116,Food Processing,Gurugram
Projects & Development India,4.2,116,Oil & Gas,Noida
Yes Germany,3.3,116,Faridabad +11 other locations,
Skilldzire Technologies,4.4,117,Hyderabad +15 other locations,
Baazi Games,3.5,116,IT Services & Consulting,New Delhi
FinAGG Technologies,3.7,117,FinTech,Noida
The Good Glamm Group,3.1,116,IT Services & Consulting,New Delhi
Strabag,4.1,116,Engineering & Construction,New Delhi
Radiant Polymers,4.1,116,Petrochemicals,Ahmedabad
GGK Technologies,3.8,116,IT Services & Consulting,Hyderabad
Concorde Group,4.2,116,Real Estate,Bengaluru
Optimus Pharma,3.6,116,Pharma,Hyderabad
Citizens Specialty Hospital,4.2,116,Healthcare,Hyderabad
Wago,4.1,116,Semiconductors,Vadodara
CORE EHS,3.6,116,Management Consulting,Surat
Vishal Enterprises,4.3,116,Fashion & Textile,Surat
Archies,3.3,116,Retail,New Delhi
Mojj Engineering Systems,3.7,116,Financial Services,Pune
SHREE AMBA INDUSTRIES,3.7,117,Auto Components,Roorkee
ASBS & Co.,3.1,116,Banking,Mumbai
Shigan Quantum Technologies,3.9,116,Auto Components,Gurugram
Nirvana Solutions,2.9,116,IT Services & Consulting,Gurugram
Wiley,3.9,116,Printing & Publishing,New Delhi
ERGOS,3.2,116,Internet,Bengaluru
Vedanta Power,4.1,116,Power,Bathinda
Euclid Innovations,3.1,116,IT Services & Consulting,Hyderabad
Technocraze Computing Solution,2.7,116,Noida +8 other locations,
Bangalore Baptist Hospital,4.5,116,Healthcare,Bengaluru
Finicity,3.6,116,Financial Services,Mumbai
Mastech Digital,3.5,116,IT Services & Consulting,Noida
Blue Dart Aviation,3.4,116,Aviation,Chennai
Akums Healthcare,3.8,116,Pharma,Haridwar
Raja Software Labs,3.2,116,IT Services & Consulting,Pune
E-connect Solutions,3.1,116,IT Services & Consulting,Udaipur
Avians Innovations Technology,3.7,116,Building Material,Pune
Droisys,3.3,116,IT Services & Consulting,Noida
Relu Consultancy,3.3,116,IT Services & Consulting,Bhopal
Sbm Bank,3.3,116,Financial Services,Mumbai
Madhu Silica,3.7,116,Metals & Mining,Bhavnagar
Outline Systems,3.5,116,IT Services & Consulting,Chandigarh
RG Group,4.2,116,Real Estate,New Delhi
Han River Technology,3.5,116,IT Services & Consulting,Kolkata
iTech India,3.2,116,IT Services & Consulting,Chennai
Criss Financial,3.8,116,Hyderabad +48 other locations,
Kanchan Metals,3.9,116,Industrial Machinery,Greater Noida
Blue Dart Aviation,3.4,116,Aviation,Chennai
Raja Software Labs,3.2,116,IT Services & Consulting,Pune
Nirmiti Precision,3.5,116,Electronics Manufacturing,Nashik
E-connect Solutions,3.1,116,IT Services & Consulting,Udaipur
Avians Innovations Technology,3.7,116,Building Material,Pune
S. K Enterprises,3.6,116,Industrial Machinery,New Delhi
OpsTree Solutions,3.8,116,IT Services & Consulting,Noida
SGD PHARMA,3.4,116,Pharma,Hyderabad
Nickelfox Technologies,2.4,116,IT Services & Consulting,Noida
SONATRACH,3.5,115,Oil & Gas,New Delhi
Oswal Infrastructure,3.6,115,Real Estate,Ahmedabad
Chetana Publications,2.9,115,Printing & Publishing,Mumbai
Aagna Global Solutions,3.7,115,BPO,Chennai
Piscesia Power Transmission,4.5,115,Power,Noida
Swarna Pragati Housing Microfinance,4.1,115,Financial Services,Nagpur
Avant Garde Industries,4.6,115,Industrial Machinery,Mumbai
B.L. Harbert International,3.5,115,Engineering & Construction,New Delhi
Global Talent Track,3.2,115,Education & Training,Pune
Ramani Ice Cream Co.,3.8,115,Food Processing,Bhopal
